"partnerid","AvgClickPer1Min","status"
"8i7uk","1.12","OK"
"8i7ux","1.09","OK"
"8i7va","1.00","OK"
"8i7vb","1.10","OK"
"8i7vf","2.00","OK"
"8i7vp","3.80","OK"
"8i7vq","1.45","OK"
"8i7vz","1.10","OK"
"8i7w2","1.08","OK"
"8i7wb","1.10","OK"
"8i7wi","1.23","OK"
"8i7wr","1.22","OK"
"8i7wv","1.07","OK"
"8i7xd","1.57","Observation"
"8i7yy","1.00","OK"
"8i7z7","1.03","OK"
"8i7zf","1.00","OK"
"8i7zk","1.20","OK"
"8i7zl","1.32","OK"
"8i804","1.17","OK"
"8i806","1.18","OK"
"8i80a","1.14","OK"
"8i80j","1.00","OK"
"8i81d","1.17","OK"
"8i81i","1.00","OK"
"8i828","1.91","OK"
"8i82g","1.00","OK"
"8i82r","1.00","OK"
"8i82x","1.00","OK"
"8i830","1.00","OK"
"8i833","1.02","OK"
"8i83a","1.00","OK"
"8i83y","1.00","OK"
"8i84n","1.00","OK"
"8i84o","1.00","OK"
"8i84w","1.00","OK"
"8i85v","1.04","OK"
"8i86i","1.00","OK"
"8i88w","1.04","OK"
"8i89m","1.33","OK"
"8i8ar","1.00","OK"
"8i8bx","1.01","OK"
"8i8cj","1.00","OK"
"8i8do","1.00","OK"
"8i8e5","1.16","OK"
"8i8e7","1.00","OK"
"8i8ef","1.00","OK"
"8i8en","1.00","OK"
"8i8fk","1.11","OK"
"8i8fm","1.08","Observation"
"8i8fn","1.12","OK"
"8i8fq","1.18","OK"
"8i8ft","1.04","OK"
"8i8g3","1.00","OK"
"8i8go","1.21","Observation"
"8i8gu","1.00","OK"
"8i8gx","1.00","OK"
"8i8gz","1.00","OK"
"8i8h2","1.00","OK"
"8i8h7","1.31","Fraud"
"8i8hw","1.00","OK"
"8i8ih","1.00","OK"
"8i8is","1.08","OK"
"8i8iv","1.11","OK"
"8i8j2","1.02","OK"
"8i8jl","1.00","OK"
"8i8k3","1.00","OK"
"8i8kg","1.00","OK"
"8i8ku","1.00","OK"
"8i8le","1.00","OK"
"8i8lx","1.00","OK"
"8i8m6","1.10","OK"
"8i8mq","1.00","OK"
"8i8mr","1.00","OK"
"8i8n6","1.00","OK"
"8i8no","1.09","OK"
"8i8nq","1.00","OK"
"8i8nr","1.20","OK"
"8i8oh","1.00","OK"
"8i8p1","1.00","OK"
"8i8pz","1.00","OK"
"8i8q4","1.12","OK"
"8i8qk","1.00","OK"
"8i8qn","1.00","OK"
"8i8rs","1.00","OK"
"8i8s9","1.00","OK"
"8i8t2","1.00","OK"
"8i8tt","1.02","Observation"
"8i8tw","1.00","OK"
"8i8u1","1.00","OK"
"8i8u7","1.00","OK"
"8i8u8","1.12","OK"
"8i8ub","1.04","OK"
"8i8ui","1.00","OK"
"8i8wd","1.00","OK"
"8i8xq","1.00","OK"
"8i8ye","1.82","OK"
"8i8yi","1.20","OK"
"8i8yn","1.10","OK"
"8i8yu","1.09","OK"
"8i8z4","1.06","OK"
"8i8zd","1.00","OK"
"8i8ze","1.03","OK"
"8i8zi","1.06","OK"
"8i903","1.07","OK"
"8i90i","1.00","OK"
"8i90k","1.32","Fraud"
"8i90m","1.17","OK"
"8i91i","2.51","OK"
"8i922","3.86","OK"
"8i92t","2.85","OK"
"8i92u","1.00","OK"
"8i930","1.11","Observation"
"8i932","1.00","OK"
"8i936","1.17","OK"
"8i93o","1.00","OK"
"8i93q","1.08","OK"
"8i941","1.03","OK"
"8i949","1.09","OK"
"8i94e","1.00","OK"
"8i94n","1.00","OK"
"8i94y","1.06","OK"
"8i95z","1.01","OK"
"8i969","1.11","OK"
"8i96u","1.01","OK"
"8i96x","1.08","OK"
"8i98h","1.25","OK"
"8i99h","1.00","OK"
"8i9a2","1.00","OK"
"8i9at","1.00","OK"
"8i9aw","1.12","OK"
"8i9b4","1.00","OK"
"8i9bj","1.07","OK"
"8i9bm","1.16","OK"
"8i9bs","1.00","OK"
"8i9bw","1.14","OK"
"8i9bx","1.08","OK"
"8i9cn","1.05","OK"
"8i9co","1.04","OK"
"8i9cr","1.04","OK"
"8i9d0","1.25","OK"
"8i9d1","1.00","OK"
"8i9d5","1.04","OK"
"8i9da","1.19","OK"
"8i9db","1.00","OK"
"8i9dg","1.00","OK"
"8i9dp","1.00","OK"
"8i9dv","1.14","OK"
"8i9e1","1.00","OK"
"8i9e9","1.09","OK"
"8i9ed","1.00","OK"
"8i9eg","1.00","OK"
"8i9eq","1.00","OK"
"8i9f0","1.00","OK"
"8i9fl","1.00","OK"
"8i9fv","1.00","OK"
"8i9g2","1.02","OK"
"8i9gl","1.00","OK"
"8i9h8","1.00","OK"
"8i9hj","1.00","OK"
"8i9hm","1.04","OK"
"8i9hn","1.04","OK"
"8i9ht","1.19","OK"
"8i9hu","1.38","OK"
"8i9hw","1.00","OK"
"8i9hx","1.42","OK"
"8i9hz","1.00","OK"
"8i9i1","1.49","OK"
"8i9i3","1.84","OK"
"8i9i4","1.04","OK"
"8i9i5","1.23","Observation"
"8i9i7","1.04","OK"
"8i9i9","1.12","OK"
"8i9ia","1.36","OK"
"8i9ib","1.00","OK"
"8i9ic","1.12","OK"
"8i9id","1.08","OK"
"8i9ie","1.20","OK"
"8i9ig","1.20","OK"
"8i9ih","1.03","OK"
"8i9ii","1.34","Observation"
"8i9ij","1.36","OK"
"8i9ik","1.20","OK"
"8i9im","1.08","OK"
"8i9in","1.52","OK"
"8i9ip","1.00","OK"
"8i9j4","1.73","OK"
"8i9j6","5.28","Observation"
"8i9jf","1.00","OK"
"8i9jg","1.51","OK"
"8i9ji","1.06","OK"
"8i9jj","2.95","OK"
"8i9jr","1.00","OK"
"8i9kq","1.06","OK"
"8i9ky","1.00","OK"
"8i9nd","1.00","OK"
"8i9ng","1.00","OK"
"8i9np","1.14","OK"
"8i9os","1.00","OK"
"8i9ot","1.00","OK"
"8i9p1","1.00","OK"
"8i9p3","1.00","OK"
"8i9p4","1.00","OK"
"8i9p7","1.00","OK"
"8i9p8","1.00","OK"
"8i9pt","1.00","OK"
"8i9q6","1.00","OK"
"8i9ql","1.94","OK"
"8i9qu","1.11","OK"
"8i9s9","1.09","OK"
"8i9sm","1.00","OK"
"8i9t0","1.00","OK"
"8i9tt","1.00","OK"
"8i9u6","1.00","OK"
"8i9vn","1.19","OK"
"8i9ws","1.19","Fraud"
"8i9xb","1.00","OK"
"8i9z5","1.02","OK"
"8i9z6","1.14","OK"
"8i9z7","1.00","OK"
"8i9zb","1.02","OK"
"8i9zp","1.15","OK"
"8i9zy","1.00","OK"
"8ia0j","1.08","OK"
"8ia0n","1.00","OK"
"8ia11","1.04","OK"
"8ia16","1.03","OK"
"8ia19","1.00","OK"
"8ia1e","1.00","OK"
"8ia25","1.00","OK"
"8ia51","1.22","OK"
"8ia54","1.00","OK"
"8ia62","1.00","OK"
"8ia6z","1.00","OK"
"8ia7h","1.05","OK"
"8ia7p","1.00","OK"
"8ia7z","1.00","OK"
"8ia80","1.32","OK"
"8ia8k","1.00","OK"
"8ia8u","1.01","OK"
"8ia99","1.00","OK"
"8ia9b","1.05","OK"
"8ia9d","1.00","OK"
"8ia9m","1.04","OK"
"8ia9n","1.00","OK"
"8iaa6","1.00","OK"
"8iaar","1.05","OK"
"8iaay","1.05","OK"
"8iaaz","1.06","OK"
"8iab9","1.02","OK"
"8iabd","1.02","OK"
"8iabk","1.33","OK"
"8iabp","1.06","OK"
"8iac5","1.00","OK"
"8iac6","1.08","OK"
"8iact","1.10","OK"
"8iadk","1.05","OK"
"8iadn","1.00","OK"
"8iadr","3.58","Observation"
"8iadt","1.32","OK"
"8iae2","1.00","OK"
"8iae4","1.00","OK"
"8iaeq","1.00","OK"
"8iafg","1.04","OK"
"8iafi","1.09","OK"
"8iagk","1.12","OK"
"8iagn","1.00","OK"
"8iagp","1.27","OK"
"8iagv","1.06","OK"
"8iah0","1.07","OK"
"8iaim","1.00","OK"
"8iaj2","1.05","OK"
"8iajv","1.00","OK"
"8iak0","1.04","OK"
"8iaks","1.00","OK"
"8ial7","1.00","OK"
"8ialk","2.00","OK"
"8ialy","1.10","OK"
"8iam0","1.00","OK"
"8iam4","1.00","OK"
"8iamd","3.26","Observation"
"8iaml","1.00","OK"
"8iaob","1.00","OK"
"8iaps","1.00","OK"
"8iaqk","1.00","OK"
"8iaqp","1.04","OK"
"8iaqy","1.00","OK"
"8iar6","1.00","OK"
"8iark","1.00","OK"
"8iaru","1.09","OK"
"8iasq","1.08","OK"
"8iasz","1.22","Observation"
"8iata","1.07","OK"
"8iatv","1.14","OK"
"8iau4","1.00","OK"
"8iau5","1.00","OK"
"8iau7","1.00","OK"
"8iauu","2.89","OK"
"8iavq","1.92","OK"
"8iavx","1.18","OK"
"8iawe","1.00","OK"
"8iawh","1.04","OK"
"8iaxa","1.00","OK"
"8iaxj","9.28","Fraud"
"8iayy","1.00","OK"
"8iazm","1.11","OK"
"8ib0l","1.08","OK"
"8ib0m","1.00","OK"
"8ib12","1.05","OK"
"8ib14","1.20","OK"
"8ib16","1.07","OK"
"8ib1i","1.00","OK"
"8ib1j","1.00","OK"
"8ib1t","1.00","OK"
"8ib1v","1.00","OK"
"8ib1x","1.00","OK"
"8ib25","1.00","OK"
"8ib26","1.00","OK"
"8ib2d","1.00","OK"
"8ib2w","1.10","OK"
"8ib34","1.00","OK"
"8ib46","1.00","OK"
"8ib4v","1.00","OK"
"8ib4y","1.00","OK"
"8ib4z","1.10","OK"
"8ib56","1.38","OK"
"8ib5i","1.31","OK"
"8ib63","1.00","OK"
"8ib6f","1.00","OK"
"8ib6i","1.00","OK"
"8ib6x","1.09","OK"
"8ib7h","1.10","OK"
"8ib7i","1.00","OK"
"8ib9m","1.00","OK"
"8ib9o","1.50","OK"
"8ib9v","1.00","OK"
"8ibah","1.29","OK"
"8ibam","1.00","OK"
"8ibay","1.00","OK"
"8ibbr","1.04","OK"
"8ibbv","1.00","OK"
"8ibcb","1.00","OK"
"8ibcv","1.01","OK"
"8ibdg","1.05","OK"
"8ibdl","1.11","OK"
"8ibdm","1.50","OK"
"8iber","1.00","OK"
"8ibf5","1.00","OK"
"8ibfa","1.00","OK"
"8ibg2","1.05","OK"
"8ibg6","1.00","OK"
"8ibgj","1.00","OK"
"8ibgo","1.00","OK"
"8ibgx","1.00","OK"
"8ibhn","1.00","OK"
"8ibid","1.00","OK"
"8ibiw","1.13","OK"
"8ibjf","1.05","OK"
"8ibjo","1.04","OK"
"8ibke","1.00","OK"
"8ibkr","1.40","Fraud"
"8ibl1","1.00","OK"
"8ibmd","1.00","OK"
"8ibmq","1.00","OK"
"8ibmx","1.00","OK"
"8ibn2","1.00","OK"
"8ibnz","2.00","OK"
"8ibo7","1.00","OK"
"8ibop","1.00","OK"
"8ibp0","1.12","OK"
"8ibp7","1.00","OK"
"8ibp9","1.29","OK"
"8ibpi","1.00","OK"
"8ibr7","1.00","OK"
"8ibt9","1.00","OK"
"8ibtd","1.00","OK"
"8ibub","1.00","OK"
"8ibug","1.11","OK"
"8ibum","1.11","OK"
"8ibup","1.12","OK"
"8ibv4","1.41","OK"
"8ibw8","1.19","OK"
"8ibxb","1.03","OK"
"8ic07","1.04","OK"
"8ic0m","1.20","OK"
"8ic0y","1.04","OK"
"8ic1s","1.00","OK"
"8ic1t","1.02","OK"
"8ic1x","1.00","OK"
"8ic26","1.15","OK"
"8ic2e","1.00","OK"
"8ic2q","1.00","OK"
"8ic3a","1.00","OK"
"8ic3g","1.00","OK"
"8ic3o","1.02","OK"
"8ic3r","1.00","OK"
"8ic3w","1.00","OK"
"8ic46","1.03","OK"
"8ic4i","1.08","OK"
"8ic4v","1.16","OK"
"8ic50","1.00","OK"
"8ic51","1.00","OK"
"8ic55","1.00","OK"
"8ic56","1.51","OK"
"8ic59","1.00","OK"
"8ic5b","1.00","OK"
"8ic6b","1.03","OK"
"8ic6d","1.00","OK"
"8ic6r","1.00","OK"
"8ic78","1.00","OK"
"8ic7z","1.00","OK"
"8ic8g","1.00","OK"
"8ic9a","1.00","OK"
"8ic9l","1.04","OK"
"8ic9r","1.00","OK"
"8ica0","2.00","OK"
"8icam","1.00","OK"
"8icaw","1.00","OK"
"8icb3","1.00","OK"
"8icb9","1.00","OK"
"8icbb","1.04","OK"
"8iccd","1.03","OK"
"8iccn","1.01","OK"
"8icdb","1.10","OK"
"8icdj","1.00","OK"
"8ice8","1.15","OK"
"8icee","1.08","OK"
"8icef","1.04","OK"
"8icfc","1.00","OK"
"8icfe","3.51","Observation"
"8icff","1.38","Observation"
"8icfm","1.00","OK"
"8icgh","1.00","OK"
"8ich8","1.00","OK"
"8ichd","1.08","OK"
"8ichj","1.00","OK"
"8ichk","1.12","OK"
"8ichs","1.00","OK"
"8ichw","1.00","OK"
"8icia","1.09","OK"
"8icim","1.00","OK"
"8icin","1.49","OK"
"8icix","1.00","OK"
"8icoz","1.00","OK"
"8icp7","1.10","OK"
"8icq7","1.13","OK"
"8ictc","1.00","OK"
"8ictf","1.00","OK"
"8ictz","1.08","OK"
"8icu9","1.08","OK"
"8icuy","1.02","OK"
"8icv3","1.00","OK"
"8icvc","1.30","OK"
"8icwe","1.00","OK"
"8icx6","1.00","OK"
"8icxc","1.00","OK"
"8icxd","1.00","OK"
"8icxf","1.33","OK"
"8icxl","1.03","OK"
"8icyy","1.00","OK"
"8icz2","1.09","OK"
"8iczh","1.12","Fraud"
"8id02","1.27","OK"
"8id03","1.08","OK"
"8id0y","1.00","OK"
"8id0z","1.02","OK"
"8id1a","1.13","OK"
"8id2f","1.00","OK"
"8id2s","1.00","OK"
"8id2w","1.00","OK"
"8id2z","1.00","OK"
"8id56","1.00","OK"
"8id57","1.11","OK"
"8id5b","1.00","OK"
"8id5p","1.12","Fraud"
"8id6y","1.20","OK"
"8id6z","1.06","OK"
"8id7o","1.02","OK"
"8id7z","1.00","OK"
"8id89","1.00","OK"
"8id8z","1.00","OK"
"8id9y","1.03","OK"
"8ida1","1.29","OK"
"8idam","1.00","OK"
"8idbx","1.00","OK"
"8idc4","1.00","OK"
"8iddj","1.54","OK"
"8iddv","1.00","OK"
"8iddw","1.00","OK"
"8ide1","1.00","OK"
"8ide5","1.00","OK"
"8idem","1.00","OK"
"8idf6","1.00","OK"
"8idfl","1.00","OK"
"8idg8","2.00","OK"
"8idgb","1.00","OK"
"8idh3","1.00","OK"
"8idhm","1.11","Fraud"
"8idhn","1.05","OK"
"8idhp","1.15","OK"
"8idhs","1.00","OK"
"8idht","1.00","OK"
"8idhw","2.00","OK"
"8idi0","1.00","OK"
"8idi1","1.14","OK"
"8idi4","1.00","OK"
"8idi5","1.00","OK"
"8idi7","1.06","OK"
"8idib","1.00","OK"
"8idit","1.12","Fraud"
"8idmr","1.00","OK"
"8idn9","1.11","OK"
"8idnv","1.00","OK"
"8idny","1.00","OK"
"8ido2","1.03","OK"
"8idoa","1.23","OK"
"8idob","1.50","OK"
"8idoc","1.25","OK"
"8idou","1.09","OK"
"8idp1","2.00","OK"
"8idp3","1.00","OK"
"8ie57","1.00","OK"
"8ie5k","2.00","OK"
"8ie7p","1.00","OK"
"8ie82","1.33","OK"
"8ie98","1.75","OK"
"8ie9s","1.00","OK"
"8iea1","1.20","OK"
"8ieaq","1.10","OK"
"8ieaz","1.39","OK"
"8ieb4","1.00","OK"
"8iebt","1.00","OK"
"8iebx","1.00","OK"
"8ief6","1.00","OK"
"8iefb","1.07","OK"
"8iefl","1.07","OK"
"8iefo","1.00","OK"
"8iefs","1.00","OK"
"8ieg2","1.01","OK"
"8iegi","1.00","OK"
"8ieh3","1.00","OK"
"8iehk","1.00","OK"
"8ieht","8.21","Observation"
"8iejt","1.00","OK"
"8iel9","1.09","OK"
"8ielc","1.00","OK"
"8iem5","1.14","Fraud"
"8iemj","1.00","OK"
"8ien9","1.00","OK"
"8ieo7","1.00","OK"
"8ieol","1.00","OK"
"8ieqn","1.00","OK"
"8iequ","1.00","OK"
"8ies6","1.10","OK"
"8ies8","1.04","OK"
"8ieso","1.00","OK"
"8iet9","3.05","OK"
"8ietw","1.00","OK"
"8ieuh","1.00","OK"
"8iev9","1.00","OK"
"8ievj","1.00","OK"
"8ievt","1.10","OK"
"8ievz","2.28","Fraud"
"8iex1","1.63","OK"
"8iex9","1.38","OK"
"8iexi","1.00","OK"
"8iext","1.00","OK"
"8if13","1.22","OK"
"8if2b","1.00","OK"
"8if3m","1.04","OK"
"8if4w","1.00","OK"
"8if5c","1.00","OK"
"8if5p","1.04","OK"
"8if6n","1.00","OK"
"8if7b","1.00","OK"
"8if9o","3.84","Fraud"
"8ifa1","9.78","Observation"
"8ifan","1.03","OK"
"8ifcw","1.26","Fraud"
"8ifem","1.00","OK"
"8iff5","1.25","OK"
"8iff6","1.00","OK"
"8iffk","1.09","OK"
"8ifg0","1.00","OK"
"8ifg9","1.00","OK"
"8ifgn","1.00","OK"
"8ifik","1.05","OK"
"8ifm5","1.00","OK"
"8ifma","1.04","OK"
"8ifmk","1.00","OK"
"8ifna","1.00","OK"
"8ifnd","1.00","OK"
"8ifog","1.09","OK"
"8ifov","1.00","OK"
"8ifqc","1.03","OK"
"8ifqi","1.41","Fraud"
"8ifqk","2.16","OK"
"8ifvn","1.00","OK"
"8ifwd","1.00","OK"
"8ifzw","1.00","OK"
"8ig0z","1.00","OK"
"8ig13","1.03","OK"
"8ig4x","1.00","OK"
"8ig5c","1.00","OK"
"8ig76","1.06","OK"
"8ig8i","1.13","OK"
"8igb7","1.00","OK"
"8igbs","1.00","OK"
"8igbt","1.00","OK"
"8igbu","1.00","OK"
"8igc1","1.09","OK"
"8igcb","1.00","OK"
"8igdb","1.00","OK"
"8igdp","1.00","OK"
"8igem","1.10","OK"
"8igew","1.00","OK"
"8igfs","1.06","OK"
"8igh8","1.00","OK"
"8igih","1.00","OK"
"8igj2","1.02","OK"
"8igji","1.00","OK"
"8igkk","1.00","OK"
"8igkp","1.00","OK"
"8igl1","1.05","OK"
"8igl7","1.25","OK"
"8iglk","2.20","OK"
"8igm1","1.00","OK"
"8igm8","1.18","OK"
"8igmr","1.33","OK"
"8ign1","1.00","OK"
"8ignc","1.00","OK"
"8igne","1.00","OK"
"8igo3","1.27","OK"
"8igo7","1.12","OK"
"8igox","1.00","OK"
"8igpd","2.00","OK"
"8igpr","1.00","OK"
"8igql","1.08","OK"
"8igqx","1.00","OK"
"8igr1","1.00","OK"
"8igsh","1.00","OK"
"8igsi","1.00","OK"
"8igts","1.00","OK"
"8igv1","1.10","OK"
"8igvd","1.00","OK"
"8igy3","1.06","OK"
"8igyy","1.25","Observation"
"8igz8","1.19","OK"
"8igzo","1.00","OK"
"8igzs","1.00","OK"
"8igzy","1.00","OK"
"8igzz","1.00","OK"
"8ih09","1.19","Fraud"
"8ih1h","1.29","OK"
"8ih1j","1.00","OK"
"8ih20","1.00","OK"
"8ih2n","1.03","OK"
"8ih3o","1.00","OK"
"8ih4k","1.00","OK"
"8ih6i","1.00","OK"
"8iha2","1.18","Observation"
"8ihab","1.00","OK"
"8ihac","1.00","OK"
"8ihaj","1.00","OK"
"8ihba","1.16","Observation"
"8ihbr","1.00","OK"
"8ihbx","2.06","OK"
"8ihc4","1.22","OK"
"8ihcj","1.00","OK"
"8ihck","1.00","OK"
"8ihcm","1.00","OK"
"8ihct","1.00","OK"
"8ihcu","1.00","OK"
"8ihd5","1.00","OK"
"8ihdv","1.07","OK"
"8ihe5","1.10","OK"
"8ihhk","1.00","OK"
"8ihij","1.00","OK"
"8ihik","1.02","OK"
"8ihk7","1.47","Observation"
"8ihkj","1.00","OK"
"8ihkt","1.04","OK"
"8ihl1","1.00","Fraud"
"8ihl9","1.05","OK"
"8ihlr","1.04","OK"
"8ihn7","1.00","OK"
"8ihna","1.05","OK"
"8ihnk","1.00","OK"
"8ihot","1.00","OK"
"8ihpi","18.00","OK"
"8ihqx","1.07","OK"
"8ihrz","1.00","OK"
"8ihs5","1.00","OK"
"8ihsd","1.12","OK"
"8ihsp","1.07","OK"
"8ihth","1.00","OK"
"8ihtk","1.00","OK"
"8ihtv","1.07","OK"
"8ihue","1.00","OK"
"8ihuk","1.00","OK"
"8ihup","1.08","OK"
"8ihuv","1.00","OK"
"8ihuy","1.00","OK"
"8ihv1","1.08","OK"
"8ihvb","1.00","OK"
"8ihwi","1.00","OK"
"8ihwm","1.00","OK"
"8ihxc","1.00","OK"
"8ihxl","1.00","OK"
"8ihxp","1.00","OK"
"8ihxy","1.00","OK"
"8ihy6","1.00","OK"
"8ihyb","1.00","OK"
"8ihyi","1.00","OK"
"8ihz5","1.00","OK"
"8ihzv","1.00","OK"
"8ihzw","1.00","OK"
"8ihzy","1.36","OK"
"8ii07","1.00","OK"
"8ii0g","1.08","OK"
"8ii0i","1.07","OK"
"8ii0k","2.12","OK"
"8ii11","1.50","OK"
"8ii14","1.06","OK"
"8ii1p","1.00","OK"
"8ii1r","1.12","OK"
"8ii26","1.13","OK"
"8ii2b","1.12","OK"
"8ii2l","1.00","OK"
"8ii2n","1.00","OK"
"8ii3a","1.11","OK"
"8ii4l","1.17","OK"
"8ii4n","1.00","OK"
"8ii4y","1.00","OK"
"8ii58","1.02","OK"
"8ii5a","1.00","OK"
"8ii5u","1.00","OK"
"8ii6o","1.13","OK"
"8ii7u","1.13","OK"
"8ii9a","1.05","OK"
"8iiai","1.00","OK"
"8iiby","1.00","OK"
"8iic8","2.00","OK"
"8iicn","1.00","OK"
"8iid3","1.17","OK"
"8iid4","7.02","Fraud"
"8iidh","1.06","OK"
"8iidk","1.39","OK"
"8iidm","1.36","OK"
"8iidn","1.48","OK"
"8iidr","1.52","OK"
"8iie9","1.00","OK"
"8iieo","1.00","OK"
"8iig5","1.28","OK"
"8iigf","2.00","OK"
"8iigk","1.00","OK"
"8iigl","1.38","OK"
"8iigz","1.00","OK"
"8iih9","1.13","OK"
"8iiii","1.00","OK"
"8iiiv","1.00","OK"
"8iij1","1.00","OK"
"8iijd","1.00","OK"
"8iijk","1.03","OK"
"8iijt","1.29","OK"
"8iik1","1.51","OK"
"8iilm","1.00","OK"
"8iim7","1.00","OK"
"8iimi","1.00","OK"
"8iina","1.27","OK"
"8iinm","1.00","OK"
"8iiov","1.00","OK"
"8iiq8","1.00","OK"
"8iiqq","1.00","OK"
"8iir0","1.11","OK"
"8iird","1.00","OK"
"8iitn","1.00","OK"
"8iitu","1.07","OK"
"8iitv","1.27","OK"
"8iivd","1.06","OK"
"8iivr","1.04","OK"
"8iiwo","1.00","OK"
"8iix3","1.00","OK"
"8iixo","1.02","OK"
"8iixv","1.00","OK"
"8iixy","1.00","OK"
"8iixz","1.25","OK"
"8iiy4","1.10","OK"
"8iiyk","1.08","OK"
"8ij00","1.00","OK"
"8ij02","1.06","OK"
"8ij0g","2.63","OK"
"8ij0y","1.24","OK"
"8ij1v","1.00","OK"
"8ij22","1.05","OK"
"8ij28","1.00","OK"
"8ij2q","1.05","OK"
"8ij2z","1.03","OK"
"8ij34","1.00","OK"
"8ij3p","1.00","OK"
"8ij42","1.14","OK"
"8ij4e","1.25","OK"
"8ij4s","1.00","OK"
"8ij4w","1.00","OK"
"8ij4y","1.06","OK"
"8ij4z","1.00","OK"
"8ij59","1.16","OK"
"8ij5w","2.18","OK"
"8ij62","1.00","OK"
"8ij63","1.09","OK"
"8ij6x","1.00","OK"
"8ij77","1.00","OK"
"8ij7g","1.00","OK"
"8ij8t","1.00","OK"
"8ij92","1.18","OK"
"8ij9m","1.08","OK"
"8ijat","1.21","OK"
"8ijb4","1.00","OK"
"8ijb7","1.00","OK"
"8ijb8","2.15","OK"
"8ijba","2.00","OK"
"8ijbf","1.70","OK"
"8ijcm","1.12","OK"
"8ijd3","1.05","OK"
"8ijdf","1.00","OK"
"8ije6","1.00","OK"
"8ijed","1.00","OK"
"8ijei","1.06","OK"
"8ijeq","1.00","OK"
"8ijf6","1.00","OK"
"8ijfb","1.07","OK"
"8ijfd","1.10","OK"
"8ijfl","1.00","OK"
"8ijgn","1.00","OK"
"8ijj1","1.00","OK"
"8ijjb","1.00","OK"
"8ijlc","1.00","OK"
"8ijmb","1.00","OK"
"8ijod","1.02","OK"
"8ijq9","1.00","OK"
"8ijql","1.25","Observation"
"8ijqm","1.00","OK"
"8ijqn","1.00","OK"
"8ijqw","1.17","OK"
"8ijro","1.03","OK"
"8ijs4","1.00","OK"
"8ijsn","1.00","OK"
"8ijsu","1.00","OK"
"8ijtd","1.00","OK"
"8ijub","1.00","OK"
"8ijva","1.00","OK"
"8ijw3","1.05","OK"
"8ijwf","1.00","OK"
"8ijx4","1.11","OK"
"8ijy9","1.05","OK"
"8ijyd","1.09","OK"
"8ijzd","1.23","Observation"
"8ijze","1.05","OK"
"8ijzf","1.00","OK"
"8ijzi","1.79","OK"
"8ijzj","1.16","Fraud"
"8ijzx","2.16","OK"
"8ik0f","1.00","OK"
"8ik0g","1.00","OK"
"8ik0y","2.67","OK"
"8ik15","1.00","OK"
"8ik16","1.00","OK"
"8ik1o","1.00","OK"
"8ik1t","1.00","OK"
"8ik2b","1.08","OK"
"8ik2u","1.00","OK"
"8ik4w","1.00","OK"
"8ik58","2.48","OK"
"8ik59","1.05","OK"
"8ik67","1.00","OK"
"8ik6c","1.00","OK"
"8ik6x","1.00","OK"
"8ik7d","1.04","OK"
"8ik7m","1.00","OK"
"8ik7q","1.00","OK"
"8ik9c","1.17","OK"
"8ik9l","1.00","OK"
"8ik9s","1.00","OK"
"8ik9t","1.05","OK"
"8ika3","1.00","OK"
"8ikah","1.30","OK"
"8ikap","1.00","OK"
"8ikaq","1.00","OK"
"8ikb5","1.09","OK"
"8ikba","1.00","OK"
"8ikc8","1.00","OK"
"8ikdj","1.05","OK"
"8ikdw","1.00","OK"
"8ike2","1.00","OK"
"8ikf1","1.00","OK"
"8ikfo","4.00","OK"
"8ikg6","1.00","OK"
"8ikg9","1.00","OK"
"8iki8","1.00","OK"
"8ikip","1.11","OK"
"8ikjp","1.08","OK"
"8iklg","1.00","OK"
"8ikm9","1.09","OK"
"8ikme","1.06","OK"
"8ikmz","1.00","OK"
"8ikn6","1.05","OK"
"8ikna","1.64","OK"
"8ikou","1.03","OK"
"8ikpq","1.07","Observation"
"8ikr4","1.09","OK"
"8iks0","1.00","OK"
"8ikt9","10.30","Fraud"
"8ikuf","1.00","OK"
"8ikvr","1.11","OK"
"8ikyc","1.00","OK"
"8ikzq","1.11","OK"
"8il0o","2.53","Fraud"
"8il17","1.00","OK"
"8il1w","1.26","OK"
"8il22","1.00","OK"
"8il2j","1.00","OK"
"8il2x","1.15","OK"
"8il3g","1.06","OK"
"8il3o","1.00","OK"
"8il3v","1.08","OK"
"8il4c","1.05","OK"
"8il4n","1.07","OK"
"8il4r","1.00","OK"
"8il6b","1.26","OK"
"8il79","1.07","OK"
"8il7m","1.00","OK"
"8il8k","1.14","OK"
"8ilbu","1.01","OK"
"8ilbx","12.42","OK"
"8ilc9","1.00","OK"
"8ildb","1.00","OK"
"8ildi","1.96","OK"
"8ildn","1.00","OK"
"8ilee","1.00","OK"
"8ilel","1.00","OK"
"8ilf9","1.02","OK"
"8ilff","1.00","OK"
"8ilfu","1.14","OK"
"8ilh8","1.00","OK"
"8ili5","1.02","OK"
"8iljx","1.76","OK"
"8iljy","1.03","OK"
"8ill4","1.20","OK"
"8ilm3","1.00","OK"
"8ilm4","1.00","OK"
"8ilma","1.00","OK"
"8ilmh","1.50","OK"
"8ilnq","1.00","OK"
"8ilnu","1.05","OK"
"8iloh","1.00","OK"
"8ilok","1.71","Observation"
"8ilp2","1.00","OK"
"8ilqt","1.49","OK"
"8ils4","1.00","OK"
"8ils9","1.43","Observation"
"8ilu4","1.00","OK"
"8iluh","1.00","OK"
"8iluo","1.00","OK"
"8iluy","1.40","Observation"
"8ilyg","1.00","OK"
"8ilzp","1.07","OK"
"8ilzu","1.00","OK"
"8im0u","1.13","OK"
"8im11","1.00","OK"
"8im12","1.00","OK"
"8im1a","1.00","OK"
"8im1j","1.00","OK"
"8im29","1.00","OK"
"8im41","1.03","OK"
"8im4f","1.08","OK"
"8im4k","1.00","OK"
"8im4l","1.00","OK"
"8im50","1.00","OK"
"8im59","1.66","OK"
"8im6c","1.00","OK"
"8im6t","1.59","OK"
"8im78","1.02","OK"
"8im90","1.00","OK"
"8im9a","1.81","OK"
"8imbb","1.00","OK"
"8imcs","1.09","OK"
"8imd2","11.98","OK"
"8imdp","1.00","OK"
"8imdt","1.00","OK"
"8ime3","1.05","OK"
"8ime7","1.04","OK"
"8imef","1.50","OK"
"8imfu","1.00","OK"
"8img5","1.00","OK"
"8imgt","1.54","OK"
"8imh7","1.00","OK"
"8imho","1.00","OK"
"8imhp","1.00","OK"
"8imhz","1.00","OK"
"8imi0","1.33","OK"
"8imib","1.12","OK"
"8imik","1.00","OK"
"8imk8","3.13","Observation"
"8imkc","1.08","Observation"
"8imkd","1.04","OK"
"8imko","1.00","OK"
"8immj","5.41","OK"
"8immk","1.01","OK"
"8immq","1.00","OK"
"8immu","1.00","OK"
"8imna","1.12","OK"
"8imob","1.17","OK"
"8impo","1.06","OK"
"8imqe","1.22","OK"
"8imqn","1.00","OK"
"8imrg","1.43","OK"
"8imrr","1.09","OK"
"8ims6","1.11","Fraud"
"8imt7","1.00","OK"
"8imtk","1.00","OK"
"8imtz","1.00","OK"
"8imu3","1.00","OK"
"8imv2","1.14","OK"
"8imvn","2.14","OK"
"8imvu","1.00","OK"
"8imw6","1.00","OK"
"8imwm","1.01","OK"
"8imwn","1.02","OK"
"8imwx","1.50","OK"
"8imxk","1.00","OK"
"8imxz","1.07","OK"
"8imy8","1.00","OK"
"8imyq","1.00","OK"
"8imyz","1.33","OK"
"8imz2","1.00","OK"
"8imza","1.00","OK"
"8imzd","1.45","OK"
"8imze","1.09","OK"
"8imzr","1.04","OK"
"8imzv","1.03","OK"
"8in00","1.00","OK"
"8in07","1.50","OK"
"8in0d","3.73","OK"
"8in0q","1.00","OK"
"8in1c","1.00","OK"
"8in1d","1.55","OK"
"8in1s","2.33","OK"
"8in1t","1.37","OK"
"8in1y","1.00","OK"
"8in20","1.00","OK"
"8in2d","1.00","OK"
"8in2g","1.00","OK"
"8in34","1.10","OK"
"8in35","1.15","OK"
"8in36","1.00","OK"
"8in3c","1.40","OK"
"8in41","1.00","OK"
"8in43","1.00","OK"
"8in49","1.00","OK"
"8in4e","1.00","OK"
"8in66","1.03","OK"
"8in69","7.22","OK"
"8in6a","5.72","OK"
"8in7f","1.07","OK"
"8in80","1.00","OK"
"8in8e","1.13","Fraud"
"8in8l","1.00","OK"
"8in8z","1.00","OK"
"8in9f","1.00","OK"
"8in9m","1.00","OK"
"8ina8","1.00","OK"
"8inag","1.29","OK"
"8inat","1.00","OK"
"8inay","4.94","OK"
"8inbg","1.00","OK"
"8inca","1.00","OK"
"8incg","1.00","OK"
"8inch","1.00","OK"
"8inck","1.08","OK"
"8ind9","1.00","OK"
"8indc","1.03","OK"
"8inei","1.09","OK"
"8inf7","1.03","OK"
"8ingg","1.08","OK"
"8ings","1.03","OK"
"8inhr","1.36","OK"
"8ini4","1.17","OK"
"8ini5","1.00","OK"
"8inig","1.05","OK"
"8inil","1.02","OK"
"8injc","1.09","OK"
"8injo","2.00","OK"
"8inkd","1.13","OK"
"8inld","1.00","OK"
"8inn7","1.10","OK"
"8ino6","1.43","OK"
"8inp3","1.00","OK"
"8inrc","1.07","OK"
"8ins1","1.05","OK"
"8insm","1.00","OK"
"8insr","1.50","OK"
"8intf","1.04","OK"
"8inu8","1.14","OK"
"8inum","1.06","OK"
"8invg","1.00","OK"
"8inwd","1.04","OK"
"8inwo","1.09","OK"
"8inwq","1.06","OK"
"8inwx","1.00","OK"
"8inz6","1.05","OK"
"8inz8","1.08","OK"
"8io28","1.00","OK"
"8io3k","1.00","OK"
"8io3v","2.00","OK"
"8io4k","1.00","OK"
"8io4t","1.00","OK"
"8io5j","1.25","OK"
"8io5s","1.37","OK"
"8io79","1.00","OK"
"8io7a","1.00","OK"
"8io8s","1.07","OK"
"8io95","1.04","OK"
"8io9t","1.00","OK"
"8ioac","1.00","OK"
"8ioad","1.11","Observation"
"8ioaf","1.05","OK"
"8iob1","1.17","OK"
"8ioby","1.00","OK"
"8iofb","1.20","OK"
"8iohm","1.00","OK"
"8ioj0","1.00","OK"
"8iok5","1.00","OK"
"8iokr","1.00","OK"
"8ioml","1.00","OK"
"8iomw","1.00","OK"
"8ionb","1.00","OK"
"8ionh","1.00","OK"
"8ionj","1.00","OK"
"8ioo5","1.00","OK"
"8ioo7","1.00","OK"
"8ioov","1.00","OK"
"8ioqe","1.19","OK"
"8ior0","1.00","OK"
"8iory","1.00","OK"
"8iosv","1.48","OK"
"8iot1","1.12","OK"
"8iott","1.00","OK"
"8iou1","1.00","OK"
"8iou5","1.00","OK"
"8iou8","1.05","OK"
"8ioui","1.00","OK"
"8ioul","1.00","OK"
"8iow5","1.00","OK"
"8iowu","1.06","OK"
"8ioyh","1.00","OK"
"8ioyz","1.00","OK"
"8iozi","1.05","OK"
"8ip10","1.50","OK"
"8ip1i","1.00","OK"
"8ip1v","1.17","OK"
"8ip45","2.85","OK"
"8ip46","1.00","OK"
"8ip4d","3.69","OK"
"8ip5p","1.29","OK"
"8ip5q","1.06","OK"
"8ip65","1.00","OK"
"8ip71","1.20","Observation"
"8ip85","1.00","OK"
"8ip8o","1.00","OK"
"8ipat","1.00","OK"
"8ipcr","1.00","OK"
"8ipdk","1.00","OK"
"8ipdp","1.00","OK"
"8ipdr","1.00","OK"
"8ipeq","1.00","OK"
"8ipg0","1.00","OK"
"8ipg1","1.00","OK"
"8ipgq","1.00","OK"
"8ipgz","1.00","OK"
"8iph1","1.00","OK"
"8ipif","1.00","OK"
"8ipiu","1.00","OK"
"8ipks","1.00","OK"
"8ipls","1.18","OK"
"8ipm4","1.07","OK"
"8ipn0","1.00","OK"
"8ipoi","1.00","OK"
"8ipoo","1.14","OK"
"8ippe","1.00","OK"
"8ippl","1.00","OK"
"8ipr3","1.05","OK"
"8iprx","1.00","OK"
"8ipxe","1.04","OK"
"8ipxf","1.50","OK"
"8iq0e","1.19","OK"
"8iq0h","1.00","OK"
"8iq0l","1.07","OK"
"8iq0m","1.50","OK"
"8iq0q","1.00","OK"
"8iq0r","1.20","OK"
"8iq11","1.00","OK"
"8iq1n","1.00","OK"
"8iq1z","1.11","Observation"
"8iq22","1.04","OK"
"8iq3b","1.06","OK"
"8iq4r","1.16","OK"
"8iq53","2.29","OK"
"8iq7l","1.00","OK"
"8iq7q","1.06","OK"
"8iq85","1.00","OK"
"8iqbs","1.00","OK"
"8iqd8","1.00","OK"
"8iqde","1.00","OK"
"8iqe6","1.00","OK"
"8iqec","1.00","OK"
"8iqee","1.00","OK"
"8iqez","1.00","OK"
"8iqfg","1.00","OK"
"8iqhl","1.00","OK"
"8iqip","1.00","OK"
"8iqjj","1.00","OK"
"8iqk3","1.00","OK"
"8iqks","1.00","OK"
"8iqni","1.00","OK"
"8iqnn","1.40","OK"
"8iqnv","2.36","OK"
"8iqp5","1.00","OK"
"8iqqe","1.00","OK"
"8iqr5","1.00","OK"
"8iqsf","1.00","OK"
"8iqsw","1.00","OK"
"8iqtd","1.00","OK"
"8iqth","2.42","OK"
"8iqu0","1.00","OK"
"8iqu4","1.00","OK"
"8iqu5","1.00","OK"
"8iqua","1.00","OK"
"8iqug","1.17","OK"
"8iqur","1.00","OK"
"8iquu","1.00","OK"
"8iqvd","1.00","OK"
"8iqvi","1.69","OK"
"8iqvo","1.00","OK"
"8iqvp","1.17","OK"
"8iqvs","1.00","OK"
"8iqw0","1.00","OK"
"8iqw1","1.05","OK"
"8iqw2","1.00","OK"
"8iqw6","1.04","OK"
"8iqw8","1.00","OK"
"8iqw9","1.00","OK"
"8iqwa","1.00","OK"
"8iqwb","1.00","OK"
"8iqwc","1.07","OK"
"8iqwe","1.00","OK"
"8iqwf","1.00","OK"
"8iqwy","1.00","OK"
"8iqx9","1.09","OK"
"8iqxa","1.00","OK"
"8iqxb","1.00","OK"
"8iqxi","1.00","OK"
"8iqym","1.00","OK"
"8iqyw","1.12","OK"
"8iqzc","1.06","OK"
"8iqzg","1.04","OK"
"8iqzh","1.04","OK"
"8iqzi","1.50","OK"
"8iqzk","1.25","OK"
"8iqzl","1.13","OK"
"8iqzm","1.05","OK"
"8iqzn","1.02","OK"
"8iqzo","1.03","OK"
"8iqzp","1.24","OK"
"8iqzs","1.17","OK"
"8iqzu","1.08","OK"
"8iqzw","1.25","OK"
"8iqzz","1.06","OK"
"8ir00","1.10","OK"
"8ir01","1.26","OK"
"8ir05","1.24","Fraud"
"8ir06","1.07","OK"
"8ir07","1.26","OK"
"8ir09","1.25","OK"
"8ir0d","1.05","OK"
"8ir0f","1.08","OK"
"8ir0i","1.00","OK"
"8ir0v","1.00","OK"
"8ir0z","1.00","OK"
"8ir14","1.05","OK"
"8ir16","1.03","OK"
"8ir1o","1.00","OK"
"8ir25","1.00","OK"
"8ir28","1.00","OK"
"8ir2b","1.00","OK"
"8ir2e","1.00","OK"
"8ir2l","1.20","OK"
"8ir2o","1.00","OK"
"8ir2s","1.00","OK"
"8ir3v","1.10","OK"
"8ir4d","1.00","OK"
"8ir6j","1.00","OK"
"8ir6k","1.00","OK"
"8ir6w","1.00","OK"
"8ir7h","1.00","OK"
"8ir96","1.11","OK"
"8irab","2.53","OK"
"8irb0","1.07","OK"
"8irbp","1.09","OK"
"8irck","1.00","OK"
"8ircl","1.00","OK"
"8ircq","1.08","OK"
"8ircw","1.00","OK"
"8ircy","1.00","OK"
"8irdq","1.00","OK"
"8irdv","1.20","OK"
"8ire4","1.00","OK"
"8irek","1.00","OK"
"8irgx","1.00","OK"
"8irid","1.00","OK"
"8irih","1.18","OK"
"8iriv","1.82","OK"
"8irjv","1.00","OK"
"8irk4","1.06","OK"
"8irkm","1.50","OK"
"8irl1","1.00","OK"
"8irlc","1.27","OK"
"8irle","1.03","OK"
"8irll","1.48","Observation"
"8irob","8.79","OK"
"8irot","1.12","OK"
"8irq0","1.23","OK"
"8irqh","1.00","OK"
"8irqi","1.00","OK"
"8irqk","1.00","OK"
"8irr8","1.00","OK"
"8irr9","1.00","OK"
"8irrl","1.00","OK"
"8irrw","1.00","OK"
"8irrx","1.14","Observation"
"8irs5","1.04","OK"
"8irsq","1.00","OK"
"8irsy","1.03","OK"
"8irt8","1.04","OK"
"8irtb","1.00","OK"
"8irtc","1.00","OK"
"8irti","1.00","OK"
"8irtu","1.00","OK"
"8iru0","1.00","OK"
"8iru3","1.00","OK"
"8irui","3.72","OK"
"8iruq","1.00","OK"
"8irvj","1.15","OK"
"8irwu","1.00","OK"
"8irzv","1.00","OK"
"8is01","1.13","OK"
"8is0l","1.00","OK"
"8is1d","1.17","OK"
"8is20","1.00","OK"
"8is2b","1.37","OK"
"8is2k","1.15","Fraud"
"8is2p","1.00","OK"
"8is30","1.00","OK"
"8is32","1.00","OK"
"8is41","1.00","OK"
"8is47","1.20","OK"
"8is4p","1.00","OK"
"8is4w","1.36","OK"
"8is4x","1.05","OK"
"8is5e","1.31","OK"
"8is5f","1.00","OK"
"8is5h","1.49","Observation"
"8is5o","1.00","OK"
"8is5q","1.01","OK"
"8is5r","1.09","OK"
"8is6u","1.00","OK"
"8is82","1.28","OK"
"8is85","1.00","OK"
"8is87","1.09","OK"
"8is8g","1.02","OK"
"8isas","1.37","OK"
"8isat","1.51","OK"
"8isau","1.50","OK"
"8isbh","1.05","OK"
"8isbo","1.00","OK"
"8isbr","1.00","OK"
"8isbz","1.04","OK"
"8isch","1.26","Observation"
"8iscw","1.10","OK"
"8iscy","1.05","OK"
"8isd4","1.00","OK"
"8isd6","1.00","OK"
"8isdb","1.02","OK"
"8isdq","1.00","OK"
"8ise8","1.00","OK"
"8isei","1.11","OK"
"8ises","1.13","OK"
"8iseu","1.07","OK"
"8isf7","1.01","OK"
"8isfp","1.00","OK"
"8isfs","1.00","OK"
"8isgu","1.00","OK"
"8ish6","1.17","OK"
"8ishk","1.00","OK"
"8ishn","1.25","OK"
"8isi3","1.00","OK"
"8isj3","2.00","OK"
"8isj9","1.00","OK"
"8isje","1.00","OK"
"8isk1","1.00","OK"
"8isk6","1.00","OK"
"8islr","1.02","OK"
"8isme","1.00","OK"
"8ismw","1.00","OK"
"8isp2","1.00","OK"
"8isrm","1.11","OK"
"8isrt","1.00","OK"
"8issu","1.10","OK"
"8isvf","1.00","OK"
"8isxs","1.00","OK"
"8isxw","1.00","OK"
"8isyx","1.00","OK"
"8isz2","1.00","OK"
"8isz4","1.00","OK"
"8it0b","1.08","OK"
"8it0m","1.00","OK"
"8it0v","1.00","OK"
"8it18","1.00","OK"
"8it2h","1.12","OK"
"8it36","1.37","Fraud"
"8it3p","1.11","OK"
"8it4b","1.00","OK"
"8it51","1.05","OK"
"8it52","1.03","OK"
"8it54","1.11","OK"
"8it55","1.05","OK"
"8it57","1.00","OK"
"8it59","1.20","OK"
"8it5a","1.00","OK"
"8it5b","1.00","OK"
"8it5c","1.05","OK"
"8it5d","1.00","OK"
"8it5e","1.11","OK"
"8it5i","1.07","OK"
"8it5k","1.08","OK"
"8it5n","1.06","OK"
"8it5o","1.25","OK"
"8it5q","1.00","OK"
"8it5r","1.00","OK"
"8it5t","1.04","OK"
"8it63","1.00","OK"
"8it65","1.00","OK"
"8it66","1.00","OK"
"8it6j","1.00","OK"
"8it7k","1.00","OK"
"8it7m","1.00","OK"
"8it7o","1.00","OK"
"8it7p","1.00","OK"
"8it8j","1.05","OK"
"8it8l","1.00","OK"
"8it8q","1.00","OK"
"8it9g","1.38","OK"
"8it9n","1.00","OK"
"8it9p","1.15","OK"
"8it9w","1.11","OK"
"8itaa","1.07","OK"
"8itap","1.79","Observation"
"8itat","1.00","OK"
"8itb0","4.09","OK"
"8itb1","3.15","OK"
"8itcr","1.35","OK"
"8itcx","1.00","OK"
"8itdr","1.00","OK"
"8itdx","1.00","OK"
"8ite3","2.37","OK"
"8iteu","1.00","OK"
"8itf4","1.00","OK"
"8itfc","1.00","OK"
"8itgs","1.00","OK"
"8ith0","1.14","OK"
"8ith4","2.00","OK"
"8ith6","1.00","OK"
"8ithb","1.00","OK"
"8ithf","1.53","Observation"
"8ithn","1.00","OK"
"8ithu","1.04","OK"
"8ithz","1.00","OK"
"8itif","2.50","OK"
"8itio","1.00","OK"
"8itiu","1.08","OK"
"8itj5","1.11","OK"
"8itji","1.37","OK"
"8itk7","1.03","OK"
"8itka","1.00","OK"
"8itkq","1.00","OK"
"8itks","1.00","OK"
"8itkt","1.02","OK"
"8itl2","1.00","OK"
"8itl8","2.00","OK"
"8itla","1.00","OK"
"8itlh","1.03","OK"
"8itli","1.00","OK"
"8itlt","1.10","OK"
"8itly","1.07","OK"
"8itm2","1.00","OK"
"8itme","1.00","OK"
"8itmi","1.84","OK"
"8itmu","1.04","OK"
"8itnb","1.00","OK"
"8itod","1.16","OK"
"8itoe","1.00","OK"
"8itof","1.17","OK"
"8itop","1.28","OK"
"8itos","1.00","OK"
"8itoz","1.00","OK"
"8itp0","1.11","OK"
"8itpk","1.03","OK"
"8itq3","1.00","OK"
"8itql","1.00","OK"
"8itqs","1.00","OK"
"8itrb","1.07","OK"
"8itre","1.08","OK"
"8itrn","1.00","OK"
"8itro","1.00","OK"
"8itrq","1.12","OK"
"8its6","1.00","OK"
"8itsg","1.00","OK"
"8itsw","1.00","OK"
"8itt6","1.00","OK"
"8ittc","1.03","OK"
"8itth","1.00","OK"
"8ittq","1.00","OK"
"8ittu","1.00","OK"
"8ittv","1.00","OK"
"8ituk","1.00","OK"
"8itvb","1.00","OK"
"8itww","1.00","OK"
"8itx1","1.08","OK"
"8itx5","1.16","OK"
"8itxs","1.11","OK"
"8itxx","1.00","OK"
"8ityd","1.00","OK"
"8itzi","1.00","OK"
"8iu02","1.00","OK"
"8iu0k","1.33","OK"
"8iu23","1.00","OK"
"8iu2c","1.87","Observation"
"8iu38","1.00","OK"
"8iu3e","1.04","OK"
"8iu3h","1.20","OK"
"8iu4c","1.08","OK"
"8iu57","1.00","OK"
"8iu5r","1.50","OK"
"8iu66","1.06","OK"
"8iu6m","1.00","OK"
"8iu6x","1.00","OK"
"8iu74","1.00","OK"
"8iu76","1.15","Observation"
"8iu77","1.11","OK"
"8iu7b","1.00","OK"
"8iu7d","1.19","OK"
"8iu7w","1.00","OK"
"8iu82","1.00","OK"
"8iua3","1.04","OK"
"8iuan","2.09","Observation"
"8iuav","1.00","OK"
"8iub1","1.00","OK"
"8iucx","1.18","OK"
"8iufj","1.00","OK"
"8iufr","1.00","OK"
"8iufs","1.04","OK"
"8iufv","1.00","OK"
"8iugo","1.00","OK"
"8iuhr","1.00","OK"
"8iui3","1.00","OK"
"8iuia","2.25","OK"
"8iuip","1.00","OK"
"8iujq","1.00","OK"
"8iujx","1.07","OK"
"8iukd","1.00","OK"
"8iuls","1.00","OK"
"8ium6","1.00","OK"
"8iumc","1.03","OK"
"8iume","1.12","OK"
"8iumx","1.40","OK"
"8iun9","1.13","OK"
"8iuna","1.00","OK"
"8iunk","1.00","OK"
"8iuo8","1.00","OK"
"8iuok","1.00","OK"
"8iuqb","1.00","OK"
"8iuqh","1.00","OK"
"8iuqk","1.01","OK"
"8iuqp","1.00","OK"
"8iuqv","1.00","OK"
"8iurr","1.00","OK"
"8iuuw","1.00","OK"
"8iuv4","1.00","OK"
"8iuv6","1.01","OK"
"8iuv8","1.07","OK"
"8iuv9","1.44","OK"
"8iuva","1.00","OK"
"8iuwa","1.00","OK"
"8iuxg","1.00","OK"
"8iuxk","1.33","OK"
"8iuxq","1.04","OK"
"8iuy6","1.00","OK"
"8iuyv","1.28","OK"
"8iv07","1.00","OK"
"8iv0i","1.00","OK"
"8iv0s","1.00","OK"
"8iv0x","1.01","OK"
"8iv1g","1.00","OK"
"8iv1m","1.00","OK"
"8iv1x","1.02","OK"
"8iv2t","1.00","OK"
"8iv3o","1.00","OK"
"8iv48","1.00","OK"
"8iv4d","1.00","OK"
"8iv4h","1.00","OK"
"8iv4j","1.11","OK"
"8iv58","1.00","OK"
"8iv5f","1.00","OK"
"8iv5p","1.00","OK"
"8iv65","1.00","OK"
"8iv6j","1.07","OK"
"8iv7e","1.07","OK"
"8iv7j","1.12","OK"
"8iv8i","1.00","OK"
"8iv9n","1.00","OK"
"8ivbf","1.97","Observation"
"8ivbn","1.10","OK"
"8ivbx","1.00","OK"
"8ivcn","1.00","OK"
"8ivdi","1.06","OK"
"8ivdx","1.00","OK"
"8ive3","1.00","OK"
"8ive5","1.00","OK"
"8ivea","1.08","OK"
"8iveg","1.05","OK"
"8ivf6","1.04","OK"
"8ivfj","1.00","OK"
"8ivfk","1.31","OK"
"8ivge","1.00","OK"
"8ivhg","1.00","OK"
"8ivhr","1.06","OK"
"8ivir","2.33","OK"
"8iviz","1.00","OK"
"8ivj4","1.00","OK"
"8ivjv","1.50","OK"
"8ivkm","1.00","OK"
"8ivkn","1.19","OK"
"8ivlh","1.68","Fraud"
"8ivlp","1.14","Observation"
"8ivm9","1.00","OK"
"8ivmk","1.00","OK"
"8ivnj","1.00","OK"
"8ivnk","1.17","OK"
"8ivnx","1.00","OK"
"8ivny","1.00","OK"
"8ivo7","1.07","OK"
"8ivof","1.25","OK"
"8ivp6","1.00","OK"
"8ivpt","1.00","OK"
"8ivpv","1.07","OK"
"8ivql","1.00","OK"
"8ivsv","1.00","OK"
"8ivsx","1.04","OK"
"8ivti","1.03","OK"
"8ivtm","1.00","OK"
"8ivtv","1.00","OK"
"8ivwj","1.32","OK"
"8ivwr","1.13","OK"
"8ivwv","1.00","OK"
"8ivxp","1.00","OK"
"8ivy4","1.07","OK"
"8ivy5","1.00","OK"
"8ivyc","1.09","OK"
"8ivyu","1.00","OK"
"8iw0a","1.00","OK"
"8iw0n","1.00","OK"
"8iw0r","2.16","OK"
"8iw1f","1.00","OK"
"8iw1v","1.00","OK"
"8iw21","1.00","OK"
"8iw29","1.07","OK"
"8iw31","1.00","OK"
"8iw3u","1.00","OK"
"8iw46","1.00","OK"
"8iw4a","1.00","OK"
"8iw55","1.00","OK"
"8iw5p","1.09","OK"
"8iw5r","1.00","OK"
"8iw6k","1.00","OK"
"8iw6v","1.00","OK"
"8iw7e","1.06","OK"
"8iw7i","1.00","OK"
"8iw84","1.00","OK"
"8iw9s","1.08","OK"
"8iwaa","1.00","OK"
"8iwac","1.00","OK"
"8iwag","1.00","OK"
"8iwak","1.25","OK"
"8iwau","1.00","OK"
"8iwav","1.00","OK"
"8iwbt","1.00","OK"
"8iwe6","1.00","OK"
"8iweh","1.00","OK"
"8iwf2","1.00","OK"
"8iwfs","1.00","OK"
"8iwg3","1.04","OK"
"8iwh3","1.10","OK"
"8iwhf","1.00","OK"
"8iwhh","1.00","OK"
"8iwhi","1.00","OK"
"8iwid","2.32","OK"
"8iwii","1.06","OK"
"8iwj3","1.00","OK"
"8iwjs","1.03","OK"
"8iwky","1.00","OK"
"8iwl4","1.03","OK"
"8iwl5","1.00","OK"
"8iwmb","1.42","OK"
"8iwn7","1.00","OK"
"8iwnh","1.00","OK"
"8iwo2","1.47","OK"
"8iwos","1.18","Fraud"
"8iwp2","1.24","Fraud"
"8iwp3","1.13","OK"
"8iwpy","1.00","OK"
"8iwq4","1.06","OK"
"8iwq6","1.00","OK"
"8iwqm","1.00","OK"
"8iwqv","1.00","OK"
"8iwrl","1.32","OK"
"8iwrx","1.01","OK"
"8iws2","1.00","OK"
"8iws4","1.00","OK"
"8iws7","1.00","OK"
"8iwsa","1.00","OK"
"8iwsc","1.00","OK"
"8iwu7","1.10","OK"
"8iwug","1.00","OK"
"8iwv8","1.13","OK"
"8iwvi","1.50","OK"
"8iwvl","1.02","OK"
"8iwx5","1.00","OK"
"8iwxs","1.00","OK"
"8iwxv","1.06","OK"
"8iwy8","1.34","OK"
"8iwz0","1.00","OK"
"8ix09","1.00","OK"
"8ix0c","1.00","OK"
"8ix2h","1.08","OK"
"8ix3h","1.00","OK"
"8ix6h","1.00","OK"
"8ix6p","1.27","Fraud"
"8ix86","1.00","OK"
"8ix89","1.33","OK"
"8ixdk","1.00","OK"
"8ixgd","1.03","OK"
"8ixgl","1.00","OK"
"8ixl3","1.35","OK"
"8ixly","1.00","OK"
"8ixlz","1.03","OK"
"8ixoq","1.10","OK"
"8ixor","1.22","OK"
"8ixp4","1.00","OK"
"8ixq4","3.41","OK"
"8ixq5","5.24","OK"
"8ixs1","1.02","OK"
"8ixsd","1.55","OK"
"8ixue","1.00","OK"
"8ixuj","1.00","OK"
"8ixvg","1.02","OK"
"8ixvu","1.46","OK"
"8ixy5","1.00","OK"
"8ixzl","1.00","OK"
"8ixzs","1.51","OK"
"8ixzt","1.42","OK"
"8iy03","2.62","OK"
"8iy0v","1.12","Observation"
"8iy1m","1.00","OK"
"8iy36","1.09","OK"
"8iy4x","1.00","OK"
"8iy5g","1.41","OK"
"8iy6x","1.00","OK"
"8iy7x","1.33","OK"
"8iy9b","1.00","OK"
"8iyb9","1.00","OK"
"8iyc8","1.67","OK"
"8iydk","1.00","OK"
"8iyea","1.00","OK"
"8iyfx","1.09","OK"
"8iyi9","1.05","OK"
"8iyj6","1.02","OK"
"8iyo2","1.00","OK"
"8iysb","1.07","OK"
"8iyvp","1.27","OK"
"8iywe","1.00","OK"
"8iyxe","1.05","OK"
"8iz0o","1.00","OK"
"8iz1c","2.22","OK"
"8iz2a","1.18","OK"
"8iz2c","1.07","OK"
"8iz2e","1.03","OK"
"8iz2m","1.13","OK"
"8iz2n","1.21","OK"
"8iz48","1.06","OK"
"8iz6y","1.00","OK"
"8iz7h","1.00","OK"
"8iz7i","2.05","OK"
"8iz80","1.00","OK"
"8iz8t","1.00","OK"
"8iz91","1.08","OK"
"8izah","1.00","OK"
"8izak","1.00","OK"
"8izam","1.00","OK"
"8izan","1.00","OK"
"8izao","1.00","OK"
"8izar","1.00","OK"
"8izau","1.00","OK"
"8izav","1.00","OK"
"8izaw","1.00","OK"
"8izay","1.00","OK"
"8izbp","1.00","OK"
"8izbt","1.06","OK"
"8ize1","1.00","OK"
"8izgi","1.00","OK"
"8izjs","1.00","OK"
"8izkp","1.00","OK"
"8izlr","1.00","OK"
"8iznj","1.52","OK"
"8izot","1.00","OK"
"8izpa","1.10","OK"
"8izsa","1.00","OK"
"8izt5","4.62","Observation"
"8izt6","1.34","Observation"
"8iztc","1.07","OK"
"8iztd","1.00","OK"
"8iztj","1.00","OK"
"8izts","1.00","OK"
"8izu7","1.00","OK"
"8izv8","1.14","OK"
"8izwb","1.07","OK"
"8izwe","1.34","Fraud"
"8izxr","1.00","OK"
"8izzv","1.72","OK"
"8j00e","1.00","OK"
"8j01d","1.00","OK"
"8j029","1.00","OK"
"8j07i","1.03","OK"
"8j07s","1.00","OK"
"8j085","1.25","OK"
"8j08y","2.24","OK"
"8j094","1.00","OK"
"8j096","1.08","OK"
"8j09p","1.00","OK"
"8j0a9","1.02","OK"
"8j0ao","1.00","OK"
"8j0b4","1.33","OK"
"8j0b5","1.28","OK"
"8j0bs","1.21","OK"
"8j0bz","1.00","OK"
"8j0da","1.00","OK"
"8j0dl","1.00","OK"
"8j0eq","1.04","OK"
"8j0fj","1.15","OK"
"8j0g9","1.04","OK"
"8j0h6","2.00","OK"
"8j0hb","1.10","OK"
"8j0j9","1.02","OK"
"8j0m9","1.00","OK"
"8j0mk","1.00","OK"
"8j0mw","1.12","OK"
"8j0n4","1.05","OK"
"8j0ov","1.08","OK"
"8j0oz","1.00","OK"
"8j0pl","1.50","Fraud"
"8j0py","1.00","OK"
"8j0qc","1.10","OK"
"8j0qr","1.00","OK"
"8j0su","1.00","OK"
"8j0tb","1.00","OK"
"8j0tg","1.00","OK"
"8j0w1","1.75","Observation"
"8j0wb","1.06","OK"
"8j0ww","1.06","OK"
"8j0x3","1.10","OK"
"8j0x9","1.76","Observation"
"8j0z9","1.00","OK"
"8j10c","10.61","OK"
"8j11k","1.00","OK"
"8j121","1.05","OK"
"8j12n","1.00","OK"
"8j15b","1.00","OK"
"8j16r","1.00","OK"
"8j18g","1.00","OK"
"8j197","1.18","OK"
"8j19d","1.04","OK"
"8j19f","1.51","OK"
"8j19x","2.56","OK"
"8j1a0","1.00","OK"
"8j1a1","1.23","OK"
"8j1a2","1.36","OK"
"8j1a3","1.00","OK"
"8j1a6","1.00","OK"
"8j1a7","1.00","OK"
"8j1aj","1.24","OK"
"8j1di","1.00","OK"
"8j1fp","1.00","OK"
"8j1h7","1.00","OK"
"8j1j6","1.00","OK"
"8j1lc","1.05","OK"
"8j1od","1.26","OK"
"8j1pb","1.11","OK"
"8j1pd","2.92","OK"
"8j1q5","1.00","OK"
"8j1qi","1.00","OK"
"8j1rc","1.67","OK"
"8j1s7","1.00","OK"
"8j1se","1.02","OK"
"8j1so","1.00","OK"
"8j1sp","1.00","OK"
"8j1sw","1.03","OK"
"8j1t4","1.12","OK"
"8j1ti","2.72","OK"
"8j1u4","1.00","OK"
"8j1u5","1.02","OK"
"8j1uw","1.67","OK"
"8j1x0","1.17","OK"
"8j1xv","1.06","OK"
"8j1y0","1.00","OK"
"8j1y6","1.25","OK"
"8j20z","1.31","OK"
"8j22j","1.00","OK"
"8j22t","1.13","OK"
"8j23z","1.00","OK"
"8j240","1.00","OK"
"8j24h","1.00","OK"
"8j26k","1.00","OK"
"8j279","1.02","OK"
"8j27p","1.00","OK"
"8j295","1.00","OK"
"8j29y","1.00","OK"
"8j2b6","1.05","OK"
"8j2b9","1.03","OK"
"8j2dz","1.00","OK"
"8j2e0","3.63","OK"
"8j2e9","1.00","OK"
"8j2er","1.00","OK"
"8j2f8","1.00","OK"
"8j2hf","1.14","Observation"
"8j2i2","1.05","OK"
"8j2ix","2.37","Observation"
"8j2kd","1.00","OK"
"8j2ki","1.00","OK"
"8j2li","1.00","OK"
"8j2m4","2.83","Observation"
"8j2nt","1.30","OK"
"8j2pr","1.06","OK"
"8j2r9","1.00","OK"
"8j2s6","1.51","OK"
"8j2s7","2.77","OK"
"8j2td","1.05","OK"
"8j2to","1.00","OK"
"8j2tr","1.00","OK"
"8j2uy","1.14","Fraud"
"8j2z5","1.03","OK"
"8j2zn","1.00","OK"
"8j307","1.03","OK"
"8j30b","1.13","OK"
"8j30i","1.00","OK"
"8j30r","1.27","Fraud"
"8j311","1.03","OK"
"8j319","1.00","OK"
"8j31t","1.31","Observation"
"8j31u","1.06","OK"
"8j326","1.00","OK"
"8j329","1.00","OK"
"8j32k","1.08","OK"
"8j32l","1.06","OK"
"8j32m","1.09","OK"
"8j34p","1.17","OK"
"8j368","2.07","Observation"
"8j369","2.28","Observation"
"8j36c","1.00","OK"
"8j36d","2.46","Observation"
"8j36e","2.96","OK"
"8j36f","1.14","OK"
"8j36t","1.74","OK"
"8j38c","1.00","OK"
"8j398","1.00","OK"
"8j39n","1.07","OK"
"8j39x","1.20","OK"
"8j3e7","1.00","OK"
"8j3ej","1.03","OK"
"8j3fg","1.00","OK"
"8j3fs","1.08","OK"
"8j3gw","17.39","OK"
"8j3j2","1.00","OK"
"8j3kg","1.13","OK"
"8j3l0","1.00","OK"
"8j3ln","1.00","OK"
"8j3nw","1.03","OK"
"8j3oy","1.00","OK"
"8j3th","1.00","OK"
"8j3u4","1.04","OK"
"8j3xi","1.06","OK"
"8j3xm","1.00","OK"
"8j3z1","1.40","OK"
"8j3zu","1.13","OK"
"8j416","1.33","OK"
"8j41t","1.00","OK"
"8j42p","1.00","OK"
"8j437","1.14","OK"
"8j43i","1.00","OK"
"8j46c","4.01","OK"
"8j470","1.00","OK"
"8j49w","1.02","OK"
"8j4ap","1.00","OK"
"8j4ch","1.22","OK"
"8j4dw","1.00","OK"
"8j4fc","1.04","OK"
"8j4fe","1.14","OK"
"8j4gq","1.53","OK"
"8j4gr","4.39","OK"
"8j4hv","1.00","OK"
"8j4li","1.08","OK"
"8j4mp","1.14","OK"
"8j4nq","1.00","OK"
"8j4o3","1.00","OK"
"8j4og","1.00","OK"
"8j4pk","1.00","OK"
"8j4pp","1.84","OK"
"8j4qz","1.85","OK"
"8j4sj","1.00","OK"
"8j4tc","1.08","OK"
"8j4tl","1.00","OK"
"8j4tm","1.00","OK"
"8j4uo","1.29","OK"
"8j4uq","1.00","OK"
"8j4v5","1.05","OK"
"8j4vg","1.03","OK"
"8j4vj","1.00","OK"
"8j4ye","1.05","OK"
"8j507","1.30","OK"
"8j510","1.33","OK"
"8j51f","1.19","Observation"
"8j522","1.02","OK"
"8j523","1.35","OK"
"8j52r","1.04","OK"
"8j53q","1.00","OK"
"8j53t","1.19","OK"
"8j54k","1.00","OK"
"8j54x","1.00","OK"
"8j55y","24.30","OK"
"8j55z","10.72","OK"
"8j57g","1.00","OK"
"8j59e","1.10","OK"
"8j5a2","1.06","OK"
"8j5an","1.58","OK"
"8j5bx","1.12","OK"
"8j5cg","1.07","OK"
"8j5d0","1.11","OK"
"8j5dj","1.06","OK"
"8j5dk","1.00","OK"
"8j5dn","1.00","OK"
"8j5ey","1.00","OK"
"8j5f7","1.00","OK"
"8j5fu","1.06","OK"
"8j5gg","1.48","OK"
"8j5gh","2.02","OK"
"8j5gi","1.22","OK"
"8j5gj","1.56","OK"
"8j5h0","1.00","OK"
"8j5hb","1.00","OK"
"8j5hx","1.00","OK"
"8j5ig","1.00","OK"
"8j5ix","1.00","OK"
"8j5lq","1.00","OK"
"8j5lt","11.64","OK"
"8j5n1","1.00","OK"
"8j5n8","1.00","OK"
"8j5ne","1.00","OK"
"8j5oc","1.00","OK"
"8j5od","1.00","OK"
"8j5ol","1.20","OK"
"8j5qz","1.00","OK"
"8j5r6","1.09","OK"
"8j5rx","1.00","OK"
"8j5t5","1.08","OK"
"8j5wq","1.00","OK"
"8j5xt","1.00","OK"
"8j5zr","1.00","OK"
"8j5zs","1.00","OK"
"8j5zz","2.51","OK"
"8j603","1.00","OK"
"8j60b","1.06","OK"
"8j60m","1.01","OK"
"8j60q","1.00","OK"
"8j62o","1.00","OK"
"8j62v","1.00","OK"
"8j638","1.05","OK"
"8j64i","1.17","OK"
"8j65y","1.32","OK"
"8j67b","1.40","OK"
"8j67c","1.04","OK"
"8j696","1.34","OK"
"8j69h","1.00","OK"
"8j69s","1.00","OK"
"8j6ac","1.00","OK"
"8j6ae","1.36","OK"
"8j6b8","1.00","OK"
"8j6em","1.17","OK"
"8j6en","1.03","OK"
"8j6eq","1.00","OK"
"8j6es","3.85","OK"
"8j6f7","1.01","OK"
"8j6fg","1.04","OK"
"8j6go","1.07","OK"
"8j6he","1.04","OK"
"8j6jw","1.00","OK"
"8j6mc","1.00","OK"
"8j6nz","1.00","OK"
"8j6oi","1.36","OK"
"8j6p7","1.00","OK"
"8j6pj","1.00","OK"
"8j6pm","1.34","OK"
"8j6ze","1.00","OK"
"8j6zf","1.23","OK"
"8j70l","1.06","OK"
"8j72c","1.00","OK"
"8j732","1.00","OK"
"8j73t","2.11","OK"
"8j76o","1.78","OK"
"8j77b","1.11","OK"
"8j78u","1.18","OK"
"8j79o","1.05","OK"
"8j7ao","1.00","OK"
"8j7ba","1.00","OK"
"8j7ct","1.05","OK"
"8j7dc","1.00","OK"
"8j7ia","1.00","OK"
"8j7ic","1.00","OK"
"8j7iy","1.13","OK"
"8j7jh","1.00","OK"
"8j7mj","1.33","OK"
"8j7si","1.00","OK"
"8j7t8","1.03","OK"
"8j7tm","1.39","Fraud"
"8j7tt","1.00","OK"
"8j7xq","1.00","OK"
"8j7yi","1.00","OK"
"8j7yr","1.15","OK"
"8j80q","1.10","OK"
"8j82j","1.00","OK"
"8j839","1.00","OK"
"8j83j","1.00","OK"
"8j83r","1.00","OK"
"8j83y","1.00","OK"
"8j87g","1.14","OK"
"8j87i","1.17","OK"
"8j8b5","1.00","OK"
"8j8bn","1.25","OK"
"8j8bu","1.00","OK"
"8j8eb","1.00","OK"
"8j8eo","1.00","OK"
"8j8et","1.10","OK"
"8j8gw","1.00","OK"
"8j8h8","1.00","OK"
"8j8ho","1.00","OK"
"8j8hq","1.00","OK"
"8j8hr","1.00","OK"
"8j8i3","1.10","OK"
"8j8j4","1.00","OK"
"8j8jd","2.42","OK"
"8j8jg","1.00","OK"
"8j8k3","1.00","OK"
"8j8mt","1.22","OK"
"8j8mz","1.13","OK"
"8j8o4","1.32","OK"
"8j8op","1.07","OK"
"8j8or","1.00","OK"
"8j8ou","1.00","OK"
"8j8q3","1.00","OK"
"8j8rh","1.00","OK"
"8j8sa","1.00","OK"
"8j8se","1.10","OK"
"8j8sf","1.02","OK"
"8j8sv","1.02","OK"
"8j8t2","1.18","OK"
"8j8tf","1.03","OK"
"8j8u2","1.12","OK"
"8j8wj","1.00","OK"
"8j8yz","1.22","OK"
"8j8zb","1.04","OK"
"8j90l","1.00","OK"
"8j90q","1.00","OK"
"8j92i","1.12","OK"
"8j94o","1.00","OK"
"8j94s","1.00","OK"
"8j94z","1.00","OK"
"8j95g","1.00","OK"
"8j967","1.13","OK"
"8j9a2","1.00","OK"
"8j9a5","1.13","OK"
"8j9aa","1.00","OK"
"8j9d9","1.05","OK"
"8j9eq","1.07","OK"
"8j9ey","1.00","OK"
"8j9ge","1.00","OK"
"8j9h2","1.00","OK"
"8j9h9","1.00","OK"
"8j9i6","2.75","OK"
"8j9i7","1.08","OK"
"8j9i9","1.27","OK"
"8j9jc","1.00","OK"
"8j9m9","1.11","OK"
"8j9ml","1.00","OK"
"8j9o0","1.16","OK"
"8j9p4","1.08","Observation"
"8j9pe","1.09","OK"
"8j9q3","1.00","OK"
"8jb5v","1.00","OK"
"8jc3s","1.25","OK"
"8jc5o","1.03","OK"
"8jc8u","1.00","OK"
"8jc8v","7.31","OK"
"8jccm","1.01","OK"
"8jcez","1.20","OK"
"8jcfz","1.00","OK"
"8jcgp","1.44","OK"
"8jch5","1.04","OK"
"8jchh","1.06","OK"
"8jciv","1.06","OK"
"8jclv","1.41","OK"
"8jcoh","1.00","OK"
"8jcru","1.00","OK"
"8jcuw","1.00","OK"
"8jg20","1.31","OK"
"8jg2a","1.00","OK"
"8jg49","1.00","OK"
"8jg5r","1.00","OK"
"8jg82","1.00","OK"
"8jg8w","1.00","OK"
"8jg9s","1.00","OK"
"8jgac","1.06","OK"
"8jgbu","2.33","OK"
"8jgcj","1.03","OK"
"8jgcw","1.02","OK"
"8jgel","1.00","OK"
"8jgf3","1.00","OK"
"8jgg3","1.10","OK"
"8jggg","1.00","OK"
"8jgk9","1.00","OK"
"8jgkk","1.16","Observation"
"8jgl8","1.00","OK"
"8jgls","1.06","OK"
"8jgok","1.00","OK"
"8jgq9","1.00","OK"
"8jgqa","1.02","OK"
"8jgqb","1.04","OK"
"8jgqr","1.00","OK"
"8jgt1","1.00","OK"
"8jgts","1.15","OK"
"8jgu2","1.00","OK"
"8jgul","1.02","OK"
"8jgvx","1.00","OK"
"8jh5s","1.00","OK"
"8jh5u","1.00","OK"
"8jh5v","1.00","OK"
"8jh60","1.00","OK"
"8jh7b","1.06","OK"
"8jh9c","1.04","OK"
"8jhbl","1.11","OK"
"8jhcs","1.00","OK"
"8jhct","1.00","OK"
"8jhdz","1.55","OK"
"8jhep","1.00","OK"
"8jhfv","3.15","OK"
"8jhge","1.13","OK"
"8jhgj","1.00","OK"
"8jhgx","2.78","OK"
"8jhh0","1.07","OK"
"8jhi5","1.00","OK"
"8jhis","1.00","OK"
"8jhit","1.11","OK"
"8jhle","1.00","OK"
"8jhlw","1.00","OK"
"8jhmk","1.00","OK"
"8jhnz","1.28","OK"
"8jhou","1.04","OK"
"8jhp2","1.00","OK"
"8jhsv","1.00","OK"
"8jhtq","1.00","OK"
"8jhw3","1.02","OK"
"8jhw9","1.00","OK"
"8jhyg","1.00","OK"
"8ji11","1.00","OK"
"8ji1d","1.00","OK"
"8ji1k","1.20","OK"
"8ji1l","2.33","OK"
"8ji1s","1.12","OK"
"8ji1u","1.07","Observation"
"8ji2e","1.00","OK"
"8ji49","1.04","OK"
"8ji4k","1.30","OK"
"8ji4m","1.04","OK"
"8ji4n","1.00","OK"
"8ji60","1.00","OK"
"8ji8h","1.07","OK"
"8ji8l","1.00","OK"
"8ji9t","1.00","OK"
"8jiak","1.00","OK"
"8jiam","1.00","OK"
"8jian","1.00","OK"
"8jibl","1.04","OK"
"8jibp","1.00","OK"
"8jict","1.06","OK"
"8jid2","1.00","OK"
"8jiex","1.05","OK"
"8jif4","1.00","OK"
"8jifa","1.09","OK"
"8jiff","1.03","OK"
"8jigh","1.00","OK"
"8jik8","1.00","OK"
"8jil2","1.00","OK"
"8jim2","1.00","OK"
"8jin3","1.00","OK"
"8jior","1.06","OK"
"8jisx","1.10","OK"
"8jith","1.00","OK"
"8jiu2","1.00","OK"
"8jiuc","1.07","OK"
"8jiwm","1.00","OK"
"8jiy2","1.08","OK"
"8jiy8","1.00","OK"
"8jiz8","1.00","OK"
"8jj05","1.00","OK"
"8jj1n","1.11","OK"
"8jj1s","1.00","OK"
"8jj35","1.00","OK"
"8jj3f","1.00","OK"
"8jj6m","1.09","OK"
"8jj7t","9.44","OK"
"8jj80","1.00","OK"
"8jj96","1.00","OK"
"8jj9d","1.06","OK"
"8jjao","1.11","Observation"
"8jjap","1.38","OK"
"8jjc5","2.79","OK"
"8jjds","1.04","OK"
"8jjhc","1.00","OK"
"8jjji","7.20","OK"
"8jjo9","1.09","OK"
"8jjph","1.00","OK"
"8jjs6","1.32","Fraud"
"8jjsg","1.03","OK"
"8jjve","1.08","OK"
"8jjvh","1.57","OK"
"8jjxl","1.00","OK"
"8jk01","1.55","OK"
"8jk02","1.03","OK"
"8jk0d","1.04","Fraud"
"8jk15","1.86","OK"
"8jk1x","1.26","OK"
"8jk3i","1.11","OK"
"8jk4m","6.97","OK"
"8jk57","1.04","OK"
"8jk7c","1.00","OK"
"8jk8e","1.17","OK"
"8jk8g","24.47","OK"
"8jk8n","1.00","OK"
"8jka2","1.25","OK"
"8jkce","1.00","OK"
"8jkdf","1.10","OK"
"8jkdr","1.06","OK"
"8jkea","17.49","OK"
"8jkec","1.10","OK"
"8jked","1.37","OK"
"8jkfd","1.21","OK"
"8jkff","1.01","OK"
"8jkh1","1.28","Observation"
"8jkhu","1.00","OK"
"8jkhv","1.00","OK"
"8jkij","3.58","OK"
"8jkk9","1.00","OK"
"8jkmi","1.02","OK"
"8jkof","1.11","OK"
"8jkor","1.24","OK"
"8jkp0","2.38","OK"
"8jkp1","4.03","OK"
"8jkqn","1.04","OK"
"8jkrj","1.04","OK"
"8jks4","1.17","OK"
"8jksm","1.07","OK"
"8jkt3","1.00","OK"
"8jktn","1.76","OK"
"8jku2","1.00","OK"
"8jkul","2.82","OK"
"8jkv1","1.08","OK"
"8jkv9","1.06","OK"
"8jkve","1.33","OK"
"8jkwc","2.57","OK"
"8jkwu","1.00","OK"
"8jky9","1.13","OK"
"8jl02","1.00","OK"
"8jl05","1.08","OK"
"8jl0l","3.43","OK"
"8jl0o","1.00","OK"
"8jl1o","1.09","OK"
"8jl1u","1.04","OK"
"8jl23","1.11","OK"
"8jl39","1.00","OK"
"8jl3n","1.09","OK"
"8jl3y","1.06","Fraud"
"8jl43","1.06","OK"
"8jl4l","1.17","OK"
"8jl61","1.07","OK"
"8jl6e","1.74","OK"
"8jl7q","1.29","OK"
"8jla6","1.17","OK"
"8jlad","1.00","OK"
"8jlah","1.00","OK"
"8jlc5","1.06","OK"
"8jli0","2.50","OK"
"8jlic","1.14","OK"
"8jlii","1.13","OK"
"8jlis","4.52","OK"
"8jljk","1.00","OK"
"8jljl","1.00","OK"
"8jljm","1.08","OK"
"8jljq","1.00","OK"
"8jljr","94.41","OK"
"8jlju","1.08","OK"
"8jlk3","1.47","OK"
"8jlkt","1.14","OK"
"8jlms","1.01","OK"
"8jlmv","1.06","OK"
"8jlmz","1.00","OK"
"8jln6","1.05","OK"
"8jlnl","1.08","OK"
"8jlos","1.62","OK"
"8jlpw","3.81","OK"
"8jlpz","1.11","OK"
"8jlr2","1.00","OK"
"8jlru","1.00","OK"
"8jlt1","1.89","OK"
"8jlu6","1.27","Fraud"
"8jlus","1.22","OK"
"8jlyt","1.00","OK"
"8jlzr","1.18","OK"
"8jm0h","1.00","OK"
"8jm0y","1.00","OK"
"8jm18","1.00","OK"
"8jm4d","1.11","OK"
"8jm4h","7.26","OK"
"8jm4p","1.00","OK"
"8jm4v","1.12","OK"
"8jm5b","1.07","OK"
"8jm5w","1.76","OK"
"8jm90","1.29","OK"
"8jm9p","1.42","OK"
"8jmbn","1.00","OK"
"8jmch","1.32","OK"
"8kuma","1.00","OK"
"8kump","1.04","OK"
"8kumu","1.58","Fraud"
"8kun0","1.00","OK"
"8kun1","1.05","OK"
"8kun5","1.25","Fraud"
"8kuno","1.00","OK"
"8kunr","1.04","OK"
"8kunx","1.06","OK"
"8kuo4","1.00","OK"
"8kuo5","1.05","OK"
"8kuov","1.00","OK"
"8kuph","1.00","OK"
"8kupw","1.00","OK"
"8kupz","1.00","OK"
"8kuq2","1.00","OK"
"8kuqa","1.03","OK"
"8kuqd","1.55","OK"
"8kuql","1.00","OK"
"8kuro","1.11","OK"
"8kus3","1.09","OK"
"8kus9","1.16","OK"
"8kusa","1.50","OK"
"8kusb","2.06","OK"
"8kusi","1.00","OK"
"8kusr","1.06","OK"
"8kuti","1.00","OK"
"8kuto","28.06","OK"
"8kutv","1.00","OK"
"8kuuh","1.00","OK"
"8kuv3","1.00","OK"
"8kuv8","1.00","OK"
"8kuv9","1.24","Observation"
"8kuva","1.04","OK"
"8kuvb","2.11","Fraud"
"8kuvj","1.06","OK"
"8kuvn","1.00","OK"
"8kuvt","24.37","OK"
"8kuvy","1.00","OK"
"8kux8","1.13","OK"
"8kuxa","15.16","Observation"
"8kuxc","1.00","OK"
"8kuxg","1.00","OK"
"8kuxh","1.00","OK"
"8kuxi","1.00","OK"
"8kuxj","1.25","OK"
"8kuxk","1.00","OK"
"8kuxp","1.00","OK"
"8kuy3","1.00","OK"
"8kuy4","1.00","OK"
"8kuy9","1.00","OK"
"8kuyg","1.35","OK"
"8kuyp","1.00","OK"
"8kuys","4.24","OK"
"8kuze","1.17","OK"
"8kuzg","1.33","OK"
"8kuzj","1.04","OK"
"8kuzl","1.00","OK"
"8kv08","11.82","OK"
"8kv0e","1.06","OK"
"8kv0o","1.00","OK"
"8kv0s","5.17","Observation"
"8kv3c","1.08","OK"
"8kv3v","1.82","Fraud"
"8kv42","1.00","OK"
"8kv4a","1.00","OK"
"8kv4d","1.00","OK"
"8kv4k","2.00","OK"
"8kv4v","1.07","OK"
"8kv4x","1.00","OK"
"8kv5a","1.00","OK"
"8kv5w","1.78","Fraud"
"8kv5y","1.00","OK"
"8kv6q","1.00","OK"
"8kv6v","1.13","Fraud"
"8kv6y","1.02","OK"
"8kv74","1.11","OK"
"8kv77","1.00","OK"
"8kv7n","1.16","Fraud"
"8kv7x","1.18","Fraud"
"8kv80","1.17","OK"
"8kv8i","1.00","OK"
"8kv8s","1.06","OK"
"8kv90","1.98","OK"
"8kv97","1.02","OK"
"8kv9a","1.04","OK"
"8kv9b","1.07","OK"
"8kvad","1.20","OK"
"8kvas","1.01","OK"
"8kvax","1.03","OK"
"8kvb3","1.00","OK"
"8kvbe","1.00","OK"
"8kvbi","2.00","OK"
"8kvc4","2.17","OK"
"8kvc7","2.00","OK"
"8kvc8","1.00","OK"
"8kvcs","1.00","OK"
"8kvct","1.00","OK"
"8kvdh","1.00","OK"
"8kve7","1.04","OK"
"8kvec","1.02","OK"
"8kven","1.02","OK"
"8kveo","1.12","OK"
"8kveq","1.00","OK"
"8kvey","1.00","OK"
"8kvfl","1.00","OK"
"8kvfn","1.00","OK"
"8kvfr","1.19","OK"
"8kvg3","1.00","OK"
"8kvgc","1.00","OK"
"8kvgp","1.00","OK"
"8kvgr","1.00","OK"
"8kvgs","1.00","OK"
"8kvh1","1.00","OK"
"8kvh9","1.33","OK"
"8kvhd","1.11","OK"
"8kvhi","1.47","OK"
"8kvhp","1.00","OK"
"8kvhz","1.00","OK"
"8kvie","1.00","OK"
"8kvil","1.00","OK"
"8kvim","1.14","OK"
"8kviw","1.09","OK"
"8kvj1","1.11","OK"
"8kvjl","1.00","OK"
"8kvkh","1.00","OK"
"8kvkj","1.00","OK"
"8kvkq","1.05","OK"
"8kvkw","1.10","OK"
"8kvl0","1.11","OK"
"8kvl1","1.27","OK"
"8kvl2","1.15","OK"
"8kvl6","1.15","OK"
"8kvl7","1.78","OK"
"8kvl8","1.00","OK"
"8kvlp","1.11","OK"
"8kvlq","1.00","OK"
"8kvm0","1.10","OK"
"8kvm1","1.21","OK"
"8kvm2","1.30","OK"
"8kvm6","1.11","OK"
"8kvm7","1.03","OK"
"8kvma","1.00","OK"
"8kvmd","1.00","OK"
"8kvmf","1.00","OK"
"8kvmo","1.71","OK"
"8kvmr","1.09","OK"
"8kvna","1.20","OK"
"8kvnb","1.11","Observation"
"8kvnu","1.00","OK"
"8kvo1","1.04","OK"
"8kvos","1.20","OK"
"8kvot","1.00","OK"
"8kvpb","1.00","OK"
"8kvpc","1.00","OK"
"8kvpe","1.00","OK"
"8kvpg","1.00","OK"
"8kvpr","1.00","OK"
"8kvpw","1.13","OK"
"8kvq0","1.10","OK"
"8kvqh","1.00","OK"
"8kvqm","1.00","OK"
"8kvqp","1.33","OK"
"8kvr5","1.00","OK"
"8kvr9","1.00","OK"
"8kvrh","1.00","OK"
"8kvrr","1.00","OK"
"8kvry","1.00","OK"
"8kvs0","1.10","OK"
"8kvs1","1.00","OK"
"8kvs9","1.00","OK"
"8kvsu","1.08","OK"
"8kvtr","1.00","OK"
"8kvtw","1.00","OK"
"8kvty","1.19","OK"
"8kvu3","1.00","OK"
"8kvu7","1.00","OK"
"8kvug","1.16","OK"
"8kvuh","1.00","OK"
"8kvv2","1.13","Observation"
"8kvv3","1.33","OK"
"8kvv4","1.08","OK"
"8kvv6","2.23","OK"
"8kvv7","1.09","OK"
"8kvv8","1.00","OK"
"8kvvd","1.60","OK"
"8kvvh","1.18","Observation"
"8kvxs","1.00","OK"
"8kvy3","1.00","OK"
"8kvyf","1.07","OK"
"8kvyo","1.12","OK"
"8kvyr","1.06","OK"
"8kvzp","1.00","OK"
"8kw03","1.00","OK"
"8kw0f","8.45","Observation"
"8kw0n","1.00","OK"
"8kw15","2.67","OK"
"8kw19","1.08","OK"
"8kw1q","1.08","OK"
"8kw28","1.00","OK"
"8kw2n","1.00","OK"
"8kw39","1.00","OK"
"8kw3g","1.31","OK"
"8kw4u","1.00","OK"
"8kw4v","1.51","Fraud"
"8kw4x","1.00","OK"
"8kw4z","1.11","OK"
"8kw53","1.00","OK"
"8kw5p","1.00","OK"
"8kw5u","1.75","Fraud"
"8kw6d","1.00","OK"
"8kw70","1.00","OK"
"8kwzo","1.05","OK"
"8kwzv","1.04","OK"
"8kwzx","8.45","Fraud"
"8kwzy","1.75","OK"
"8kx0a","1.00","OK"
"8kx0h","1.00","OK"
"8kx0o","1.11","OK"
"8kx0y","7.43","OK"
"8kx17","1.00","OK"
"8kx19","1.00","OK"
"8kx1q","1.00","OK"
"8kx1z","1.00","Observation"
"8kx21","1.00","OK"
"8kx25","3.17","OK"
"8kx29","1.00","OK"
"8kx2a","1.00","OK"
"8kx2d","1.04","Fraud"
"8kx2g","1.00","OK"
"8kx2r","1.00","OK"
"8kx2u","1.11","Fraud"
"8kx2w","2.00","OK"
"8kx31","3.05","OK"
"8kx33","1.50","OK"
"8kx37","1.04","OK"
"8kx3a","1.00","OK"
"8kx3b","1.00","OK"
"8kx3c","1.47","OK"
"8kx3f","1.22","OK"
"8kx3i","1.25","OK"
"8kx3q","1.06","OK"
"8kx3r","1.00","OK"
"8kx47","2.00","OK"
"8kx4j","1.00","OK"
"8kx5a","5.58","OK"
"8kx5c","1.06","OK"
"8kx5g","1.00","OK"
"8kx5q","1.00","Observation"
"8kx6b","1.00","Observation"
"8kx86","2.00","Observation"
"8kxdu","1.11","OK"
"8kxe3","1.00","OK"
"8kxee","1.42","OK"
"8kxef","1.00","OK"
"8kxel","2.50","Fraud"
"8kxem","3.67","Fraud"
"8kxep","3.17","OK"
"8kxer","1.20","OK"
"8kxev","1.00","OK"
"8kxew","1.00","OK"
"8kxez","1.00","OK"
"8kxf2","26.06","OK"
"8kxf4","1.00","OK"
"8kxfb","1.09","OK"
"8kxfu","1.00","OK"
"8kxgk","1.00","OK"
"8kxgm","1.72","OK"
"8kxgs","1.89","Fraud"
"8kxgt","1.75","OK"
"8kxgu","1.14","OK"
"8kxgv","2.10","Fraud"
"8kxgy","1.00","OK"
"8kxhd","1.00","OK"
"8kxhn","1.00","OK"
"8kxhp","1.00","OK"
"8kxhq","8.55","OK"
"8kxij","7.73","Fraud"
"8kxik","1.25","OK"
"8kxim","1.00","OK"
"8kxj4","1.00","OK"
"8kxj8","5.50","OK"
"8kxjw","1.53","OK"
"8kxjy","1.10","OK"
"8kxkx","1.61","Observation"
"8kxl2","1.00","OK"
"8kxl3","7.20","Fraud"
"8kxla","1.09","OK"
"8kxlk","1.13","OK"
"8kxll","1.92","OK"
"8kxlo","1.00","OK"
"8kxlp","1.35","OK"
"8kxlq","1.02","OK"
"8kxlr","1.32","OK"
"8kxlt","1.26","OK"
"8kxlv","1.48","Fraud"
"8kxly","5.74","Fraud"
"8kxm0","1.78","OK"
"8kxm9","3.05","OK"
"8kxmh","1.25","Fraud"
"8kxml","1.76","OK"
"8kxmm","1.00","OK"
"8kxmo","1.00","OK"
"8kxn2","1.00","OK"
"8kxn5","1.09","OK"
"8kxnk","2.25","OK"
"8kxnl","10.37","OK"
"8kxnm","8.92","Fraud"
"8kxnn","7.08","Observation"
"8kxnw","1.02","OK"
"8kxo5","1.00","OK"
"8kxoj","1.11","Observation"
"8kxom","1.21","OK"
"8kxor","1.00","OK"
"8kxos","1.00","OK"
"8kxox","1.00","OK"
"8kxoy","1.06","Fraud"
"8kxp5","1.00","OK"
"8kxpa","1.00","OK"
"8kxpd","1.00","OK"
"8kxpq","1.05","OK"
"8kxpv","4.96","OK"
"8kxq6","1.45","OK"
"8kxqd","1.96","OK"
"8kxqf","1.00","OK"
"8kxqj","1.08","OK"
"8kxqk","2.14","Observation"
"8kxqm","1.84","OK"
"8kxqw","1.14","OK"
"8kxr9","1.23","Observation"
"8kxrb","1.03","Observation"
"8kxrc","1.21","OK"
"8kxre","1.27","Observation"
"8kxri","1.00","OK"
"8kxrj","1.00","OK"
"8kxrs","1.00","OK"
"8kxtp","1.00","OK"
"8kxvk","1.05","OK"
"8kxxf","1.09","OK"
"8kxzn","1.00","OK"
"8kxzu","1.11","OK"
"8ky0g","1.00","OK"
"8ky0o","1.00","OK"
"8ky15","1.03","OK"
"8ky18","1.00","OK"
"8ky1v","1.00","OK"
"8ky22","1.04","OK"
"8ky2b","1.00","OK"
"8ky2f","1.00","OK"
"8ky2l","1.00","OK"
"8ky2n","1.00","OK"
"8ky46","1.18","OK"
"8ky4j","1.07","OK"
"8ky4k","1.07","OK"
"8ky4n","1.17","OK"
"8ky4r","1.00","OK"
"8ky4x","1.00","OK"
"8ky50","1.00","OK"
"8ky5c","1.00","OK"
"8ky5s","1.00","OK"
"8ky6d","1.00","OK"
"8ky6h","1.51","Fraud"
"8ky6n","1.77","Fraud"
"8ky6u","1.09","OK"
"8ky6v","1.12","OK"
"8ky77","1.00","OK"
"8ky8n","1.00","OK"
"8ky8r","1.00","OK"
"8ky93","1.00","OK"
"8ky9n","1.00","OK"
"8kyao","1.00","OK"
"8kyb9","1.00","OK"
"8kybc","1.00","OK"
"8kybl","1.95","OK"
"8kybu","1.00","OK"
"8kyc0","1.25","OK"
"8kycf","1.00","OK"
"8kycw","1.03","OK"
"8kydv","1.13","Fraud"
"8kygk","1.03","OK"
"8kygl","1.50","OK"
"8kygo","1.00","OK"
"8kygq","1.10","OK"
"8kygz","1.00","OK"
"8kyhj","1.00","OK"
"8kyiq","1.08","OK"
"8kyjt","1.00","OK"
"8kyk5","1.01","OK"
"8kyka","1.00","OK"
"8kyl4","1.07","OK"
"8kyl5","2.35","OK"
"8kyld","1.00","OK"
"8kymr","1.00","OK"
"8kynd","1.11","OK"
"8kynk","1.00","OK"
"8kyov","1.35","Fraud"
"8kyow","1.25","OK"
"8kyoy","1.00","OK"
"8kyp1","1.00","OK"
"8kyp7","1.00","OK"
"8kyp8","1.00","OK"
"8kypd","1.07","OK"
"8kypr","1.05","OK"
"8kyqu","1.00","OK"
"8kyre","1.00","OK"
"8kysj","1.00","OK"
"8kyss","1.00","OK"
"8kytg","1.00","OK"
"8kyu8","1.00","OK"
"8kyvb","1.78","OK"
"8kyvg","1.00","OK"
"8kyvt","1.00","OK"
"8kyvw","1.07","OK"
"8kyw0","1.00","OK"
"8kyw6","1.08","OK"
"8kywb","1.10","OK"
"8kywm","1.00","OK"
"8kywq","1.00","OK"
"8kywy","1.11","OK"
"8kyxs","1.00","OK"
"8kyxz","1.00","OK"
"8kyyv","1.00","OK"
"8kyz1","1.00","OK"
"8kyzp","15.40","OK"
"8kz2d","1.50","OK"
"8kz2e","1.00","OK"
"8kz2y","1.00","OK"
"8kz4p","1.00","OK"
"8kz5j","1.00","OK"
"8kz64","1.04","OK"
"8kz6l","1.00","OK"
"8kz6p","1.15","Fraud"
"8kz6r","1.00","OK"
"8kz74","1.00","OK"
"8kz7h","1.00","OK"
"8kz7i","1.00","OK"
"8kz7z","1.00","OK"
"8kz81","1.10","OK"
"8kz84","1.04","OK"
"8kz8a","1.03","OK"
"8kz9c","1.00","OK"
"8kz9e","1.00","OK"
"8kz9f","1.41","OK"
"8kz9k","1.00","OK"
"8kz9x","1.00","OK"
"8kzaf","1.00","OK"
"8kzbb","4.13","OK"
"8kzbg","1.19","OK"
"8kzd5","1.00","OK"
"8kzds","1.00","OK"
"8kzen","1.07","OK"
"8kzep","1.05","OK"
"8kzer","1.06","OK"
"8kzes","1.00","OK"
"8kzf2","1.00","OK"
"8kzf5","1.00","OK"
"8kzfo","1.08","OK"
"8kzgc","1.00","OK"
"8kzgf","1.00","OK"
"8kzhr","1.00","OK"
"8kzhu","1.00","OK"
"8kzhz","1.00","OK"
"8kzi1","1.00","OK"
"8kzi5","1.00","OK"
"8kzjk","1.08","Fraud"
"8kzjq","1.00","OK"
"8kzjy","1.00","OK"
"8kzkc","1.00","OK"
"8kzkl","1.08","OK"
"8kzkp","1.00","OK"
"8kzkq","1.00","OK"
"8kzl3","1.00","OK"
"8kzl6","1.00","OK"
"8kzlb","1.00","OK"
"8kzll","1.03","OK"
"8kzlm","1.00","OK"
"8kzm1","1.13","Fraud"
"8kzmh","1.00","OK"
"8kzmx","1.00","OK"
"8kzmy","1.00","OK"
"8kzna","1.58","OK"
"8kznn","1.20","OK"
"8kznw","1.01","OK"
"8kzo4","1.00","OK"
"8kzom","1.00","OK"
"8kzpi","1.00","OK"
"8kzq3","1.00","OK"
"8kzqd","1.11","OK"
"8kzqe","1.00","OK"
"8kzqo","1.00","OK"
"8kzr4","1.05","OK"
"8kzr5","1.07","OK"
"8kzr6","1.03","OK"
"8kzr7","1.03","OK"
"8kzr9","1.00","OK"
"8kzss","1.04","OK"
"8kzst","1.02","OK"
"8kzsu","1.00","OK"
"8kzt1","1.63","OK"
"8kztj","1.00","OK"
"8kztp","1.00","OK"
"8kztq","1.03","OK"
"8kzu3","1.00","OK"
"8kzuk","1.02","OK"
"8kzv1","1.05","OK"
"8kzvn","1.99","OK"
"8kzw1","1.03","OK"
"8kzwc","1.00","OK"
"8kzwu","1.18","OK"
"8kzx6","1.06","OK"
"8kzxc","1.07","OK"
"8kzxk","1.03","OK"
"8kzxo","1.13","OK"
"8kzxz","3.50","OK"
"8kzy2","1.00","OK"
"8kzy5","1.27","OK"
"8kzyi","1.36","Observation"
"8kzyz","1.00","OK"
"8l004","1.00","OK"
"8l00g","1.89","OK"
"8l00h","1.07","Fraud"
"8l00x","1.00","OK"
"8l014","1.50","OK"
"8l01a","1.00","OK"
"8l01b","1.00","OK"
"8l01g","1.01","OK"
"8l01w","1.00","OK"
"8l01y","1.04","OK"
"8l029","1.13","OK"
"8l02e","1.00","OK"
"8l02g","1.00","OK"
"8l02m","1.00","OK"
"8l02n","1.00","OK"
"8l02t","1.09","OK"
"8l02x","1.01","OK"
"8l03g","1.00","OK"
"8l03j","1.03","OK"
"8l046","1.00","OK"
"8l04m","1.00","OK"
"8l04x","1.50","OK"
"8l04z","1.12","OK"
"8l050","1.34","OK"
"8l051","1.52","OK"
"8l052","1.38","OK"
"8l053","1.42","OK"
"8l05k","1.20","OK"
"8l05l","1.10","OK"
"8l05z","1.00","OK"
"8l061","1.03","OK"
"8l063","1.00","OK"
"8l06b","1.00","OK"
"8l071","1.07","OK"
"8l07i","1.06","OK"
"8l07n","1.25","OK"
"8l07q","1.00","OK"
"8l07t","1.00","OK"
"8l08l","1.00","OK"
"8l09b","1.68","OK"
"8l0a0","1.02","OK"
"8l0aq","1.07","OK"
"8l0b4","1.08","OK"
"8l0bl","1.22","Observation"
"8l0bm","1.00","OK"
"8l0c2","1.00","OK"
"8l0ca","1.07","OK"
"8l0cx","1.93","OK"
"8l0e4","1.02","OK"
"8l0f6","1.00","OK"
"8l0fs","1.00","OK"
"8l0fv","2.00","OK"
"8l0fx","1.00","OK"
"8l0gr","1.06","OK"
"8l0ho","1.00","OK"
"8l0i4","1.00","OK"
"8l0io","1.02","OK"
"8l0iu","1.00","OK"
"8l0iv","1.06","OK"
"8l0j8","1.00","OK"
"8l0jf","1.02","OK"
"8l0k0","1.00","OK"
"8l0k9","1.00","OK"
"8l0l8","1.00","OK"
"8l0lh","1.05","OK"
"8l0lm","1.00","OK"
"8l0lv","1.17","OK"
"8l0m2","2.00","OK"
"8l0m9","1.03","OK"
"8l0mw","1.00","OK"
"8l0n5","1.00","OK"
"8l0ng","1.00","OK"
"8l0nw","1.00","OK"
"8l0p1","1.07","OK"
"8l0p8","1.00","OK"
"8l0q6","2.08","Fraud"
"8l0r9","1.20","OK"
"8l0rb","1.78","Fraud"
"8l0rp","1.12","OK"
"8l0rq","1.26","OK"
"8l0rr","1.08","OK"
"8l0sm","1.66","OK"
"8l0sw","1.00","OK"
"8l0t1","1.05","OK"
"8l0t3","1.00","OK"
"8l0t6","1.00","OK"
"8l0td","1.00","OK"
"8l0ty","1.00","OK"
"8l0u5","1.00","OK"
"8l0uu","1.18","OK"
"8l0v8","1.44","Observation"
"8l0v9","3.07","OK"
"8l0w0","1.00","OK"
"8l0wx","1.08","OK"
"8l0wz","1.25","OK"
"8l0x3","1.12","OK"
"8l0x4","1.00","OK"
"8l0x9","1.00","OK"
