"partnerid","CntrVariance","status"
"8i7uk","18.82","OK"
"8i7ux","717.73","OK"
"8i7va","3.00","OK"
"8i7vb","9.56","OK"
"8i7vf","0.00","OK"
"8i7vp","299696.52","OK"
"8i7vq","20381.07","OK"
"8i7vz","1237.56","OK"
"8i7w2","787.43","OK"
"8i7wb","395.30","OK"
"8i7wi","68388.39","OK"
"8i7wr","337349.50","OK"
"8i7wv","5832.00","OK"
"8i7xd","13883.67","Observation"
"8i7yy","0.00","OK"
"8i7z7","1266.89","OK"
"8i7zf","0.25","OK"
"8i7zk","115465.41","OK"
"8i7zl","346459.47","OK"
"8i804","3.51","OK"
"8i806","6074.35","OK"
"8i80a","3744.97","OK"
"8i80j","0.00","OK"
"8i81d","36.00","OK"
"8i81i","2.25","OK"
"8i828","317924.94","OK"
"8i82g","12.96","OK"
"8i82r","0.00","OK"
"8i82x","0.25","OK"
"8i830","0.00","OK"
"8i833","266.00","OK"
"8i83a","0.00","OK"
"8i83y","0.00","OK"
"8i84n","0.00","OK"
"8i84o","51.84","OK"
"8i84w","0.00","OK"
"8i85v","800.33","OK"
"8i86i","0.00","OK"
"8i88w","67.80","OK"
"8i89m","0.00","OK"
"8i8ar","1.71","OK"
"8i8bx","26.83","OK"
"8i8cj","0.00","OK"
"8i8do","0.00","OK"
"8i8e5","384.69","OK"
"8i8e7","0.00","OK"
"8i8ef","0.00","OK"
"8i8en","0.00","OK"
"8i8fk","4.81","OK"
"8i8fm","1609.16","Observation"
"8i8fn","12.00","OK"
"8i8fq","171.14","OK"
"8i8ft","38.96","OK"
"8i8g3","0.00","OK"
"8i8go","5554.67","Observation"
"8i8gu","0.00","OK"
"8i8gx","0.00","OK"
"8i8gz","0.00","OK"
"8i8h2","0.00","OK"
"8i8h7","22597.56","Fraud"
"8i8hw","0.00","OK"
"8i8ih","0.00","OK"
"8i8is","2012.55","OK"
"8i8iv","21.00","OK"
"8i8j2","224.78","OK"
"8i8jl","0.25","OK"
"8i8k3","9.56","OK"
"8i8kg","0.00","OK"
"8i8ku","0.00","OK"
"8i8le","1.35","OK"
"8i8lx","0.00","OK"
"8i8m6","5153.46","OK"
"8i8mq","0.00","OK"
"8i8mr","0.00","OK"
"8i8n6","0.00","OK"
"8i8no","676.00","OK"
"8i8nq","0.00","OK"
"8i8nr","34527.34","OK"
"8i8oh","0.00","OK"
"8i8p1","0.00","OK"
"8i8pz","0.00","OK"
"8i8q4","306.25","OK"
"8i8qk","0.89","OK"
"8i8qn","0.00","OK"
"8i8rs","0.00","OK"
"8i8s9","0.00","OK"
"8i8t2","0.00","OK"
"8i8tt","768.69","Observation"
"8i8tw","0.00","OK"
"8i8u1","0.25","OK"
"8i8u7","0.00","OK"
"8i8u8","1024.00","OK"
"8i8ub","0.00","OK"
"8i8ui","0.56","OK"
"8i8wd","6.25","OK"
"8i8xq","1722.95","OK"
"8i8ye","93018.38","OK"
"8i8yi","4.67","OK"
"8i8yn","32.97","OK"
"8i8yu","0.00","OK"
"8i8z4","1258.31","OK"
"8i8zd","0.00","OK"
"8i8ze","225.05","OK"
"8i8zi","5.04","OK"
"8i903","57.76","OK"
"8i90i","0.00","OK"
"8i90k","74774.52","Fraud"
"8i90m","5819.31","OK"
"8i91i","35387.97","OK"
"8i922","112935.47","OK"
"8i92t","31801.31","OK"
"8i92u","0.00","OK"
"8i930","10170.04","Observation"
"8i932","2.25","OK"
"8i936","2664.35","OK"
"8i93o","12.69","OK"
"8i93q","761.43","OK"
"8i941","276.08","OK"
"8i949","577.63","OK"
"8i94e","0.00","OK"
"8i94n","0.00","OK"
"8i94y","0.00","OK"
"8i95z","31.18","OK"
"8i969","1145.35","OK"
"8i96u","0.00","OK"
"8i96x","4.29","OK"
"8i98h","2.25","OK"
"8i99h","8.24","OK"
"8i9a2","0.00","OK"
"8i9at","24.67","OK"
"8i9aw","26959.58","OK"
"8i9b4","0.16","OK"
"8i9bj","37.56","OK"
"8i9bm","16540.69","OK"
"8i9bs","9.00","OK"
"8i9bw","4.24","OK"
"8i9bx","18.75","OK"
"8i9cn","32.56","OK"
"8i9co","182.25","OK"
"8i9cr","81.00","OK"
"8i9d0","0.00","OK"
"8i9d1","0.00","OK"
"8i9d5","552.25","OK"
"8i9da","6600.89","OK"
"8i9db","0.00","OK"
"8i9dg","0.00","OK"
"8i9dp","0.00","OK"
"8i9dv","10.92","OK"
"8i9e1","0.00","OK"
"8i9e9","663.47","OK"
"8i9ed","0.00","OK"
"8i9eg","0.00","OK"
"8i9eq","0.00","OK"
"8i9f0","1.00","OK"
"8i9fl","0.89","OK"
"8i9fv","0.00","OK"
"8i9g2","0.00","OK"
"8i9gl","0.00","OK"
"8i9h8","0.00","OK"
"8i9hj","0.00","OK"
"8i9hm","2809.00","OK"
"8i9hn","132.25","OK"
"8i9ht","0.00","OK"
"8i9hu","55726.22","OK"
"8i9hw","0.00","OK"
"8i9hx","0.00","OK"
"8i9hz","0.00","OK"
"8i9i1","0.00","OK"
"8i9i3","999999.99","OK"
"8i9i4","0.00","OK"
"8i9i5","105625.00","Observation"
"8i9i7","3136.00","OK"
"8i9i9","0.00","OK"
"8i9ia","122150.25","OK"
"8i9ib","0.00","OK"
"8i9ic","25122.25","OK"
"8i9id","0.00","OK"
"8i9ie","0.00","OK"
"8i9ig","0.00","OK"
"8i9ih","0.00","OK"
"8i9ii","0.00","Observation"
"8i9ij","0.00","OK"
"8i9ik","0.00","OK"
"8i9im","58939.56","OK"
"8i9in","124367.67","OK"
"8i9ip","0.00","OK"
"8i9j4","712336.00","OK"
"8i9j6","0.00","Observation"
"8i9jf","0.00","OK"
"8i9jg","31401.84","OK"
"8i9ji","0.00","OK"
"8i9jj","0.00","OK"
"8i9jr","0.00","OK"
"8i9kq","121.91","OK"
"8i9ky","0.00","OK"
"8i9nd","0.00","OK"
"8i9ng","0.00","OK"
"8i9np","706.77","OK"
"8i9os","0.00","OK"
"8i9ot","18359.06","OK"
"8i9p1","1.56","OK"
"8i9p3","16.00","OK"
"8i9p4","0.89","OK"
"8i9p7","23.22","OK"
"8i9p8","4.11","OK"
"8i9pt","0.00","OK"
"8i9q6","0.00","OK"
"8i9ql","637494.30","OK"
"8i9qu","231.56","OK"
"8i9s9","12492.67","OK"
"8i9sm","1.41","OK"
"8i9t0","0.00","OK"
"8i9tt","26.56","OK"
"8i9u6","2.25","OK"
"8i9vn","3362.52","OK"
"8i9ws","494.15","Fraud"
"8i9xb","361.00","OK"
"8i9z5","0.00","OK"
"8i9z6","9.00","OK"
"8i9z7","0.00","OK"
"8i9zb","0.00","OK"
"8i9zp","1517.80","OK"
"8i9zy","1.10","OK"
"8ia0j","35.44","OK"
"8ia0n","100.00","OK"
"8ia11","22.69","OK"
"8ia16","2665.25","OK"
"8ia19","0.00","OK"
"8ia1e","0.00","OK"
"8ia25","0.00","OK"
"8ia51","20.25","OK"
"8ia54","0.00","OK"
"8ia62","9.00","OK"
"8ia6z","0.00","OK"
"8ia7h","6.20","OK"
"8ia7p","85.91","OK"
"8ia7z","0.00","OK"
"8ia80","21233.40","OK"
"8ia8k","0.00","OK"
"8ia8u","88.62","OK"
"8ia99","0.00","OK"
"8ia9b","342.25","OK"
"8ia9d","0.00","OK"
"8ia9m","317.84","OK"
"8ia9n","0.00","OK"
"8iaa6","0.00","OK"
"8iaar","9.14","OK"
"8iaay","179.75","OK"
"8iaaz","13.33","OK"
"8iab9","316.39","OK"
"8iabd","27.89","OK"
"8iabk","5.56","OK"
"8iabp","209.36","OK"
"8iac5","0.00","OK"
"8iac6","4724.67","OK"
"8iact","0.00","OK"
"8iadk","60.77","OK"
"8iadn","0.00","OK"
"8iadr","999999.99","Observation"
"8iadt","125334.18","OK"
"8iae2","0.00","OK"
"8iae4","0.00","OK"
"8iaeq","0.00","OK"
"8iafg","0.00","OK"
"8iafi","177.80","OK"
"8iagk","1681.00","OK"
"8iagn","0.00","OK"
"8iagp","7.25","OK"
"8iagv","3.87","OK"
"8iah0","1.11","OK"
"8iaim","0.00","OK"
"8iaj2","3784.44","OK"
"8iajv","0.00","OK"
"8iak0","135.49","OK"
"8iaks","2.25","OK"
"8ial7","0.00","OK"
"8ialk","0.00","OK"
"8ialy","10301.00","OK"
"8iam0","0.00","OK"
"8iam4","0.00","OK"
"8iamd","999999.99","Observation"
"8iaml","0.25","OK"
"8iaob","0.00","OK"
"8iaps","0.00","OK"
"8iaqk","0.00","OK"
"8iaqp","7.60","OK"
"8iaqy","0.00","OK"
"8iar6","2.25","OK"
"8iark","18.24","OK"
"8iaru","60.67","OK"
"8iasq","3.76","OK"
"8iasz","1028.46","Observation"
"8iata","128.90","OK"
"8iatv","3754.50","OK"
"8iau4","320.89","OK"
"8iau5","0.00","OK"
"8iau7","210.25","OK"
"8iauu","101357.31","OK"
"8iavq","43269.98","OK"
"8iavx","0.00","OK"
"8iawe","0.00","OK"
"8iawh","0.00","OK"
"8iaxa","1.00","OK"
"8iaxj","999999.99","Fraud"
"8iayy","0.00","OK"
"8iazm","55792.24","OK"
"8ib0l","1727.76","OK"
"8ib0m","0.00","OK"
"8ib12","25.43","OK"
"8ib14","4.00","OK"
"8ib16","1457.91","OK"
"8ib1i","0.00","OK"
"8ib1j","0.00","OK"
"8ib1t","22.22","OK"
"8ib1v","0.00","OK"
"8ib1x","0.00","OK"
"8ib25","0.00","OK"
"8ib26","0.00","OK"
"8ib2d","0.00","OK"
"8ib2w","3.82","OK"
"8ib34","0.25","OK"
"8ib46","0.00","OK"
"8ib4v","0.25","OK"
"8ib4y","4.69","OK"
"8ib4z","6370.37","OK"
"8ib56","91620.33","OK"
"8ib5i","512429.89","OK"
"8ib63","0.22","OK"
"8ib6f","0.25","OK"
"8ib6i","4.00","OK"
"8ib6x","1157.84","OK"
"8ib7h","114.00","OK"
"8ib7i","0.00","OK"
"8ib9m","0.00","OK"
"8ib9o","0.00","OK"
"8ib9v","0.00","OK"
"8ibah","20977.93","OK"
"8ibam","0.00","OK"
"8ibay","0.00","OK"
"8ibbr","17.58","OK"
"8ibbv","0.00","OK"
"8ibcb","0.00","OK"
"8ibcv","31.24","OK"
"8ibdg","195.51","OK"
"8ibdl","4.25","OK"
"8ibdm","35146.70","OK"
"8iber","0.00","OK"
"8ibf5","0.00","OK"
"8ibfa","0.00","OK"
"8ibg2","100.00","OK"
"8ibg6","0.00","OK"
"8ibgj","4.67","OK"
"8ibgo","2.25","OK"
"8ibgx","309.76","OK"
"8ibhn","0.00","OK"
"8ibid","1.25","OK"
"8ibiw","1.19","OK"
"8ibjf","847.76","OK"
"8ibjo","79.90","OK"
"8ibke","0.00","OK"
"8ibkr","27617.94","Fraud"
"8ibl1","0.00","OK"
"8ibmd","0.00","OK"
"8ibmq","0.00","OK"
"8ibmx","0.64","OK"
"8ibn2","0.00","OK"
"8ibnz","0.00","OK"
"8ibo7","0.16","OK"
"8ibop","0.64","OK"
"8ibp0","475.19","OK"
"8ibp7","0.00","OK"
"8ibp9","64.00","OK"
"8ibpi","0.25","OK"
"8ibr7","0.00","OK"
"8ibt9","6.61","OK"
"8ibtd","0.00","OK"
"8ibub","0.00","OK"
"8ibug","2401.00","OK"
"8ibum","78.28","OK"
"8ibup","1122.85","OK"
"8ibv4","25688.87","OK"
"8ibw8","12932.67","OK"
"8ibxb","420.77","OK"
"8ic07","93.56","OK"
"8ic0m","7151.08","OK"
"8ic0y","20.76","OK"
"8ic1s","10.89","OK"
"8ic1t","846.44","OK"
"8ic1x","0.00","OK"
"8ic26","1241.63","OK"
"8ic2e","0.00","OK"
"8ic2q","0.00","OK"
"8ic3a","25.69","OK"
"8ic3g","0.00","OK"
"8ic3o","17.73","OK"
"8ic3r","0.00","OK"
"8ic3w","0.00","OK"
"8ic46","51.23","OK"
"8ic4i","90.75","OK"
"8ic4v","3064.41","OK"
"8ic50","0.00","OK"
"8ic51","0.00","OK"
"8ic55","0.00","OK"
"8ic56","39467.62","OK"
"8ic59","0.00","OK"
"8ic5b","20.25","OK"
"8ic6b","108.79","OK"
"8ic6d","0.00","OK"
"8ic6r","0.00","OK"
"8ic78","0.00","OK"
"8ic7z","0.25","OK"
"8ic8g","0.67","OK"
"8ic9a","0.22","OK"
"8ic9l","15.96","OK"
"8ic9r","0.25","OK"
"8ica0","98.00","OK"
"8icam","2.61","OK"
"8icaw","30.81","OK"
"8icb3","0.22","OK"
"8icb9","0.00","OK"
"8icbb","46.19","OK"
"8iccd","114.51","OK"
"8iccn","252.98","OK"
"8icdb","557.09","OK"
"8icdj","0.00","OK"
"8ice8","1203.93","OK"
"8icee","33.22","OK"
"8icef","126.89","OK"
"8icfc","0.00","OK"
"8icfe","491536.40","Observation"
"8icff","56147.94","Observation"
"8icfm","0.00","OK"
"8icgh","0.00","OK"
"8ich8","0.00","OK"
"8ichd","9265.11","OK"
"8ichj","0.00","OK"
"8ichk","1737.30","OK"
"8ichs","0.00","OK"
"8ichw","0.00","OK"
"8icia","1075.17","OK"
"8icim","0.00","OK"
"8icin","27533.39","OK"
"8icix","0.00","OK"
"8icoz","0.00","OK"
"8icp7","922.15","OK"
"8icq7","2.86","OK"
"8ictc","7.00","OK"
"8ictf","0.00","OK"
"8ictz","98.48","OK"
"8icu9","14.84","OK"
"8icuy","65.46","OK"
"8icv3","0.00","OK"
"8icvc","10.99","OK"
"8icwe","1.44","OK"
"8icx6","0.00","OK"
"8icxc","1.69","OK"
"8icxd","0.00","OK"
"8icxf","5.56","OK"
"8icxl","252.69","OK"
"8icyy","1.00","OK"
"8icz2","170.49","OK"
"8iczh","5934.82","Fraud"
"8id02","10823.17","OK"
"8id03","1054.90","OK"
"8id0y","0.56","OK"
"8id0z","52.17","OK"
"8id1a","12.25","OK"
"8id2f","0.00","OK"
"8id2s","0.00","OK"
"8id2w","0.00","OK"
"8id2z","5.69","OK"
"8id56","0.00","OK"
"8id57","1042.39","OK"
"8id5b","0.00","OK"
"8id5p","53036.69","Fraud"
"8id6y","19229.73","OK"
"8id6z","3.81","OK"
"8id7o","355.93","OK"
"8id7z","0.00","OK"
"8id89","2.25","OK"
"8id8z","0.00","OK"
"8id9y","0.00","OK"
"8ida1","17977.07","OK"
"8idam","0.00","OK"
"8idbx","92.67","OK"
"8idc4","0.00","OK"
"8iddj","361.00","OK"
"8iddv","0.00","OK"
"8iddw","32.00","OK"
"8ide1","0.80","OK"
"8ide5","0.00","OK"
"8idem","0.25","OK"
"8idf6","0.00","OK"
"8idfl","0.67","OK"
"8idg8","0.00","OK"
"8idgb","0.00","OK"
"8idh3","0.00","OK"
"8idhm","3362.41","Fraud"
"8idhn","4.11","OK"
"8idhp","66.25","OK"
"8idhs","3.56","OK"
"8idht","0.00","OK"
"8idhw","0.00","OK"
"8idi0","0.00","OK"
"8idi1","3.89","OK"
"8idi4","0.25","OK"
"8idi5","5.56","OK"
"8idi7","32.41","OK"
"8idib","0.00","OK"
"8idit","15038.96","Fraud"
"8idmr","4.00","OK"
"8idn9","2.75","OK"
"8idnv","0.00","OK"
"8idny","0.00","OK"
"8ido2","138.89","OK"
"8idoa","22.89","OK"
"8idob","0.25","OK"
"8idoc","0.25","OK"
"8idou","1.00","OK"
"8idp1","0.00","OK"
"8idp3","0.00","OK"
"8ie57","0.00","OK"
"8ie5k","0.00","OK"
"8ie7p","0.00","OK"
"8ie82","1.00","OK"
"8ie98","0.00","OK"
"8ie9s","0.00","OK"
"8iea1","0.67","OK"
"8ieaq","31.36","OK"
"8ieaz","492.18","OK"
"8ieb4","1.00","OK"
"8iebt","0.00","OK"
"8iebx","8.00","OK"
"8ief6","8.00","OK"
"8iefb","1178.86","OK"
"8iefl","6422.18","OK"
"8iefo","0.00","OK"
"8iefs","0.00","OK"
"8ieg2","238.84","OK"
"8iegi","0.00","OK"
"8ieh3","8.00","OK"
"8iehk","26.16","OK"
"8ieht","999999.99","Observation"
"8iejt","1.00","OK"
"8iel9","991.81","OK"
"8ielc","8.67","OK"
"8iem5","74370.89","Fraud"
"8iemj","0.00","OK"
"8ien9","5.50","OK"
"8ieo7","0.00","OK"
"8ieol","9.06","OK"
"8ieqn","15.36","OK"
"8iequ","0.00","OK"
"8ies6","5.76","OK"
"8ies8","535.46","OK"
"8ieso","0.00","OK"
"8iet9","256689.76","OK"
"8ietw","0.00","OK"
"8ieuh","0.00","OK"
"8iev9","0.00","OK"
"8ievj","0.00","OK"
"8ievt","68.67","OK"
"8ievz","1558.69","Fraud"
"8iex1","137.19","OK"
"8iex9","24040.40","OK"
"8iexi","5.56","OK"
"8iext","5.56","OK"
"8if13","23.82","OK"
"8if2b","0.00","OK"
"8if3m","48.22","OK"
"8if4w","0.00","OK"
"8if5c","0.00","OK"
"8if5p","0.00","OK"
"8if6n","0.00","OK"
"8if7b","0.00","OK"
"8if9o","28508.82","Fraud"
"8ifa1","999999.99","Observation"
"8ifan","188.19","OK"
"8ifcw","6442.19","Fraud"
"8ifem","0.00","OK"
"8iff5","2.25","OK"
"8iff6","0.00","OK"
"8iffk","236.20","OK"
"8ifg0","0.00","OK"
"8ifg9","0.00","OK"
"8ifgn","2.25","OK"
"8ifik","480.13","OK"
"8ifm5","0.25","OK"
"8ifma","1165.05","OK"
"8ifmk","0.00","OK"
"8ifna","0.00","OK"
"8ifnd","0.00","OK"
"8ifog","137.17","OK"
"8ifov","50.08","OK"
"8ifqc","1038.96","OK"
"8ifqi","97931.29","Fraud"
"8ifqk","705.09","OK"
"8ifvn","0.00","OK"
"8ifwd","0.00","OK"
"8ifzw","0.00","OK"
"8ig0z","1.00","OK"
"8ig13","0.00","OK"
"8ig4x","0.00","OK"
"8ig5c","1.56","OK"
"8ig76","490.31","OK"
"8ig8i","0.00","OK"
"8igb7","26.89","OK"
"8igbs","4.00","OK"
"8igbt","5.56","OK"
"8igbu","5.56","OK"
"8igc1","129.04","OK"
"8igcb","0.48","OK"
"8igdb","1.00","OK"
"8igdp","0.00","OK"
"8igem","0.00","OK"
"8igew","0.00","OK"
"8igfs","61.20","OK"
"8igh8","5.56","OK"
"8igih","0.00","OK"
"8igj2","90.45","OK"
"8igji","0.00","OK"
"8igkk","0.00","OK"
"8igkp","4.04","OK"
"8igl1","113.14","OK"
"8igl7","0.25","OK"
"8iglk","0.00","OK"
"8igm1","1.00","OK"
"8igm8","7.44","OK"
"8igmr","16.00","OK"
"8ign1","0.00","OK"
"8ignc","0.00","OK"
"8igne","0.00","OK"
"8igo3","9.36","OK"
"8igo7","419.83","OK"
"8igox","0.00","OK"
"8igpd","0.00","OK"
"8igpr","0.19","OK"
"8igql","7.44","OK"
"8igqx","0.00","OK"
"8igr1","0.00","OK"
"8igsh","0.00","OK"
"8igsi","0.19","OK"
"8igts","0.25","OK"
"8igv1","14.56","OK"
"8igvd","0.22","OK"
"8igy3","1.43","OK"
"8igyy","7906.03","Observation"
"8igz8","6.19","OK"
"8igzo","0.00","OK"
"8igzs","0.00","OK"
"8igzy","0.00","OK"
"8igzz","0.00","OK"
"8ih09","1802.54","Fraud"
"8ih1h","2.69","OK"
"8ih1j","0.00","OK"
"8ih20","0.98","OK"
"8ih2n","51.28","OK"
"8ih3o","0.00","OK"
"8ih4k","0.89","OK"
"8ih6i","0.25","OK"
"8iha2","5692.99","Observation"
"8ihab","30.25","OK"
"8ihac","4.00","OK"
"8ihaj","72.00","OK"
"8ihba","4972.09","Observation"
"8ihbr","0.00","OK"
"8ihbx","200646.28","OK"
"8ihc4","5893.43","OK"
"8ihcj","0.00","OK"
"8ihck","50.00","OK"
"8ihcm","0.00","OK"
"8ihct","0.25","OK"
"8ihcu","2.21","OK"
"8ihd5","2.25","OK"
"8ihdv","29.34","OK"
"8ihe5","1605.34","OK"
"8ihhk","0.00","OK"
"8ihij","1.00","OK"
"8ihik","34.22","OK"
"8ihk7","194179.60","Observation"
"8ihkj","0.00","OK"
"8ihkt","3067.50","OK"
"8ihl1","0.00","Fraud"
"8ihl9","420.38","OK"
"8ihlr","110.49","OK"
"8ihn7","171.73","OK"
"8ihna","172.25","OK"
"8ihnk","0.00","OK"
"8ihot","0.16","OK"
"8ihpi","999999.99","OK"
"8ihqx","0.00","OK"
"8ihrz","0.00","OK"
"8ihs5","6.47","OK"
"8ihsd","0.00","OK"
"8ihsp","199.36","OK"
"8ihth","7.36","OK"
"8ihtk","0.00","OK"
"8ihtv","114.00","OK"
"8ihue","0.00","OK"
"8ihuk","0.00","OK"
"8ihup","518.19","OK"
"8ihuv","0.00","OK"
"8ihuy","0.00","OK"
"8ihv1","684.41","OK"
"8ihvb","0.00","OK"
"8ihwi","0.00","OK"
"8ihwm","0.22","OK"
"8ihxc","0.00","OK"
"8ihxl","0.00","OK"
"8ihxp","0.00","OK"
"8ihxy","0.00","OK"
"8ihy6","0.25","OK"
"8ihyb","0.00","OK"
"8ihyi","0.00","OK"
"8ihz5","0.00","OK"
"8ihzv","0.00","OK"
"8ihzw","2.25","OK"
"8ihzy","452.25","OK"
"8ii07","8.50","OK"
"8ii0g","7482.25","OK"
"8ii0i","6084.00","OK"
"8ii0k","1806.25","OK"
"8ii11","39617.69","OK"
"8ii14","0.00","OK"
"8ii1p","0.19","OK"
"8ii1r","21090.08","OK"
"8ii26","5461.50","OK"
"8ii2b","3368.54","OK"
"8ii2l","0.00","OK"
"8ii2n","0.00","OK"
"8ii3a","0.00","OK"
"8ii4l","0.00","OK"
"8ii4n","0.00","OK"
"8ii4y","0.00","OK"
"8ii58","46.62","OK"
"8ii5a","11.21","OK"
"8ii5u","0.00","OK"
"8ii6o","1.19","OK"
"8ii7u","0.00","OK"
"8ii9a","7136.73","OK"
"8iiai","0.00","OK"
"8iiby","2.00","OK"
"8iic8","0.00","OK"
"8iicn","1.00","OK"
"8iid3","7374.24","OK"
"8iid4","161500.60","Fraud"
"8iidh","50.12","OK"
"8iidk","3839.13","OK"
"8iidm","20641.55","OK"
"8iidn","8976.04","OK"
"8iidr","21895.50","OK"
"8iie9","20.25","OK"
"8iieo","0.00","OK"
"8iig5","8707.57","OK"
"8iigf","0.00","OK"
"8iigk","0.00","OK"
"8iigl","6170.17","OK"
"8iigz","331.10","OK"
"8iih9","4870.22","OK"
"8iiii","0.00","OK"
"8iiiv","0.00","OK"
"8iij1","0.00","OK"
"8iijd","0.00","OK"
"8iijk","109.74","OK"
"8iijt","9687.07","OK"
"8iik1","9517.94","OK"
"8iilm","0.00","OK"
"8iim7","0.00","OK"
"8iimi","0.00","OK"
"8iina","17394.00","OK"
"8iinm","0.00","OK"
"8iiov","0.19","OK"
"8iiq8","0.00","OK"
"8iiqq","0.00","OK"
"8iir0","470.22","OK"
"8iird","346.36","OK"
"8iitn","0.00","OK"
"8iitu","4974.93","OK"
"8iitv","28.19","OK"
"8iivd","2003.43","OK"
"8iivr","0.00","OK"
"8iiwo","0.00","OK"
"8iix3","0.00","OK"
"8iixo","63.22","OK"
"8iixv","289.00","OK"
"8iixy","4.00","OK"
"8iixz","0.22","OK"
"8iiy4","3491.58","OK"
"8iiyk","29.24","OK"
"8ij00","0.25","OK"
"8ij02","0.00","OK"
"8ij0g","456840.76","OK"
"8ij0y","0.00","OK"
"8ij1v","0.00","OK"
"8ij22","0.00","OK"
"8ij28","0.25","OK"
"8ij2q","138.81","OK"
"8ij2z","1332.25","OK"
"8ij34","0.00","OK"
"8ij3p","0.00","OK"
"8ij42","3695.70","OK"
"8ij4e","0.22","OK"
"8ij4s","0.00","OK"
"8ij4w","0.67","OK"
"8ij4y","40.38","OK"
"8ij4z","0.25","OK"
"8ij59","1031.75","OK"
"8ij5w","784.00","OK"
"8ij62","0.00","OK"
"8ij63","25.00","OK"
"8ij6x","22.22","OK"
"8ij77","0.00","OK"
"8ij7g","0.00","OK"
"8ij8t","0.00","OK"
"8ij92","5120.91","OK"
"8ij9m","589.56","OK"
"8ijat","0.00","OK"
"8ijb4","0.47","OK"
"8ijb7","1.28","OK"
"8ijb8","25012.09","OK"
"8ijba","19345.80","OK"
"8ijbf","2609.19","OK"
"8ijcm","34.91","OK"
"8ijd3","48.00","OK"
"8ijdf","0.00","OK"
"8ije6","3.56","OK"
"8ijed","0.00","OK"
"8ijei","2.67","OK"
"8ijeq","1.00","OK"
"8ijf6","0.16","OK"
"8ijfb","200.45","OK"
"8ijfd","9304.86","OK"
"8ijfl","0.00","OK"
"8ijgn","0.25","OK"
"8ijj1","0.00","OK"
"8ijjb","0.89","OK"
"8ijlc","0.22","OK"
"8ijmb","0.00","OK"
"8ijod","7.99","OK"
"8ijq9","1.96","OK"
"8ijql","446.16","Observation"
"8ijqm","0.00","OK"
"8ijqn","0.00","OK"
"8ijqw","0.69","OK"
"8ijro","25.51","OK"
"8ijs4","0.00","OK"
"8ijsn","10.89","OK"
"8ijsu","2.25","OK"
"8ijtd","0.00","OK"
"8ijub","13.47","OK"
"8ijva","1.00","OK"
"8ijw3","35.91","OK"
"8ijwf","0.00","OK"
"8ijx4","0.53","OK"
"8ijy9","115.25","OK"
"8ijyd","5905.86","OK"
"8ijzd","1097.40","Observation"
"8ijze","47.53","OK"
"8ijzf","0.20","OK"
"8ijzi","11284.71","OK"
"8ijzj","2933.08","Fraud"
"8ijzx","475825.96","OK"
"8ik0f","0.00","OK"
"8ik0g","0.00","OK"
"8ik0y","0.00","OK"
"8ik15","0.00","OK"
"8ik16","0.00","OK"
"8ik1o","0.00","OK"
"8ik1t","0.50","OK"
"8ik2b","29.11","OK"
"8ik2u","11.00","OK"
"8ik4w","2.69","OK"
"8ik58","226530.50","OK"
"8ik59","85.04","OK"
"8ik67","0.00","OK"
"8ik6c","0.00","OK"
"8ik6x","0.00","OK"
"8ik7d","6086.89","OK"
"8ik7m","0.00","OK"
"8ik7q","0.00","OK"
"8ik9c","2.25","OK"
"8ik9l","0.00","OK"
"8ik9s","0.22","OK"
"8ik9t","932.67","OK"
"8ika3","36.00","OK"
"8ikah","37354.00","OK"
"8ikap","0.00","OK"
"8ikaq","0.00","OK"
"8ikb5","0.00","OK"
"8ikba","0.00","OK"
"8ikc8","0.00","OK"
"8ikdj","16.69","OK"
"8ikdw","64.36","OK"
"8ike2","18.64","OK"
"8ikf1","0.00","OK"
"8ikfo","49.00","OK"
"8ikg6","0.00","OK"
"8ikg9","0.00","OK"
"8iki8","0.00","OK"
"8ikip","985.65","OK"
"8ikjp","22.22","OK"
"8iklg","0.00","OK"
"8ikm9","64.09","OK"
"8ikme","569.56","OK"
"8ikmz","0.00","OK"
"8ikn6","97.12","OK"
"8ikna","0.00","OK"
"8ikou","0.00","OK"
"8ikpq","486.00","Observation"
"8ikr4","65522.67","OK"
"8iks0","34.33","OK"
"8ikt9","110313.71","Fraud"
"8ikuf","0.00","OK"
"8ikvr","56.79","OK"
"8ikyc","0.00","OK"
"8ikzq","1664.61","OK"
"8il0o","197988.80","Fraud"
"8il17","0.22","OK"
"8il1w","15574.80","OK"
"8il22","184.22","OK"
"8il2j","50.00","OK"
"8il2x","7940.73","OK"
"8il3g","924.95","OK"
"8il3o","0.19","OK"
"8il3v","340.64","OK"
"8il4c","190.64","OK"
"8il4n","3063.76","OK"
"8il4r","0.00","OK"
"8il6b","512.89","OK"
"8il79","10.09","OK"
"8il7m","0.00","OK"
"8il8k","1.44","OK"
"8ilbu","2173.27","OK"
"8ilbx","485888.72","OK"
"8ilc9","0.00","OK"
"8ildb","82.69","OK"
"8ildi","90060.76","OK"
"8ildn","0.19","OK"
"8ilee","0.00","OK"
"8ilel","1.06","OK"
"8ilf9","1165.76","OK"
"8ilff","64.00","OK"
"8ilfu","16949.50","OK"
"8ilh8","0.00","OK"
"8ili5","0.00","OK"
"8iljx","108455.74","OK"
"8iljy","209.25","OK"
"8ill4","1.00","OK"
"8ilm3","0.00","OK"
"8ilm4","15.88","OK"
"8ilma","0.22","OK"
"8ilmh","0.25","OK"
"8ilnq","0.00","OK"
"8ilnu","17.00","OK"
"8iloh","9.00","OK"
"8ilok","84985.52","Observation"
"8ilp2","1.69","OK"
"8ilqt","455263.30","OK"
"8ils4","0.00","OK"
"8ils9","3296.32","Observation"
"8ilu4","0.00","OK"
"8iluh","0.00","OK"
"8iluo","0.25","OK"
"8iluy","136161.00","Observation"
"8ilyg","9.00","OK"
"8ilzp","671.28","OK"
"8ilzu","0.00","OK"
"8im0u","25988.77","OK"
"8im11","0.00","OK"
"8im12","0.00","OK"
"8im1a","0.00","OK"
"8im1j","0.00","OK"
"8im29","1.00","OK"
"8im41","1950.54","OK"
"8im4f","10766.89","OK"
"8im4k","1.44","OK"
"8im4l","0.25","OK"
"8im50","0.00","OK"
"8im59","999999.99","OK"
"8im6c","5.25","OK"
"8im6t","95412.73","OK"
"8im78","348.87","OK"
"8im90","0.00","OK"
"8im9a","225976.00","OK"
"8imbb","0.00","OK"
"8imcs","9970.67","OK"
"8imd2","999999.99","OK"
"8imdp","0.00","OK"
"8imdt","34.96","OK"
"8ime3","129.82","OK"
"8ime7","359.14","OK"
"8imef","4.00","OK"
"8imfu","0.00","OK"
"8img5","0.00","OK"
"8imgt","39175.99","OK"
"8imh7","2.00","OK"
"8imho","0.25","OK"
"8imhp","0.00","OK"
"8imhz","156.25","OK"
"8imi0","0.22","OK"
"8imib","6.81","OK"
"8imik","0.00","OK"
"8imk8","299.15","Observation"
"8imkc","639.61","Observation"
"8imkd","3536.45","OK"
"8imko","0.00","OK"
"8immj","560843.20","OK"
"8immk","74.25","OK"
"8immq","0.00","OK"
"8immu","0.24","OK"
"8imna","161.58","OK"
"8imob","1259.70","OK"
"8impo","4290.25","OK"
"8imqe","1350.83","OK"
"8imqn","0.00","OK"
"8imrg","0.00","OK"
"8imrr","1122.25","OK"
"8ims6","46159.73","Fraud"
"8imt7","0.00","OK"
"8imtk","3.56","OK"
"8imtz","0.00","OK"
"8imu3","150.89","OK"
"8imv2","192.05","OK"
"8imvn","17295.22","OK"
"8imvu","2.00","OK"
"8imw6","1.56","OK"
"8imwm","57.33","OK"
"8imwn","400.00","OK"
"8imwx","68547.11","OK"
"8imxk","0.00","OK"
"8imxz","22.69","OK"
"8imy8","0.00","OK"
"8imyq","0.00","OK"
"8imyz","0.22","OK"
"8imz2","12.56","OK"
"8imza","50.67","OK"
"8imzd","16273.96","OK"
"8imze","8.40","OK"
"8imzr","1035.65","OK"
"8imzv","702.25","OK"
"8in00","0.00","OK"
"8in07","0.00","OK"
"8in0d","114373.21","OK"
"8in0q","0.00","OK"
"8in1c","2.57","OK"
"8in1d","123.58","OK"
"8in1s","63780.68","OK"
"8in1t","39309.62","OK"
"8in1y","0.00","OK"
"8in20","0.00","OK"
"8in2d","48.00","OK"
"8in2g","0.00","OK"
"8in34","21.89","OK"
"8in35","75.75","OK"
"8in36","0.00","OK"
"8in3c","307794.81","OK"
"8in41","0.00","OK"
"8in43","0.00","OK"
"8in49","3.00","OK"
"8in4e","0.00","OK"
"8in66","56.19","OK"
"8in69","999999.99","OK"
"8in6a","999999.99","OK"
"8in7f","869.00","OK"
"8in80","9.00","OK"
"8in8e","1012.91","Fraud"
"8in8l","0.00","OK"
"8in8z","0.00","OK"
"8in9f","0.00","OK"
"8in9m","0.00","OK"
"8ina8","0.00","OK"
"8inag","4.69","OK"
"8inat","0.22","OK"
"8inay","999999.99","OK"
"8inbg","0.00","OK"
"8inca","0.00","OK"
"8incg","0.00","OK"
"8inch","0.00","OK"
"8inck","2615.64","OK"
"8ind9","0.00","OK"
"8indc","297.60","OK"
"8inei","1445.26","OK"
"8inf7","47.53","OK"
"8ingg","109.47","OK"
"8ings","1428.50","OK"
"8inhr","12988.36","OK"
"8ini4","8.22","OK"
"8ini5","0.00","OK"
"8inig","72.47","OK"
"8inil","175.39","OK"
"8injc","32.56","OK"
"8injo","0.00","OK"
"8inkd","4.69","OK"
"8inld","0.25","OK"
"8inn7","9978.21","OK"
"8ino6","17520.25","OK"
"8inp3","5.76","OK"
"8inrc","23.94","OK"
"8ins1","6320.40","OK"
"8insm","156.25","OK"
"8insr","0.00","OK"
"8intf","48.89","OK"
"8inu8","4.00","OK"
"8inum","488.48","OK"
"8invg","0.00","OK"
"8inwd","398.25","OK"
"8inwo","769.49","OK"
"8inwq","86.20","OK"
"8inwx","0.00","OK"
"8inz6","0.00","OK"
"8inz8","4642.16","OK"
"8io28","650.25","OK"
"8io3k","0.00","OK"
"8io3v","0.00","OK"
"8io4k","0.00","OK"
"8io4t","1.56","OK"
"8io5j","16608.16","OK"
"8io5s","40213.43","OK"
"8io79","0.00","OK"
"8io7a","0.00","OK"
"8io8s","1490.76","OK"
"8io95","3.51","OK"
"8io9t","42.25","OK"
"8ioac","0.00","OK"
"8ioad","13384.96","Observation"
"8ioaf","4906.25","OK"
"8iob1","16.73","OK"
"8ioby","4.22","OK"
"8iofb","0.16","OK"
"8iohm","0.00","OK"
"8ioj0","0.00","OK"
"8iok5","0.00","OK"
"8iokr","0.00","OK"
"8ioml","0.00","OK"
"8iomw","0.00","OK"
"8ionb","0.00","OK"
"8ionh","0.00","OK"
"8ionj","0.00","OK"
"8ioo5","0.00","OK"
"8ioo7","8.50","OK"
"8ioov","0.00","OK"
"8ioqe","8421.76","OK"
"8ior0","0.89","OK"
"8iory","0.25","OK"
"8iosv","40803.49","OK"
"8iot1","2335.80","OK"
"8iott","0.00","OK"
"8iou1","40.50","OK"
"8iou5","0.00","OK"
"8iou8","575.34","OK"
"8ioui","0.00","OK"
"8ioul","0.00","OK"
"8iow5","0.00","OK"
"8iowu","566.89","OK"
"8ioyh","0.00","OK"
"8ioyz","0.00","OK"
"8iozi","76.22","OK"
"8ip10","0.00","OK"
"8ip1i","0.00","OK"
"8ip1v","6188.15","OK"
"8ip45","28479.47","OK"
"8ip46","0.00","OK"
"8ip4d","63436.25","OK"
"8ip5p","23575.23","OK"
"8ip5q","688.23","OK"
"8ip65","0.00","OK"
"8ip71","11448.37","Observation"
"8ip85","0.00","OK"
"8ip8o","0.89","OK"
"8ipat","0.25","OK"
"8ipcr","1.50","OK"
"8ipdk","0.00","OK"
"8ipdp","0.16","OK"
"8ipdr","1.00","OK"
"8ipeq","1.00","OK"
"8ipg0","0.89","OK"
"8ipg1","0.89","OK"
"8ipgq","50.69","OK"
"8ipgz","0.00","OK"
"8iph1","0.00","OK"
"8ipif","0.00","OK"
"8ipiu","4.00","OK"
"8ipks","10.36","OK"
"8ipls","960.19","OK"
"8ipm4","1.25","OK"
"8ipn0","6.25","OK"
"8ipoi","0.00","OK"
"8ipoo","6016.98","OK"
"8ippe","0.00","OK"
"8ippl","0.00","OK"
"8ipr3","454.48","OK"
"8iprx","0.00","OK"
"8ipxe","1340.73","OK"
"8ipxf","0.00","OK"
"8iq0e","1340.67","OK"
"8iq0h","0.00","OK"
"8iq0l","59.98","OK"
"8iq0m","0.25","OK"
"8iq0q","18.96","OK"
"8iq0r","0.67","OK"
"8iq11","0.00","OK"
"8iq1n","9.00","OK"
"8iq1z","2133.97","Observation"
"8iq22","188.64","OK"
"8iq3b","107.47","OK"
"8iq4r","19505.29","OK"
"8iq53","729854.61","OK"
"8iq7l","0.00","OK"
"8iq7q","5.81","OK"
"8iq85","121.00","OK"
"8iqbs","0.00","OK"
"8iqd8","0.00","OK"
"8iqde","169.00","OK"
"8iqe6","4.67","OK"
"8iqec","0.00","OK"
"8iqee","0.00","OK"
"8iqez","0.00","OK"
"8iqfg","0.00","OK"
"8iqhl","0.00","OK"
"8iqip","0.00","OK"
"8iqjj","0.00","OK"
"8iqk3","2.75","OK"
"8iqks","0.00","OK"
"8iqni","0.00","OK"
"8iqnn","1.56","OK"
"8iqnv","126768.19","OK"
"8iqp5","0.00","OK"
"8iqqe","2.25","OK"
"8iqr5","0.00","OK"
"8iqsf","0.00","OK"
"8iqsw","0.00","OK"
"8iqtd","0.00","OK"
"8iqth","28.45","OK"
"8iqu0","0.00","OK"
"8iqu4","0.00","OK"
"8iqu5","0.00","OK"
"8iqua","0.00","OK"
"8iqug","5653.39","OK"
"8iqur","0.00","OK"
"8iquu","0.00","OK"
"8iqvd","0.00","OK"
"8iqvi","25.25","OK"
"8iqvo","0.00","OK"
"8iqvp","0.00","OK"
"8iqvs","0.00","OK"
"8iqw0","0.00","OK"
"8iqw1","26144.22","OK"
"8iqw2","0.00","OK"
"8iqw6","0.00","OK"
"8iqw8","556.22","OK"
"8iqw9","6.25","OK"
"8iqwa","18.29","OK"
"8iqwb","1.00","OK"
"8iqwc","0.00","OK"
"8iqwe","0.00","OK"
"8iqwf","0.00","OK"
"8iqwy","0.00","OK"
"8iqx9","1.84","OK"
"8iqxa","41.88","OK"
"8iqxb","0.24","OK"
"8iqxi","0.00","OK"
"8iqym","0.00","OK"
"8iqyw","417.37","OK"
"8iqzc","261.86","OK"
"8iqzg","29.63","OK"
"8iqzh","248.83","OK"
"8iqzi","84671.40","OK"
"8iqzk","10026.08","OK"
"8iqzl","80.21","OK"
"8iqzm","25.72","OK"
"8iqzn","52.69","OK"
"8iqzo","1681.80","OK"
"8iqzp","834.07","OK"
"8iqzs","7304.32","OK"
"8iqzu","13.95","OK"
"8iqzw","67214.43","OK"
"8iqzz","88.02","OK"
"8ir00","8919.14","OK"
"8ir01","31686.64","OK"
"8ir05","48003.67","Fraud"
"8ir06","3600.04","OK"
"8ir07","67584.47","OK"
"8ir09","2134.77","OK"
"8ir0d","149.71","OK"
"8ir0f","8981.56","OK"
"8ir0i","0.00","OK"
"8ir0v","0.25","OK"
"8ir0z","0.25","OK"
"8ir14","120.73","OK"
"8ir16","961.06","OK"
"8ir1o","0.25","OK"
"8ir25","4.69","OK"
"8ir28","0.00","OK"
"8ir2b","2.98","OK"
"8ir2e","38.35","OK"
"8ir2l","4.00","OK"
"8ir2o","0.00","OK"
"8ir2s","0.00","OK"
"8ir3v","9.19","OK"
"8ir4d","0.00","OK"
"8ir6j","0.00","OK"
"8ir6k","0.00","OK"
"8ir6w","0.00","OK"
"8ir7h","0.00","OK"
"8ir96","989.31","OK"
"8irab","703809.93","OK"
"8irb0","42.25","OK"
"8irbp","2246.29","OK"
"8irck","16.00","OK"
"8ircl","48.19","OK"
"8ircq","280.22","OK"
"8ircw","0.00","OK"
"8ircy","0.00","OK"
"8irdq","0.00","OK"
"8irdv","0.00","OK"
"8ire4","0.00","OK"
"8irek","0.00","OK"
"8irgx","0.00","OK"
"8irid","0.00","OK"
"8irih","13199.53","OK"
"8iriv","156.25","OK"
"8irjv","2.00","OK"
"8irk4","585.77","OK"
"8irkm","20.25","OK"
"8irl1","0.00","OK"
"8irlc","6237.69","OK"
"8irle","203.69","OK"
"8irll","888.37","Observation"
"8irob","992262.78","OK"
"8irot","25768.25","OK"
"8irq0","1911.50","OK"
"8irqh","0.00","OK"
"8irqi","0.00","OK"
"8irqk","0.25","OK"
"8irr8","0.00","OK"
"8irr9","4.00","OK"
"8irrl","0.00","OK"
"8irrw","0.00","OK"
"8irrx","1154.72","Observation"
"8irs5","332.36","OK"
"8irsq","0.00","OK"
"8irsy","165.19","OK"
"8irt8","104.12","OK"
"8irtb","0.00","OK"
"8irtc","16.00","OK"
"8irti","1.50","OK"
"8irtu","0.00","OK"
"8iru0","14.00","OK"
"8iru3","0.00","OK"
"8irui","2070.25","OK"
"8iruq","0.00","OK"
"8irvj","1475.69","OK"
"8irwu","0.25","OK"
"8irzv","0.00","OK"
"8is01","3382.89","OK"
"8is0l","3.86","OK"
"8is1d","16.93","OK"
"8is20","98.16","OK"
"8is2b","16520.79","OK"
"8is2k","10456.92","Fraud"
"8is2p","0.00","OK"
"8is30","0.00","OK"
"8is32","0.00","OK"
"8is41","0.00","OK"
"8is47","4.00","OK"
"8is4p","0.00","OK"
"8is4w","165.95","OK"
"8is4x","0.99","OK"
"8is5e","21080.92","OK"
"8is5f","0.00","OK"
"8is5h","21648.02","Observation"
"8is5o","62.20","OK"
"8is5q","98.21","OK"
"8is5r","31.25","OK"
"8is6u","0.00","OK"
"8is82","22597.05","OK"
"8is85","0.00","OK"
"8is87","14.51","OK"
"8is8g","39.76","OK"
"8isas","187758.26","OK"
"8isat","94512.03","OK"
"8isau","0.00","OK"
"8isbh","234.25","OK"
"8isbo","0.00","OK"
"8isbr","0.00","OK"
"8isbz","217.94","OK"
"8isch","24497.84","Observation"
"8iscw","132.37","OK"
"8iscy","201.33","OK"
"8isd4","0.00","OK"
"8isd6","0.00","OK"
"8isdb","135.06","OK"
"8isdq","4.67","OK"
"8ise8","25.00","OK"
"8isei","9.00","OK"
"8ises","45975.50","OK"
"8iseu","29.56","OK"
"8isf7","57.48","OK"
"8isfp","0.00","OK"
"8isfs","0.00","OK"
"8isgu","5.06","OK"
"8ish6","4817.96","OK"
"8ishk","37.27","OK"
"8ishn","0.00","OK"
"8isi3","0.00","OK"
"8isj3","25438.12","OK"
"8isj9","214.22","OK"
"8isje","470.22","OK"
"8isk1","0.00","OK"
"8isk6","0.00","OK"
"8islr","41.42","OK"
"8isme","1.00","OK"
"8ismw","0.00","OK"
"8isp2","0.00","OK"
"8isrm","3484.53","OK"
"8isrt","0.00","OK"
"8issu","353.72","OK"
"8isvf","0.00","OK"
"8isxs","0.00","OK"
"8isxw","0.00","OK"
"8isyx","0.00","OK"
"8isz2","1.50","OK"
"8isz4","0.00","OK"
"8it0b","37.89","OK"
"8it0m","0.00","OK"
"8it0v","20.25","OK"
"8it18","25.00","OK"
"8it2h","189.49","OK"
"8it36","13971.58","Fraud"
"8it3p","176.81","OK"
"8it4b","0.00","OK"
"8it51","2694.69","OK"
"8it52","74.67","OK"
"8it54","200.67","OK"
"8it55","2126.69","OK"
"8it57","0.00","OK"
"8it59","4.00","OK"
"8it5a","6.25","OK"
"8it5b","0.89","OK"
"8it5c","54.19","OK"
"8it5d","15.19","OK"
"8it5e","812.25","OK"
"8it5i","49.00","OK"
"8it5k","156.25","OK"
"8it5n","200.00","OK"
"8it5o","0.00","OK"
"8it5q","4.00","OK"
"8it5r","6.25","OK"
"8it5t","327.67","OK"
"8it63","0.00","OK"
"8it65","0.00","OK"
"8it66","0.00","OK"
"8it6j","0.00","OK"
"8it7k","0.00","OK"
"8it7m","0.00","OK"
"8it7o","22.69","OK"
"8it7p","3.56","OK"
"8it8j","332.24","OK"
"8it8l","0.00","OK"
"8it8q","0.00","OK"
"8it9g","38916.93","OK"
"8it9n","0.67","OK"
"8it9p","3143.99","OK"
"8it9w","903.61","OK"
"8itaa","5.63","OK"
"8itap","204853.31","Observation"
"8itat","0.00","OK"
"8itb0","111630.45","OK"
"8itb1","68215.62","OK"
"8itcr","37991.89","OK"
"8itcx","0.00","OK"
"8itdr","0.00","OK"
"8itdx","0.00","OK"
"8ite3","280044.27","OK"
"8iteu","0.75","OK"
"8itf4","48.50","OK"
"8itfc","0.00","OK"
"8itgs","0.00","OK"
"8ith0","49.00","OK"
"8ith4","129036.50","OK"
"8ith6","0.00","OK"
"8ithb","0.00","OK"
"8ithf","107792.36","Observation"
"8ithn","0.00","OK"
"8ithu","1656.45","OK"
"8ithz","0.22","OK"
"8itif","0.00","OK"
"8itio","0.00","OK"
"8itiu","234.12","OK"
"8itj5","11.89","OK"
"8itji","37343.88","OK"
"8itk7","0.00","OK"
"8itka","0.00","OK"
"8itkq","5.39","OK"
"8itks","0.53","OK"
"8itkt","488.93","OK"
"8itl2","0.00","OK"
"8itl8","0.00","OK"
"8itla","0.00","OK"
"8itlh","1402.16","OK"
"8itli","8.00","OK"
"8itlt","149.56","OK"
"8itly","1248.12","OK"
"8itm2","0.00","OK"
"8itme","0.00","OK"
"8itmi","57293.57","OK"
"8itmu","18.24","OK"
"8itnb","0.00","OK"
"8itod","3228.22","OK"
"8itoe","0.00","OK"
"8itof","59781.14","OK"
"8itop","2997.69","OK"
"8itos","0.00","OK"
"8itoz","6.25","OK"
"8itp0","1.51","OK"
"8itpk","120.48","OK"
"8itq3","0.00","OK"
"8itql","0.19","OK"
"8itqs","0.00","OK"
"8itrb","347.28","OK"
"8itre","579.65","OK"
"8itrn","121.89","OK"
"8itro","0.00","OK"
"8itrq","0.00","OK"
"8its6","0.00","OK"
"8itsg","0.25","OK"
"8itsw","0.00","OK"
"8itt6","0.00","OK"
"8ittc","1077.47","OK"
"8itth","0.00","OK"
"8ittq","0.00","OK"
"8ittu","0.00","OK"
"8ittv","0.00","OK"
"8ituk","0.25","OK"
"8itvb","0.00","OK"
"8itww","0.00","OK"
"8itx1","5.32","OK"
"8itx5","29163.70","OK"
"8itxs","1.25","OK"
"8itxx","1.00","OK"
"8ityd","20.25","OK"
"8itzi","49.00","OK"
"8iu02","0.00","OK"
"8iu0k","0.00","OK"
"8iu23","0.00","OK"
"8iu2c","264636.59","Observation"
"8iu38","0.00","OK"
"8iu3e","3729.19","OK"
"8iu3h","5640.54","OK"
"8iu4c","3069.36","OK"
"8iu57","0.00","OK"
"8iu5r","0.25","OK"
"8iu66","112.82","OK"
"8iu6m","0.00","OK"
"8iu6x","4.00","OK"
"8iu74","0.00","OK"
"8iu76","0.00","Observation"
"8iu77","0.00","OK"
"8iu7b","0.00","OK"
"8iu7d","0.00","OK"
"8iu7w","0.00","OK"
"8iu82","0.25","OK"
"8iua3","14.16","OK"
"8iuan","125088.39","Observation"
"8iuav","8.00","OK"
"8iub1","1.00","OK"
"8iucx","12.25","OK"
"8iufj","225.00","OK"
"8iufr","0.00","OK"
"8iufs","600.25","OK"
"8iufv","0.00","OK"
"8iugo","0.00","OK"
"8iuhr","0.00","OK"
"8iui3","0.00","OK"
"8iuia","68438.14","OK"
"8iuip","0.00","OK"
"8iujq","0.00","OK"
"8iujx","627.23","OK"
"8iukd","0.00","OK"
"8iuls","0.00","OK"
"8ium6","0.00","OK"
"8iumc","23.41","OK"
"8iume","2124.75","OK"
"8iumx","6.25","OK"
"8iun9","2533.30","OK"
"8iuna","0.00","OK"
"8iunk","0.25","OK"
"8iuo8","16760.65","OK"
"8iuok","156.25","OK"
"8iuqb","0.00","OK"
"8iuqh","31.61","OK"
"8iuqk","16444.44","OK"
"8iuqp","0.00","OK"
"8iuqv","0.00","OK"
"8iurr","6.25","OK"
"8iuuw","0.00","OK"
"8iuv4","1.73","OK"
"8iuv6","719.44","OK"
"8iuv8","3.25","OK"
"8iuv9","290.25","OK"
"8iuva","0.00","OK"
"8iuwa","0.00","OK"
"8iuxg","0.25","OK"
"8iuxk","0.00","OK"
"8iuxq","676.00","OK"
"8iuy6","0.00","OK"
"8iuyv","41.24","OK"
"8iv07","0.25","OK"
"8iv0i","0.00","OK"
"8iv0s","0.00","OK"
"8iv0x","1404.67","OK"
"8iv1g","0.25","OK"
"8iv1m","0.24","OK"
"8iv1x","77.36","OK"
"8iv2t","0.00","OK"
"8iv3o","0.00","OK"
"8iv48","0.00","OK"
"8iv4d","0.00","OK"
"8iv4h","0.00","OK"
"8iv4j","451.99","OK"
"8iv58","0.00","OK"
"8iv5f","0.00","OK"
"8iv5p","0.00","OK"
"8iv65","23.19","OK"
"8iv6j","0.23","OK"
"8iv7e","8802.32","OK"
"8iv7j","2694.39","OK"
"8iv8i","0.00","OK"
"8iv9n","5484.25","OK"
"8ivbf","4802.00","Observation"
"8ivbn","360.50","OK"
"8ivbx","0.00","OK"
"8ivcn","0.25","OK"
"8ivdi","234.85","OK"
"8ivdx","0.67","OK"
"8ive3","6.89","OK"
"8ive5","0.00","OK"
"8ivea","97.67","OK"
"8iveg","29.81","OK"
"8ivf6","490.89","OK"
"8ivfj","0.22","OK"
"8ivfk","44533.01","OK"
"8ivge","9.00","OK"
"8ivhg","0.00","OK"
"8ivhr","791.80","OK"
"8ivir","357872.50","OK"
"8iviz","0.00","OK"
"8ivj4","0.00","OK"
"8ivjv","83027.39","OK"
"8ivkm","0.00","OK"
"8ivkn","3934.83","OK"
"8ivlh","45290.34","Fraud"
"8ivlp","95.92","Observation"
"8ivm9","0.00","OK"
"8ivmk","22.22","OK"
"8ivnj","0.00","OK"
"8ivnk","2.25","OK"
"8ivnx","0.25","OK"
"8ivny","0.00","OK"
"8ivo7","1995.96","OK"
"8ivof","11080.96","OK"
"8ivp6","0.25","OK"
"8ivpt","0.00","OK"
"8ivpv","1563.63","OK"
"8ivql","0.00","OK"
"8ivsv","0.00","OK"
"8ivsx","837.15","OK"
"8ivti","9.01","OK"
"8ivtm","0.19","OK"
"8ivtv","0.00","OK"
"8ivwj","3062.68","OK"
"8ivwr","0.00","OK"
"8ivwv","1.69","OK"
"8ivxp","0.00","OK"
"8ivy4","5553.56","OK"
"8ivy5","0.00","OK"
"8ivyc","38.47","OK"
"8ivyu","0.00","OK"
"8iw0a","0.00","OK"
"8iw0n","34.00","OK"
"8iw0r","160400.25","OK"
"8iw1f","33.19","OK"
"8iw1v","1.00","OK"
"8iw21","0.00","OK"
"8iw29","37.56","OK"
"8iw31","0.22","OK"
"8iw3u","0.00","OK"
"8iw46","0.00","OK"
"8iw4a","6.25","OK"
"8iw55","0.00","OK"
"8iw5p","0.00","OK"
"8iw5r","0.00","OK"
"8iw6k","0.00","OK"
"8iw6v","0.00","OK"
"8iw7e","68.69","OK"
"8iw7i","23.19","OK"
"8iw84","290.80","OK"
"8iw9s","53.87","OK"
"8iwaa","0.00","OK"
"8iwac","0.00","OK"
"8iwag","0.00","OK"
"8iwak","2.25","OK"
"8iwau","0.00","OK"
"8iwav","0.25","OK"
"8iwbt","0.00","OK"
"8iwe6","0.00","OK"
"8iweh","0.00","OK"
"8iwf2","0.00","OK"
"8iwfs","28.50","OK"
"8iwg3","54.24","OK"
"8iwh3","4.19","OK"
"8iwhf","0.00","OK"
"8iwhh","0.00","OK"
"8iwhi","466.64","OK"
"8iwid","93952.69","OK"
"8iwii","54.41","OK"
"8iwj3","0.00","OK"
"8iwjs","13.69","OK"
"8iwky","0.00","OK"
"8iwl4","7907.47","OK"
"8iwl5","180.19","OK"
"8iwmb","25533.90","OK"
"8iwn7","0.00","OK"
"8iwnh","0.25","OK"
"8iwo2","6843.10","OK"
"8iwos","151.61","Fraud"
"8iwp2","583.55","Fraud"
"8iwp3","14575.97","OK"
"8iwpy","0.00","OK"
"8iwq4","230.41","OK"
"8iwq6","2.00","OK"
"8iwqm","5.56","OK"
"8iwqv","0.00","OK"
"8iwrl","448.67","OK"
"8iwrx","1225.00","OK"
"8iws2","5.04","OK"
"8iws4","0.00","OK"
"8iws7","5.64","OK"
"8iwsa","0.00","OK"
"8iwsc","5.25","OK"
"8iwu7","3785.32","OK"
"8iwug","47.22","OK"
"8iwv8","0.00","OK"
"8iwvi","0.00","OK"
"8iwvl","209.32","OK"
"8iwx5","3.03","OK"
"8iwxs","0.00","OK"
"8iwxv","1.88","OK"
"8iwy8","62431.55","OK"
"8iwz0","0.00","OK"
"8ix09","0.00","OK"
"8ix0c","0.00","OK"
"8ix2h","1038.01","OK"
"8ix3h","0.00","OK"
"8ix6h","5.56","OK"
"8ix6p","6532.79","Fraud"
"8ix86","0.00","OK"
"8ix89","0.22","OK"
"8ixdk","0.00","OK"
"8ixgd","851.33","OK"
"8ixgl","3.14","OK"
"8ixl3","45.04","OK"
"8ixly","2.89","OK"
"8ixlz","28.52","OK"
"8ixoq","982.77","OK"
"8ixor","6818.67","OK"
"8ixp4","0.00","OK"
"8ixq4","97349.06","OK"
"8ixq5","413186.21","OK"
"8ixs1","17.85","OK"
"8ixsd","16573.82","OK"
"8ixue","0.00","OK"
"8ixuj","0.00","OK"
"8ixvg","366.98","OK"
"8ixvu","74335.56","OK"
"8ixy5","0.00","OK"
"8ixzl","0.00","OK"
"8ixzs","57338.11","OK"
"8ixzt","4611.04","OK"
"8iy03","115099.42","OK"
"8iy0v","4692.25","Observation"
"8iy1m","0.00","OK"
"8iy36","468.50","OK"
"8iy4x","0.00","OK"
"8iy5g","25285.51","OK"
"8iy6x","0.00","OK"
"8iy7x","13.56","OK"
"8iy9b","10.89","OK"
"8iyb9","0.19","OK"
"8iyc8","92244.08","OK"
"8iydk","0.00","OK"
"8iyea","0.00","OK"
"8iyfx","194.82","OK"
"8iyi9","127.33","OK"
"8iyj6","21.36","OK"
"8iyo2","0.00","OK"
"8iysb","4888.57","OK"
"8iyvp","3122.03","OK"
"8iywe","0.00","OK"
"8iyxe","166.96","OK"
"8iz0o","0.00","OK"
"8iz1c","454911.73","OK"
"8iz2a","2143.88","OK"
"8iz2c","786.73","OK"
"8iz2e","69.08","OK"
"8iz2m","1939.65","OK"
"8iz2n","2581.41","OK"
"8iz48","356.03","OK"
"8iz6y","8.00","OK"
"8iz7h","0.89","OK"
"8iz7i","409834.26","OK"
"8iz80","0.00","OK"
"8iz8t","0.00","OK"
"8iz91","336.58","OK"
"8izah","42.25","OK"
"8izak","0.00","OK"
"8izam","0.00","OK"
"8izan","0.00","OK"
"8izao","0.00","OK"
"8izar","4.00","OK"
"8izau","161.50","OK"
"8izav","272.25","OK"
"8izaw","0.00","OK"
"8izay","0.00","OK"
"8izbp","0.00","OK"
"8izbt","40.29","OK"
"8ize1","0.00","OK"
"8izgi","0.00","OK"
"8izjs","0.00","OK"
"8izkp","0.00","OK"
"8izlr","0.22","OK"
"8iznj","91358.84","OK"
"8izot","0.00","OK"
"8izpa","2234.55","OK"
"8izsa","3.00","OK"
"8izt5","25839.12","Observation"
"8izt6","595212.40","Observation"
"8iztc","486.34","OK"
"8iztd","0.24","OK"
"8iztj","225.20","OK"
"8izts","0.00","OK"
"8izu7","0.22","OK"
"8izv8","4.00","OK"
"8izwb","663.16","OK"
"8izwe","8254.31","Fraud"
"8izxr","546.75","OK"
"8izzv","1477.13","OK"
"8j00e","55.49","OK"
"8j01d","0.22","OK"
"8j029","0.00","OK"
"8j07i","1233.20","OK"
"8j07s","156.25","OK"
"8j085","0.00","OK"
"8j08y","999999.99","OK"
"8j094","0.00","OK"
"8j096","2.69","OK"
"8j09p","1.56","OK"
"8j0a9","0.00","OK"
"8j0ao","22.69","OK"
"8j0b4","4076.82","OK"
"8j0b5","8274.05","OK"
"8j0bs","1094.05","OK"
"8j0bz","0.00","OK"
"8j0da","16.00","OK"
"8j0dl","0.25","OK"
"8j0eq","108.00","OK"
"8j0fj","2417.05","OK"
"8j0g9","164.20","OK"
"8j0h6","0.00","OK"
"8j0hb","363.68","OK"
"8j0j9","196.47","OK"
"8j0m9","0.00","OK"
"8j0mk","13.36","OK"
"8j0mw","19.43","OK"
"8j0n4","1769.69","OK"
"8j0ov","3960.73","OK"
"8j0oz","0.00","OK"
"8j0pl","127351.18","Fraud"
"8j0py","0.00","OK"
"8j0qc","1942.13","OK"
"8j0qr","0.00","OK"
"8j0su","6.25","OK"
"8j0tb","3.56","OK"
"8j0tg","12.25","OK"
"8j0w1","731900.69","Observation"
"8j0wb","0.00","OK"
"8j0ww","215.51","OK"
"8j0x3","360.99","OK"
"8j0x9","378941.19","Observation"
"8j0z9","0.25","OK"
"8j10c","999999.99","OK"
"8j11k","4.69","OK"
"8j121","11.12","OK"
"8j12n","91.56","OK"
"8j15b","4.03","OK"
"8j16r","4.00","OK"
"8j18g","0.69","OK"
"8j197","62.89","OK"
"8j19d","127.77","OK"
"8j19f","6907.32","OK"
"8j19x","66104.12","OK"
"8j1a0","72.02","OK"
"8j1a1","3787.15","OK"
"8j1a2","573.64","OK"
"8j1a3","1.35","OK"
"8j1a6","1.89","OK"
"8j1a7","1.14","OK"
"8j1aj","42227.08","OK"
"8j1di","25.21","OK"
"8j1fp","1.00","OK"
"8j1h7","0.00","OK"
"8j1j6","0.69","OK"
"8j1lc","298.11","OK"
"8j1od","38412.54","OK"
"8j1pb","139.41","OK"
"8j1pd","486460.59","OK"
"8j1q5","0.00","OK"
"8j1qi","0.00","OK"
"8j1rc","0.89","OK"
"8j1s7","0.00","OK"
"8j1se","1065.97","OK"
"8j1so","49.80","OK"
"8j1sp","31.50","OK"
"8j1sw","0.00","OK"
"8j1t4","7473.78","OK"
"8j1ti","992528.39","OK"
"8j1u4","0.56","OK"
"8j1u5","26.36","OK"
"8j1uw","2.25","OK"
"8j1x0","1.56","OK"
"8j1xv","1.36","OK"
"8j1y0","0.00","OK"
"8j1y6","0.00","OK"
"8j20z","40648.21","OK"
"8j22j","0.00","OK"
"8j22t","0.19","OK"
"8j23z","0.00","OK"
"8j240","0.00","OK"
"8j24h","0.00","OK"
"8j26k","79.69","OK"
"8j279","371.44","OK"
"8j27p","2.25","OK"
"8j295","0.00","OK"
"8j29y","0.00","OK"
"8j2b6","41.58","OK"
"8j2b9","71.58","OK"
"8j2dz","0.00","OK"
"8j2e0","999999.99","OK"
"8j2e9","0.00","OK"
"8j2er","2.25","OK"
"8j2f8","32.69","OK"
"8j2hf","58002.67","Observation"
"8j2i2","841.00","OK"
"8j2ix","10504.45","Observation"
"8j2kd","0.89","OK"
"8j2ki","0.00","OK"
"8j2li","0.00","OK"
"8j2m4","748194.77","Observation"
"8j2nt","305.53","OK"
"8j2pr","109.51","OK"
"8j2r9","48.57","OK"
"8j2s6","20782.64","OK"
"8j2s7","277950.10","OK"
"8j2td","687.63","OK"
"8j2to","0.00","OK"
"8j2tr","0.00","OK"
"8j2uy","23715.47","Fraud"
"8j2z5","133.50","OK"
"8j2zn","0.00","OK"
"8j307","141.56","OK"
"8j30b","4.14","OK"
"8j30i","0.00","OK"
"8j30r","1132.76","Fraud"
"8j311","858.69","OK"
"8j319","0.00","OK"
"8j31t","266171.01","Observation"
"8j31u","1046.56","OK"
"8j326","0.00","OK"
"8j329","0.00","OK"
"8j32k","555.56","OK"
"8j32l","2704.00","OK"
"8j32m","15905.33","OK"
"8j34p","0.69","OK"
"8j368","48283.89","Observation"
"8j369","837237.70","Observation"
"8j36c","0.00","OK"
"8j36d","71383.49","Observation"
"8j36e","338409.29","OK"
"8j36f","383.50","OK"
"8j36t","27167.53","OK"
"8j38c","0.00","OK"
"8j398","0.00","OK"
"8j39n","396.61","OK"
"8j39x","3847.30","OK"
"8j3e7","0.00","OK"
"8j3ej","13.80","OK"
"8j3fg","95.65","OK"
"8j3fs","1.81","OK"
"8j3gw","999999.99","OK"
"8j3j2","0.00","OK"
"8j3kg","43.74","OK"
"8j3l0","0.00","OK"
"8j3ln","0.00","OK"
"8j3nw","0.00","OK"
"8j3oy","0.00","OK"
"8j3th","0.25","OK"
"8j3u4","564.76","OK"
"8j3xi","961.92","OK"
"8j3xm","0.00","OK"
"8j3z1","6.25","OK"
"8j3zu","5.48","OK"
"8j416","20856.53","OK"
"8j41t","0.00","OK"
"8j42p","0.00","OK"
"8j437","0.00","OK"
"8j43i","0.25","OK"
"8j46c","999999.99","OK"
"8j470","0.00","OK"
"8j49w","1300.67","OK"
"8j4ap","0.00","OK"
"8j4ch","0.00","OK"
"8j4dw","0.00","OK"
"8j4fc","1210.33","OK"
"8j4fe","4.00","OK"
"8j4gq","67318.16","OK"
"8j4gr","999999.99","OK"
"8j4hv","0.00","OK"
"8j4li","1.84","OK"
"8j4mp","4013.88","OK"
"8j4nq","0.22","OK"
"8j4o3","0.00","OK"
"8j4og","0.00","OK"
"8j4pk","0.14","OK"
"8j4pp","117957.40","OK"
"8j4qz","501492.92","OK"
"8j4sj","0.00","OK"
"8j4tc","51.61","OK"
"8j4tl","0.00","OK"
"8j4tm","0.00","OK"
"8j4uo","14727.72","OK"
"8j4uq","25.89","OK"
"8j4v5","160.91","OK"
"8j4vg","187.56","OK"
"8j4vj","0.00","OK"
"8j4ye","19602.00","OK"
"8j507","28621.16","OK"
"8j510","0.00","OK"
"8j51f","1282.98","Observation"
"8j522","107.33","OK"
"8j523","105.69","OK"
"8j52r","1650.19","OK"
"8j53q","0.00","OK"
"8j53t","23789.77","OK"
"8j54k","0.00","OK"
"8j54x","0.00","OK"
"8j55y","999999.99","OK"
"8j55z","986591.73","OK"
"8j57g","1.00","OK"
"8j59e","9.56","OK"
"8j5a2","36.86","OK"
"8j5an","187000.00","OK"
"8j5bx","367.02","OK"
"8j5cg","843.72","OK"
"8j5d0","220.25","OK"
"8j5dj","6047.85","OK"
"8j5dk","0.00","OK"
"8j5dn","0.00","OK"
"8j5ey","0.25","OK"
"8j5f7","26.58","OK"
"8j5fu","1138.04","OK"
"8j5gg","5149.92","OK"
"8j5gh","47210.10","OK"
"8j5gi","962.92","OK"
"8j5gj","9930.16","OK"
"8j5h0","9.69","OK"
"8j5hb","0.00","OK"
"8j5hx","0.00","OK"
"8j5ig","2.25","OK"
"8j5ix","0.45","OK"
"8j5lq","1.56","OK"
"8j5lt","999999.99","OK"
"8j5n1","0.00","OK"
"8j5n8","0.67","OK"
"8j5ne","1.00","OK"
"8j5oc","0.00","OK"
"8j5od","0.00","OK"
"8j5ol","4.00","OK"
"8j5qz","0.00","OK"
"8j5r6","516.83","OK"
"8j5rx","0.00","OK"
"8j5t5","12.50","OK"
"8j5wq","0.00","OK"
"8j5xt","0.00","OK"
"8j5zr","0.00","OK"
"8j5zs","25.00","OK"
"8j5zz","477947.21","OK"
"8j603","0.38","OK"
"8j60b","1800.88","OK"
"8j60m","1067.71","OK"
"8j60q","0.00","OK"
"8j62o","0.00","OK"
"8j62v","6.50","OK"
"8j638","459.99","OK"
"8j64i","3.56","OK"
"8j65y","42601.17","OK"
"8j67b","256.81","OK"
"8j67c","281.86","OK"
"8j696","63029.41","OK"
"8j69h","0.00","OK"
"8j69s","0.00","OK"
"8j6ac","0.45","OK"
"8j6ae","12.40","OK"
"8j6b8","0.00","OK"
"8j6em","45222.16","OK"
"8j6en","5292.00","OK"
"8j6eq","0.00","OK"
"8j6es","39498.28","OK"
"8j6f7","987.86","OK"
"8j6fg","580.06","OK"
"8j6go","0.00","OK"
"8j6he","292.56","OK"
"8j6jw","60.60","OK"
"8j6mc","0.00","OK"
"8j6nz","5.56","OK"
"8j6oi","12607.75","OK"
"8j6p7","0.25","OK"
"8j6pj","0.25","OK"
"8j6pm","69828.49","OK"
"8j6ze","0.00","OK"
"8j6zf","6851.67","OK"
"8j70l","892.91","OK"
"8j72c","0.00","OK"
"8j732","0.00","OK"
"8j73t","66093.68","OK"
"8j76o","999999.99","OK"
"8j77b","2428.14","OK"
"8j78u","2610.75","OK"
"8j79o","10658.00","OK"
"8j7ao","0.00","OK"
"8j7ba","0.00","OK"
"8j7ct","380.25","OK"
"8j7dc","0.00","OK"
"8j7ia","0.00","OK"
"8j7ic","0.00","OK"
"8j7iy","6.25","OK"
"8j7jh","25.00","OK"
"8j7mj","0.00","OK"
"8j7si","0.22","OK"
"8j7t8","55.44","OK"
"8j7tm","10243.09","Fraud"
"8j7tt","2.25","OK"
"8j7xq","1.42","OK"
"8j7yi","0.00","OK"
"8j7yr","855.66","OK"
"8j80q","0.17","OK"
"8j82j","342.25","OK"
"8j839","0.00","OK"
"8j83j","312.67","OK"
"8j83r","0.00","OK"
"8j83y","0.00","OK"
"8j87g","24818.47","OK"
"8j87i","3.56","OK"
"8j8b5","0.25","OK"
"8j8bn","0.00","OK"
"8j8bu","0.00","OK"
"8j8eb","0.00","OK"
"8j8eo","0.00","OK"
"8j8et","0.53","OK"
"8j8gw","0.00","OK"
"8j8h8","0.00","OK"
"8j8ho","325.64","OK"
"8j8hq","0.00","OK"
"8j8hr","0.00","OK"
"8j8i3","5454.41","OK"
"8j8j4","7.92","OK"
"8j8jd","642387.77","OK"
"8j8jg","1.00","OK"
"8j8k3","0.00","OK"
"8j8mt","0.00","OK"
"8j8mz","2996.88","OK"
"8j8o4","3731.15","OK"
"8j8op","36.25","OK"
"8j8or","0.00","OK"
"8j8ou","0.00","OK"
"8j8q3","0.75","OK"
"8j8rh","0.00","OK"
"8j8sa","0.00","OK"
"8j8se","460.40","OK"
"8j8sf","73.88","OK"
"8j8sv","416.73","OK"
"8j8t2","36198.94","OK"
"8j8tf","59.36","OK"
"8j8u2","3699.04","OK"
"8j8wj","0.00","OK"
"8j8yz","5024.88","OK"
"8j8zb","69.21","OK"
"8j90l","0.00","OK"
"8j90q","0.64","OK"
"8j92i","2292.45","OK"
"8j94o","0.00","OK"
"8j94s","0.00","OK"
"8j94z","123.06","OK"
"8j95g","0.25","OK"
"8j967","4955.03","OK"
"8j9a2","5.35","OK"
"8j9a5","12.25","OK"
"8j9aa","3.00","OK"
"8j9d9","334.07","OK"
"8j9eq","60.00","OK"
"8j9ey","0.00","OK"
"8j9ge","0.00","OK"
"8j9h2","0.00","OK"
"8j9h9","0.00","OK"
"8j9i6","30642.75","OK"
"8j9i7","527.02","OK"
"8j9i9","64984.80","OK"
"8j9jc","0.00","OK"
"8j9m9","2256.25","OK"
"8j9ml","110.25","OK"
"8j9o0","2077.14","OK"
"8j9p4","1157.57","Observation"
"8j9pe","234.85","OK"
"8j9q3","1.04","OK"
"8jb5v","0.00","OK"
"8jc3s","7902.58","OK"
"8jc5o","632.99","OK"
"8jc8u","0.00","OK"
"8jc8v","999999.99","OK"
"8jccm","299.03","OK"
"8jcez","0.75","OK"
"8jcfz","0.00","OK"
"8jcgp","13.44","OK"
"8jch5","136.25","OK"
"8jchh","85.80","OK"
"8jciv","817.19","OK"
"8jclv","2383.27","OK"
"8jcoh","0.00","OK"
"8jcru","0.58","OK"
"8jcuw","0.00","OK"
"8jg20","37767.59","OK"
"8jg2a","2.00","OK"
"8jg49","0.00","OK"
"8jg5r","1.60","OK"
"8jg82","0.00","OK"
"8jg8w","0.25","OK"
"8jg9s","24.45","OK"
"8jgac","2725.96","OK"
"8jgbu","250527.95","OK"
"8jgcj","35.28","OK"
"8jgcw","417.14","OK"
"8jgel","0.22","OK"
"8jgf3","0.00","OK"
"8jgg3","478.89","OK"
"8jggg","0.00","OK"
"8jgk9","0.00","OK"
"8jgkk","65047.33","Observation"
"8jgl8","0.00","OK"
"8jgls","2675.24","OK"
"8jgok","0.00","OK"
"8jgq9","0.00","OK"
"8jgqa","4.63","OK"
"8jgqb","31.95","OK"
"8jgqr","0.00","OK"
"8jgt1","514.19","OK"
"8jgts","80.25","OK"
"8jgu2","0.00","OK"
"8jgul","103.81","OK"
"8jgvx","0.00","OK"
"8jh5s","0.00","OK"
"8jh5u","0.00","OK"
"8jh5v","0.00","OK"
"8jh60","0.00","OK"
"8jh7b","1202.57","OK"
"8jh9c","8.18","OK"
"8jhbl","2046.96","OK"
"8jhcs","0.00","OK"
"8jhct","0.25","OK"
"8jhdz","56.25","OK"
"8jhep","1.00","OK"
"8jhfv","157711.20","OK"
"8jhge","18.58","OK"
"8jhgj","0.00","OK"
"8jhgx","768231.13","OK"
"8jhh0","625.52","OK"
"8jhi5","0.00","OK"
"8jhis","0.00","OK"
"8jhit","72.00","OK"
"8jhle","0.00","OK"
"8jhlw","0.25","OK"
"8jhmk","0.00","OK"
"8jhnz","34579.06","OK"
"8jhou","49.87","OK"
"8jhp2","1.14","OK"
"8jhsv","0.00","OK"
"8jhtq","0.00","OK"
"8jhw3","261.44","OK"
"8jhw9","1.00","OK"
"8jhyg","0.69","OK"
"8ji11","0.67","OK"
"8ji1d","1.00","OK"
"8ji1k","9346.18","OK"
"8ji1l","228917.34","OK"
"8ji1s","0.00","OK"
"8ji1u","2493.86","Observation"
"8ji2e","0.00","OK"
"8ji49","13.51","OK"
"8ji4k","3848.11","OK"
"8ji4m","42.92","OK"
"8ji4n","0.67","OK"
"8ji60","0.00","OK"
"8ji8h","618.03","OK"
"8ji8l","0.00","OK"
"8ji9t","0.00","OK"
"8jiak","0.00","OK"
"8jiam","0.00","OK"
"8jian","0.22","OK"
"8jibl","79.19","OK"
"8jibp","0.00","OK"
"8jict","509.22","OK"
"8jid2","0.00","OK"
"8jiex","1466.85","OK"
"8jif4","0.00","OK"
"8jifa","2.00","OK"
"8jiff","60.43","OK"
"8jigh","329.11","OK"
"8jik8","0.00","OK"
"8jil2","0.58","OK"
"8jim2","0.00","OK"
"8jin3","1.24","OK"
"8jior","1348.54","OK"
"8jisx","237.61","OK"
"8jith","0.00","OK"
"8jiu2","0.00","OK"
"8jiuc","2141.92","OK"
"8jiwm","0.00","OK"
"8jiy2","270.43","OK"
"8jiy8","0.00","OK"
"8jiz8","0.25","OK"
"8jj05","0.00","OK"
"8jj1n","2456.88","OK"
"8jj1s","0.00","OK"
"8jj35","0.00","OK"
"8jj3f","0.00","OK"
"8jj6m","96.14","OK"
"8jj7t","999999.99","OK"
"8jj80","0.00","OK"
"8jj96","0.00","OK"
"8jj9d","4.53","OK"
"8jjao","3996.45","Observation"
"8jjap","71359.29","OK"
"8jjc5","999999.99","OK"
"8jjds","205.58","OK"
"8jjhc","0.00","OK"
"8jjji","825846.44","OK"
"8jjo9","738.15","OK"
"8jjph","0.00","OK"
"8jjs6","37904.65","Fraud"
"8jjsg","34.52","OK"
"8jjve","7.35","OK"
"8jjvh","3.47","OK"
"8jjxl","0.00","OK"
"8jk01","130864.47","OK"
"8jk02","2041.69","OK"
"8jk0d","9576.75","Fraud"
"8jk15","98985.19","OK"
"8jk1x","6312.52","OK"
"8jk3i","535.59","OK"
"8jk4m","999999.99","OK"
"8jk57","222.28","OK"
"8jk7c","1.00","OK"
"8jk8e","0.69","OK"
"8jk8g","999999.99","OK"
"8jk8n","0.00","OK"
"8jka2","0.89","OK"
"8jkce","18.00","OK"
"8jkdf","37904.22","OK"
"8jkdr","98.11","OK"
"8jkea","999999.99","OK"
"8jkec","807.07","OK"
"8jked","17679.83","OK"
"8jkfd","66968.38","OK"
"8jkff","0.00","OK"
"8jkh1","22665.21","Observation"
"8jkhu","0.00","OK"
"8jkhv","0.00","OK"
"8jkij","99680.45","OK"
"8jkk9","0.00","OK"
"8jkmi","0.00","OK"
"8jkof","6496.83","OK"
"8jkor","10417.16","OK"
"8jkp0","21587.99","OK"
"8jkp1","215289.04","OK"
"8jkqn","1248.76","OK"
"8jkrj","809.84","OK"
"8jks4","8.06","OK"
"8jksm","35.03","OK"
"8jkt3","0.00","OK"
"8jktn","542181.40","OK"
"8jku2","0.00","OK"
"8jkul","133624.00","OK"
"8jkv1","2813.93","OK"
"8jkv9","24.19","OK"
"8jkve","495012.67","OK"
"8jkwc","70788.36","OK"
"8jkwu","21.76","OK"
"8jky9","916.84","OK"
"8jl02","42.19","OK"
"8jl05","169.39","OK"
"8jl0l","999999.99","OK"
"8jl0o","0.00","OK"
"8jl1o","1537.71","OK"
"8jl1u","112.66","OK"
"8jl23","6.89","OK"
"8jl39","0.00","OK"
"8jl3n","313.91","OK"
"8jl3y","8440.79","Fraud"
"8jl43","3.02","OK"
"8jl4l","0.24","OK"
"8jl61","30.41","OK"
"8jl6e","244920.01","OK"
"8jl7q","7964.71","OK"
"8jla6","15660.67","OK"
"8jlad","0.00","OK"
"8jlah","0.25","OK"
"8jlc5","3256.58","OK"
"8jli0","999999.99","OK"
"8jlic","968.67","OK"
"8jlii","191.40","OK"
"8jlis","999999.99","OK"
"8jljk","0.00","OK"
"8jljl","0.00","OK"
"8jljm","1169.56","OK"
"8jljq","4.00","OK"
"8jljr","999999.99","OK"
"8jlju","260.98","OK"
"8jlk3","174203.92","OK"
"8jlkt","40.24","OK"
"8jlms","164.12","OK"
"8jlmv","35.19","OK"
"8jlmz","0.00","OK"
"8jln6","307.38","OK"
"8jlnl","589.04","OK"
"8jlos","80513.42","OK"
"8jlpw","343626.13","OK"
"8jlpz","1348.64","OK"
"8jlr2","0.00","OK"
"8jlru","0.22","OK"
"8jlt1","106889.36","OK"
"8jlu6","21966.13","Fraud"
"8jlus","20783.27","OK"
"8jlyt","0.00","OK"
"8jlzr","7318.42","OK"
"8jm0h","0.00","OK"
"8jm0y","0.00","OK"
"8jm18","15.22","OK"
"8jm4d","1960.58","OK"
"8jm4h","999999.99","OK"
"8jm4p","0.00","OK"
"8jm4v","8787.52","OK"
"8jm5b","1.00","OK"
"8jm5w","35766.44","OK"
"8jm90","10988.20","OK"
"8jm9p","233181.47","OK"
"8jmbn","0.25","OK"
"8jmch","25381.96","OK"
"8kuma","0.00","OK"
"8kump","706.00","OK"
"8kumu","16806.87","Fraud"
"8kun0","0.25","OK"
"8kun1","115.98","OK"
"8kun5","0.00","Fraud"
"8kuno","0.00","OK"
"8kunr","110.25","OK"
"8kunx","46.18","OK"
"8kuo4","0.00","OK"
"8kuo5","291.73","OK"
"8kuov","6.25","OK"
"8kuph","0.00","OK"
"8kupw","0.00","OK"
"8kupz","0.00","OK"
"8kuq2","36.00","OK"
"8kuqa","585.64","OK"
"8kuqd","24.89","OK"
"8kuql","0.00","OK"
"8kuro","2.75","OK"
"8kus3","2546.42","OK"
"8kus9","10108.90","OK"
"8kusa","65421.11","OK"
"8kusb","620074.22","OK"
"8kusi","0.25","OK"
"8kusr","43.56","OK"
"8kuti","0.00","OK"
"8kuto","0.00","OK"
"8kutv","0.22","OK"
"8kuuh","0.00","OK"
"8kuv3","0.00","OK"
"8kuv8","0.00","OK"
"8kuv9","14598.63","Observation"
"8kuva","1699.31","OK"
"8kuvb","201616.49","Fraud"
"8kuvj","785.57","OK"
"8kuvn","10.81","OK"
"8kuvt","999999.99","OK"
"8kuvy","0.00","OK"
"8kux8","0.00","OK"
"8kuxa","999999.99","Observation"
"8kuxc","0.00","OK"
"8kuxg","0.64","OK"
"8kuxh","32.00","OK"
"8kuxi","0.00","OK"
"8kuxj","24.00","OK"
"8kuxk","0.00","OK"
"8kuxp","0.00","OK"
"8kuy3","0.00","OK"
"8kuy4","0.00","OK"
"8kuy9","0.00","OK"
"8kuyg","20673.09","OK"
"8kuyp","0.00","OK"
"8kuys","0.00","OK"
"8kuze","0.64","OK"
"8kuzg","49.00","OK"
"8kuzj","65.66","OK"
"8kuzl","0.00","OK"
"8kv08","0.00","OK"
"8kv0e","249.50","OK"
"8kv0o","0.67","OK"
"8kv0s","999999.99","Observation"
"8kv3c","20.25","OK"
"8kv3v","884.79","Fraud"
"8kv42","0.00","OK"
"8kv4a","0.67","OK"
"8kv4d","0.00","OK"
"8kv4k","3.00","OK"
"8kv4v","207.66","OK"
"8kv4x","0.25","OK"
"8kv5a","0.00","OK"
"8kv5w","1592.78","Fraud"
"8kv5y","0.00","OK"
"8kv6q","0.00","OK"
"8kv6v","9970.78","Fraud"
"8kv6y","12.12","OK"
"8kv74","0.00","OK"
"8kv77","0.25","OK"
"8kv7n","194.89","Fraud"
"8kv7x","1441.00","Fraud"
"8kv80","0.00","OK"
"8kv8i","1.00","OK"
"8kv8s","56.89","OK"
"8kv90","224.56","OK"
"8kv97","163.22","OK"
"8kv9a","44.57","OK"
"8kv9b","3.75","OK"
"8kvad","1800.75","OK"
"8kvas","1764.00","OK"
"8kvax","244.86","OK"
"8kvb3","0.00","OK"
"8kvbe","8.00","OK"
"8kvbi","0.00","OK"
"8kvc4","0.00","OK"
"8kvc7","121.00","OK"
"8kvc8","0.00","OK"
"8kvcs","0.00","OK"
"8kvct","0.00","OK"
"8kvdh","1.56","OK"
"8kve7","1056.11","OK"
"8kvec","228.64","OK"
"8kven","4.46","OK"
"8kveo","36.02","OK"
"8kveq","9.01","OK"
"8kvey","3.56","OK"
"8kvfl","0.00","OK"
"8kvfn","2.25","OK"
"8kvfr","12520.62","OK"
"8kvg3","0.00","OK"
"8kvgc","0.00","OK"
"8kvgp","0.00","OK"
"8kvgr","6.25","OK"
"8kvgs","2.14","OK"
"8kvh1","1.27","OK"
"8kvh9","0.00","OK"
"8kvhd","16.00","OK"
"8kvhi","81787.42","OK"
"8kvhp","0.00","OK"
"8kvhz","0.00","OK"
"8kvie","0.00","OK"
"8kvil","0.14","OK"
"8kvim","18926.78","OK"
"8kviw","1522.04","OK"
"8kvj1","573.50","OK"
"8kvjl","0.00","OK"
"8kvkh","0.00","OK"
"8kvkj","0.00","OK"
"8kvkq","832.19","OK"
"8kvkw","152.52","OK"
"8kvl0","38.76","OK"
"8kvl1","419.40","OK"
"8kvl2","454.26","OK"
"8kvl6","641.02","OK"
"8kvl7","8300.84","OK"
"8kvl8","0.00","OK"
"8kvlp","8155.93","OK"
"8kvlq","0.00","OK"
"8kvm0","12100.00","OK"
"8kvm1","4498.19","OK"
"8kvm2","354209.56","OK"
"8kvm6","0.00","OK"
"8kvm7","0.00","OK"
"8kvma","0.00","OK"
"8kvmd","0.25","OK"
"8kvmf","15.63","OK"
"8kvmo","0.22","OK"
"8kvmr","1894.75","OK"
"8kvna","2739.24","OK"
"8kvnb","5397.69","Observation"
"8kvnu","5.56","OK"
"8kvo1","806.22","OK"
"8kvos","0.16","OK"
"8kvot","1.47","OK"
"8kvpb","13.89","OK"
"8kvpc","5.76","OK"
"8kvpe","19.36","OK"
"8kvpg","0.00","OK"
"8kvpr","0.00","OK"
"8kvpw","8.54","OK"
"8kvq0","108.50","OK"
"8kvqh","25.49","OK"
"8kvqm","36.56","OK"
"8kvqp","0.00","OK"
"8kvr5","0.00","OK"
"8kvr9","0.00","OK"
"8kvrh","0.00","OK"
"8kvrr","0.00","OK"
"8kvry","1.00","OK"
"8kvs0","0.00","OK"
"8kvs1","0.00","OK"
"8kvs9","4.22","OK"
"8kvsu","216.22","OK"
"8kvtr","0.00","OK"
"8kvtw","0.00","OK"
"8kvty","5744.44","OK"
"8kvu3","0.00","OK"
"8kvu7","1.10","OK"
"8kvug","1392.89","OK"
"8kvuh","28.57","OK"
"8kvv2","8920.50","Observation"
"8kvv3","0.00","OK"
"8kvv4","2393.69","OK"
"8kvv6","828285.56","OK"
"8kvv7","6166.00","OK"
"8kvv8","0.00","OK"
"8kvvd","81552.38","OK"
"8kvvh","26377.56","Observation"
"8kvxs","0.00","OK"
"8kvy3","0.00","OK"
"8kvyf","21.14","OK"
"8kvyo","1285.11","OK"
"8kvyr","39.64","OK"
"8kvzp","0.00","OK"
"8kw03","0.00","OK"
"8kw0f","6750.67","Observation"
"8kw0n","16.00","OK"
"8kw15","0.22","OK"
"8kw19","2706.49","OK"
"8kw1q","42.86","OK"
"8kw28","0.00","OK"
"8kw2n","0.00","OK"
"8kw39","0.00","OK"
"8kw3g","32948.77","OK"
"8kw4u","0.00","OK"
"8kw4v","38751.08","Fraud"
"8kw4x","7.84","OK"
"8kw4z","3134.56","OK"
"8kw53","0.00","OK"
"8kw5p","0.00","OK"
"8kw5u","48196.69","Fraud"
"8kw6d","2.25","OK"
"8kw70","0.00","OK"
"8kwzo","441.00","OK"
"8kwzv","0.00","OK"
"8kwzx","12118.69","Fraud"
"8kwzy","125.44","OK"
"8kx0a","0.00","OK"
"8kx0h","5.56","OK"
"8kx0o","1356.13","OK"
"8kx0y","289.00","OK"
"8kx17","0.00","OK"
"8kx19","220.67","OK"
"8kx1q","0.00","OK"
"8kx1z","0.00","Observation"
"8kx21","0.00","OK"
"8kx25","2.25","OK"
"8kx29","0.00","OK"
"8kx2a","0.00","OK"
"8kx2d","1629.01","Fraud"
"8kx2g","0.00","OK"
"8kx2r","2.25","OK"
"8kx2u","3399.55","Fraud"
"8kx2w","0.00","OK"
"8kx31","999999.99","OK"
"8kx33","0.00","OK"
"8kx37","35.01","OK"
"8kx3a","0.00","OK"
"8kx3b","0.00","OK"
"8kx3c","0.00","OK"
"8kx3f","214.10","OK"
"8kx3i","0.00","OK"
"8kx3q","1436.24","OK"
"8kx3r","0.00","OK"
"8kx47","0.00","OK"
"8kx4j","0.25","OK"
"8kx5a","28900.00","OK"
"8kx5c","5.63","OK"
"8kx5g","63.69","OK"
"8kx5q","0.00","Observation"
"8kx6b","0.00","Observation"
"8kx86","0.00","Observation"
"8kxdu","0.00","OK"
"8kxe3","0.00","OK"
"8kxee","37752.49","OK"
"8kxef","0.00","OK"
"8kxel","0.00","Fraud"
"8kxem","0.00","Fraud"
"8kxep","0.00","OK"
"8kxer","344.81","OK"
"8kxev","0.00","OK"
"8kxew","0.00","OK"
"8kxez","0.00","OK"
"8kxf2","0.00","OK"
"8kxf4","18.52","OK"
"8kxfb","89.38","OK"
"8kxfu","0.00","OK"
"8kxgk","0.67","OK"
"8kxgm","24.25","OK"
"8kxgs","52772.86","Fraud"
"8kxgt","6087.69","OK"
"8kxgu","28763.56","OK"
"8kxgv","36737.47","Fraud"
"8kxgy","0.00","OK"
"8kxhd","0.00","OK"
"8kxhn","0.86","OK"
"8kxhp","0.00","OK"
"8kxhq","0.00","OK"
"8kxij","0.00","Fraud"
"8kxik","2.25","OK"
"8kxim","0.00","OK"
"8kxj4","0.00","OK"
"8kxj8","306.25","OK"
"8kxjw","518.00","OK"
"8kxjy","316.21","OK"
"8kxkx","65726.30","Observation"
"8kxl2","0.00","OK"
"8kxl3","145553.56","Fraud"
"8kxla","150.08","OK"
"8kxlk","4054.72","OK"
"8kxll","6449.93","OK"
"8kxlo","24.56","OK"
"8kxlp","22626.68","OK"
"8kxlq","33.43","OK"
"8kxlr","19163.60","OK"
"8kxlt","20845.14","OK"
"8kxlv","11342.40","Fraud"
"8kxly","105074.18","Fraud"
"8kxm0","22.00","OK"
"8kxm9","1345.84","OK"
"8kxmh","976.43","Fraud"
"8kxml","28.69","OK"
"8kxmm","0.00","OK"
"8kxmo","0.44","OK"
"8kxn2","0.00","OK"
"8kxn5","159.19","OK"
"8kxnk","6.25","OK"
"8kxnl","0.00","OK"
"8kxnm","44732.25","Fraud"
"8kxnn","3025.00","Observation"
"8kxnw","455.11","OK"
"8kxo5","0.00","OK"
"8kxoj","0.00","Observation"
"8kxom","123.73","OK"
"8kxor","12.67","OK"
"8kxos","0.25","OK"
"8kxox","14.22","OK"
"8kxoy","3486.25","Fraud"
"8kxp5","0.00","OK"
"8kxpa","0.00","OK"
"8kxpd","18.02","OK"
"8kxpq","0.00","OK"
"8kxpv","0.00","OK"
"8kxq6","11006.41","OK"
"8kxqd","0.00","OK"
"8kxqf","0.00","OK"
"8kxqj","593.00","OK"
"8kxqk","31125.61","Observation"
"8kxqm","2809.00","OK"
"8kxqw","72.53","OK"
"8kxr9","8265.33","Observation"
"8kxrb","640.69","Observation"
"8kxrc","0.00","OK"
"8kxre","3080.46","Observation"
"8kxri","203.14","OK"
"8kxrj","182.25","OK"
"8kxrs","240.25","OK"
"8kxtp","182.00","OK"
"8kxvk","3872.32","OK"
"8kxxf","47.73","OK"
"8kxzn","0.00","OK"
"8kxzu","4406.55","OK"
"8ky0g","0.00","OK"
"8ky0o","1.50","OK"
"8ky15","0.00","OK"
"8ky18","0.00","OK"
"8ky1v","2.22","OK"
"8ky22","0.00","OK"
"8ky2b","0.25","OK"
"8ky2f","0.24","OK"
"8ky2l","0.00","OK"
"8ky2n","0.00","OK"
"8ky46","117.69","OK"
"8ky4j","0.00","OK"
"8ky4k","57.24","OK"
"8ky4n","0.00","OK"
"8ky4r","0.00","OK"
"8ky4x","0.00","OK"
"8ky50","0.00","OK"
"8ky5c","42.25","OK"
"8ky5s","0.00","OK"
"8ky6d","0.25","OK"
"8ky6h","1786.76","Fraud"
"8ky6n","1593.61","Fraud"
"8ky6u","4.67","OK"
"8ky6v","69.96","OK"
"8ky77","0.00","OK"
"8ky8n","6.25","OK"
"8ky8r","0.00","OK"
"8ky93","0.25","OK"
"8ky9n","0.00","OK"
"8kyao","0.00","OK"
"8kyb9","0.69","OK"
"8kybc","0.25","OK"
"8kybl","55080.19","OK"
"8kybu","0.00","OK"
"8kyc0","0.19","OK"
"8kycf","0.00","OK"
"8kycw","165.32","OK"
"8kydv","5648.64","Fraud"
"8kygk","240.25","OK"
"8kygl","0.00","OK"
"8kygo","0.00","OK"
"8kygq","390.94","OK"
"8kygz","0.00","OK"
"8kyhj","0.00","OK"
"8kyiq","14.25","OK"
"8kyjt","12.00","OK"
"8kyk5","132.33","OK"
"8kyka","0.00","OK"
"8kyl4","46.93","OK"
"8kyl5","0.00","OK"
"8kyld","20.40","OK"
"8kymr","0.00","OK"
"8kynd","6.89","OK"
"8kynk","0.00","OK"
"8kyov","222292.67","Fraud"
"8kyow","0.89","OK"
"8kyoy","0.00","OK"
"8kyp1","860.56","OK"
"8kyp7","0.00","OK"
"8kyp8","0.25","OK"
"8kypd","294.60","OK"
"8kypr","4.81","OK"
"8kyqu","0.00","OK"
"8kyre","0.00","OK"
"8kysj","0.00","OK"
"8kyss","0.25","OK"
"8kytg","0.00","OK"
"8kyu8","4.00","OK"
"8kyvb","38649.28","OK"
"8kyvg","0.00","OK"
"8kyvt","0.00","OK"
"8kyvw","4.83","OK"
"8kyw0","4.00","OK"
"8kyw6","0.00","OK"
"8kywb","579.50","OK"
"8kywm","0.00","OK"
"8kywq","0.00","OK"
"8kywy","1501.84","OK"
"8kyxs","0.00","OK"
"8kyxz","0.00","OK"
"8kyyv","3.36","OK"
"8kyz1","26.89","OK"
"8kyzp","999999.99","OK"
"8kz2d","0.00","OK"
"8kz2e","0.00","OK"
"8kz2y","0.00","OK"
"8kz4p","0.00","OK"
"8kz5j","4.00","OK"
"8kz64","51.74","OK"
"8kz6l","0.00","OK"
"8kz6p","16504.98","Fraud"
"8kz6r","0.00","OK"
"8kz74","0.00","OK"
"8kz7h","0.00","OK"
"8kz7i","0.00","OK"
"8kz7z","10.89","OK"
"8kz81","21.89","OK"
"8kz84","860.58","OK"
"8kz8a","42.40","OK"
"8kz9c","6.89","OK"
"8kz9e","2.25","OK"
"8kz9f","207289.28","OK"
"8kz9k","0.00","OK"
"8kz9x","0.25","OK"
"8kzaf","0.00","OK"
"8kzbb","129341.46","OK"
"8kzbg","23.47","OK"
"8kzd5","0.22","OK"
"8kzds","0.00","OK"
"8kzen","47.55","OK"
"8kzep","238.69","OK"
"8kzer","1.69","OK"
"8kzes","0.00","OK"
"8kzf2","0.00","OK"
"8kzf5","0.00","OK"
"8kzfo","678.49","OK"
"8kzgc","0.00","OK"
"8kzgf","0.25","OK"
"8kzhr","2.56","OK"
"8kzhu","0.00","OK"
"8kzhz","1.50","OK"
"8kzi1","0.25","OK"
"8kzi5","0.00","OK"
"8kzjk","0.00","Fraud"
"8kzjq","0.00","OK"
"8kzjy","0.25","OK"
"8kzkc","0.25","OK"
"8kzkl","44.62","OK"
"8kzkp","0.00","OK"
"8kzkq","0.00","OK"
"8kzl3","0.25","OK"
"8kzl6","0.00","OK"
"8kzlb","0.00","OK"
"8kzll","747.48","OK"
"8kzlm","1.00","OK"
"8kzm1","9792.31","Fraud"
"8kzmh","0.25","OK"
"8kzmx","0.00","OK"
"8kzmy","43.47","OK"
"8kzna","59086.04","OK"
"8kznn","1623.74","OK"
"8kznw","50.83","OK"
"8kzo4","1.44","OK"
"8kzom","0.00","OK"
"8kzpi","0.00","OK"
"8kzq3","0.00","OK"
"8kzqd","12082.89","OK"
"8kzqe","0.00","OK"
"8kzqo","0.00","OK"
"8kzr4","380.25","OK"
"8kzr5","420.25","OK"
"8kzr6","784.00","OK"
"8kzr7","1681.00","OK"
"8kzr9","576.00","OK"
"8kzss","400.00","OK"
"8kzst","461.56","OK"
"8kzsu","296.22","OK"
"8kzt1","9200.08","OK"
"8kztj","0.25","OK"
"8kztp","0.00","OK"
"8kztq","297.23","OK"
"8kzu3","6.25","OK"
"8kzuk","7.18","OK"
"8kzv1","323.04","OK"
"8kzvn","156035.63","OK"
"8kzw1","12.28","OK"
"8kzwc","14.22","OK"
"8kzwu","8001.84","OK"
"8kzx6","6.73","OK"
"8kzxc","252.96","OK"
"8kzxk","307.21","OK"
"8kzxo","12.25","OK"
"8kzxz","193371.44","OK"
"8kzy2","0.00","OK"
"8kzy5","19548.46","OK"
"8kzyi","98002.02","Observation"
"8kzyz","0.00","OK"
"8l004","0.00","OK"
"8l00g","28446.86","OK"
"8l00h","71.24","Fraud"
"8l00x","0.00","OK"
"8l014","1.00","OK"
"8l01a","0.00","OK"
"8l01b","0.00","OK"
"8l01g","32.72","OK"
"8l01w","0.00","OK"
"8l01y","3.51","OK"
"8l029","12.25","OK"
"8l02e","0.00","OK"
"8l02g","0.25","OK"
"8l02m","0.00","OK"
"8l02n","0.00","OK"
"8l02t","20.61","OK"
"8l02x","4449.56","OK"
"8l03g","0.00","OK"
"8l03j","25.58","OK"
"8l046","0.00","OK"
"8l04m","0.00","OK"
"8l04x","344.00","OK"
"8l04z","1595.39","OK"
"8l050","272.67","OK"
"8l051","401.56","OK"
"8l052","296.22","OK"
"8l053","340.67","OK"
"8l05k","2.00","OK"
"8l05l","620.58","OK"
"8l05z","0.00","OK"
"8l061","53.88","OK"
"8l063","157.69","OK"
"8l06b","0.00","OK"
"8l071","9703.63","OK"
"8l07i","1207.28","OK"
"8l07n","0.00","OK"
"8l07q","0.00","OK"
"8l07t","0.00","OK"
"8l08l","0.00","OK"
"8l09b","0.00","OK"
"8l0a0","252.11","OK"
"8l0aq","0.78","OK"
"8l0b4","386.99","OK"
"8l0bl","56376.66","Observation"
"8l0bm","1.14","OK"
"8l0c2","0.00","OK"
"8l0ca","0.00","OK"
"8l0cx","42.25","OK"
"8l0e4","148.62","OK"
"8l0f6","48.25","OK"
"8l0fs","0.00","OK"
"8l0fv","0.00","OK"
"8l0fx","0.00","OK"
"8l0gr","5.47","OK"
"8l0ho","9.00","OK"
"8l0i4","0.00","OK"
"8l0io","382.89","OK"
"8l0iu","193.56","OK"
"8l0iv","196.00","OK"
"8l0j8","0.22","OK"
"8l0jf","264.67","OK"
"8l0k0","0.00","OK"
"8l0k9","0.00","OK"
"8l0l8","0.00","OK"
"8l0lh","5.06","OK"
"8l0lm","0.00","OK"
"8l0lv","0.69","OK"
"8l0m2","0.00","OK"
"8l0m9","8.92","OK"
"8l0mw","0.00","OK"
"8l0n5","3.56","OK"
"8l0ng","0.00","OK"
"8l0nw","8.00","OK"
"8l0p1","49.58","OK"
"8l0p8","0.00","OK"
"8l0q6","109999.51","Fraud"
"8l0r9","0.00","OK"
"8l0rb","273.90","Fraud"
"8l0rp","88.45","OK"
"8l0rq","6871.73","OK"
"8l0rr","144.92","OK"
"8l0sm","51528.20","OK"
"8l0sw","1.00","OK"
"8l0t1","40.96","OK"
"8l0t3","0.00","OK"
"8l0t6","0.89","OK"
"8l0td","0.00","OK"
"8l0ty","0.00","OK"
"8l0u5","0.00","OK"
"8l0uu","56.89","OK"
"8l0v8","15527.25","Observation"
"8l0v9","563578.04","OK"
"8l0w0","0.00","OK"
"8l0wx","621.40","OK"
"8l0wz","0.00","OK"
"8l0x3","277.71","OK"
"8l0x4","0.00","OK"
"8l0x9","2.25","OK"
