"partnerid","CntrClickRatio","status"
"8i7uk","0.32","OK"
"8i7ux","0.08","OK"
"8i7va","0.50","OK"
"8i7vb","0.27","OK"
"8i7vf","0.50","OK"
"8i7vp","0.01","OK"
"8i7vq","0.03","OK"
"8i7vz","0.08","OK"
"8i7w2","0.08","OK"
"8i7wb","0.11","OK"
"8i7wi","0.02","OK"
"8i7wr","0.00","OK"
"8i7wv","0.02","OK"
"8i7xd","0.02","Observation"
"8i7yy","0.33","OK"
"8i7z7","0.04","OK"
"8i7zf","0.67","OK"
"8i7zk","0.01","OK"
"8i7zl","0.00","OK"
"8i804","0.46","OK"
"8i806","0.04","OK"
"8i80a","0.08","OK"
"8i80j","0.50","OK"
"8i81d","0.14","OK"
"8i81i","0.40","OK"
"8i828","0.01","OK"
"8i82g","0.36","OK"
"8i82r","0.33","OK"
"8i82x","0.67","OK"
"8i830","0.50","OK"
"8i833","0.07","OK"
"8i83a","1.00","OK"
"8i83y","1.00","OK"
"8i84n","0.06","OK"
"8i84o","0.22","OK"
"8i84w","1.00","OK"
"8i85v","0.05","OK"
"8i86i","1.00","OK"
"8i88w","0.18","OK"
"8i89m","0.50","OK"
"8i8ar","0.50","OK"
"8i8bx","0.25","OK"
"8i8cj","1.00","OK"
"8i8do","0.50","OK"
"8i8e5","0.06","OK"
"8i8e7","1.00","OK"
"8i8ef","0.11","OK"
"8i8en","0.33","OK"
"8i8fk","0.19","OK"
"8i8fm","0.04","Observation"
"8i8fn","0.25","OK"
"8i8fq","0.08","OK"
"8i8ft","0.17","OK"
"8i8g3","1.00","OK"
"8i8go","0.04","Observation"
"8i8gu","1.00","OK"
"8i8gx","1.00","OK"
"8i8gz","1.00","OK"
"8i8h2","0.50","OK"
"8i8h7","0.01","Fraud"
"8i8hw","0.13","OK"
"8i8ih","0.50","OK"
"8i8is","0.05","OK"
"8i8iv","0.20","OK"
"8i8j2","0.14","OK"
"8i8jl","0.67","OK"
"8i8k3","0.27","OK"
"8i8kg","1.00","OK"
"8i8ku","0.14","OK"
"8i8le","0.44","OK"
"8i8lx","1.00","OK"
"8i8m6","0.04","OK"
"8i8mq","0.25","OK"
"8i8mr","0.50","OK"
"8i8n6","0.11","OK"
"8i8no","0.03","OK"
"8i8nq","1.00","OK"
"8i8nr","0.03","OK"
"8i8oh","1.00","OK"
"8i8p1","0.05","OK"
"8i8pz","1.00","OK"
"8i8q4","0.05","OK"
"8i8qk","0.60","OK"
"8i8qn","1.00","OK"
"8i8rs","1.00","OK"
"8i8s9","1.00","OK"
"8i8t2","0.50","OK"
"8i8tt","0.10","Observation"
"8i8tw","1.00","OK"
"8i8u1","0.67","OK"
"8i8u7","1.00","OK"
"8i8u8","0.03","OK"
"8i8ub","0.04","OK"
"8i8ui","0.56","OK"
"8i8wd","0.29","OK"
"8i8xq","0.02","OK"
"8i8ye","0.02","OK"
"8i8yi","0.25","OK"
"8i8yn","0.26","OK"
"8i8yu","0.03","OK"
"8i8z4","0.09","OK"
"8i8zd","0.25","OK"
"8i8ze","0.12","OK"
"8i8zi","0.29","OK"
"8i903","0.21","OK"
"8i90i","1.00","OK"
"8i90k","0.01","Fraud"
"8i90m","0.06","OK"
"8i91i","0.01","OK"
"8i922","0.01","OK"
"8i92t","0.01","OK"
"8i92u","1.00","OK"
"8i930","0.03","Observation"
"8i932","0.40","OK"
"8i936","0.05","OK"
"8i93o","0.36","OK"
"8i93q","0.11","OK"
"8i941","0.15","OK"
"8i949","0.12","OK"
"8i94e","1.00","OK"
"8i94n","1.00","OK"
"8i94y","0.01","OK"
"8i95z","0.29","OK"
"8i969","0.09","OK"
"8i96u","0.01","OK"
"8i96x","0.50","OK"
"8i98h","0.40","OK"
"8i99h","0.28","OK"
"8i9a2","1.00","OK"
"8i9at","0.20","OK"
"8i9aw","0.02","OK"
"8i9b4","0.83","OK"
"8i9bj","0.19","OK"
"8i9bm","0.01","OK"
"8i9bs","0.25","OK"
"8i9bw","0.28","OK"
"8i9bx","0.29","OK"
"8i9cn","0.28","OK"
"8i9co","0.07","OK"
"8i9cr","0.07","OK"
"8i9d0","0.20","OK"
"8i9d1","1.00","OK"
"8i9d5","0.04","OK"
"8i9da","0.03","OK"
"8i9db","1.00","OK"
"8i9dg","1.00","OK"
"8i9dp","1.00","OK"
"8i9dv","0.18","OK"
"8i9e1","1.00","OK"
"8i9e9","0.07","OK"
"8i9ed","1.00","OK"
"8i9eg","1.00","OK"
"8i9eq","0.33","OK"
"8i9f0","0.50","OK"
"8i9fl","0.60","OK"
"8i9fv","1.00","OK"
"8i9g2","0.02","OK"
"8i9gl","1.00","OK"
"8i9h8","1.00","OK"
"8i9hj","1.00","OK"
"8i9hm","0.02","OK"
"8i9hn","0.07","OK"
"8i9ht","0.00","OK"
"8i9hu","0.01","OK"
"8i9hw","0.50","OK"
"8i9hx","0.00","OK"
"8i9hz","1.00","OK"
"8i9i1","0.00","OK"
"8i9i3","0.00","OK"
"8i9i4","0.04","OK"
"8i9i5","0.00","Observation"
"8i9i7","0.02","OK"
"8i9i9","0.03","OK"
"8i9ia","0.00","OK"
"8i9ib","0.06","OK"
"8i9ic","0.01","OK"
"8i9id","0.01","OK"
"8i9ie","0.01","OK"
"8i9ig","0.00","OK"
"8i9ih","0.01","OK"
"8i9ii","0.00","Observation"
"8i9ij","0.02","OK"
"8i9ik","0.00","OK"
"8i9im","0.01","OK"
"8i9in","0.01","OK"
"8i9ip","0.20","OK"
"8i9j4","0.00","OK"
"8i9j6","0.00","Observation"
"8i9jf","0.50","OK"
"8i9jg","0.01","OK"
"8i9ji","0.05","OK"
"8i9jj","0.00","OK"
"8i9jr","0.50","OK"
"8i9kq","0.19","OK"
"8i9ky","1.00","OK"
"8i9nd","1.00","OK"
"8i9ng","0.07","OK"
"8i9np","0.09","OK"
"8i9os","1.00","OK"
"8i9ot","0.01","OK"
"8i9p1","0.38","OK"
"8i9p3","0.20","OK"
"8i9p4","0.60","OK"
"8i9p7","0.18","OK"
"8i9p8","0.35","OK"
"8i9pt","0.50","OK"
"8i9q6","0.17","OK"
"8i9ql","0.01","OK"
"8i9qu","0.14","OK"
"8i9s9","0.01","OK"
"8i9sm","0.52","OK"
"8i9t0","0.33","OK"
"8i9tt","0.16","OK"
"8i9u6","0.40","OK"
"8i9vn","0.06","OK"
"8i9ws","0.06","Fraud"
"8i9xb","0.05","OK"
"8i9z5","0.02","OK"
"8i9z6","0.25","OK"
"8i9z7","0.50","OK"
"8i9zb","0.02","OK"
"8i9zp","0.07","OK"
"8i9zy","0.64","OK"
"8ia0j","0.19","OK"
"8ia0n","0.08","OK"
"8ia11","0.16","OK"
"8ia16","0.04","OK"
"8ia19","0.20","OK"
"8ia1e","0.11","OK"
"8ia25","1.00","OK"
"8ia51","0.18","OK"
"8ia54","1.00","OK"
"8ia62","0.25","OK"
"8ia6z","0.02","OK"
"8ia7h","0.30","OK"
"8ia7p","0.22","OK"
"8ia7z","1.00","OK"
"8ia80","0.03","OK"
"8ia8k","1.00","OK"
"8ia8u","0.17","OK"
"8ia99","0.25","OK"
"8ia9b","0.05","OK"
"8ia9d","1.00","OK"
"8ia9m","0.08","OK"
"8ia9n","1.00","OK"
"8iaa6","1.00","OK"
"8iaar","0.33","OK"
"8iaay","0.12","OK"
"8iaaz","0.33","OK"
"8iab9","0.06","OK"
"8iabd","0.30","OK"
"8iabk","0.38","OK"
"8iabp","0.10","OK"
"8iac5","1.00","OK"
"8iac6","0.05","OK"
"8iact","0.04","OK"
"8iadk","0.20","OK"
"8iadn","1.00","OK"
"8iadr","0.00","Observation"
"8iadt","0.01","OK"
"8iae2","1.00","OK"
"8iae4","1.00","OK"
"8iaeq","1.00","OK"
"8iafg","0.02","OK"
"8iafi","0.17","OK"
"8iagk","0.02","OK"
"8iagn","1.00","OK"
"8iagp","0.29","OK"
"8iagv","0.36","OK"
"8iah0","0.53","OK"
"8iaim","1.00","OK"
"8iaj2","0.04","OK"
"8iajv","1.00","OK"
"8iak0","0.15","OK"
"8iaks","0.29","OK"
"8ial7","1.00","OK"
"8ialk","0.50","OK"
"8ialy","0.02","OK"
"8iam0","0.08","OK"
"8iam4","0.09","OK"
"8iamd","0.00","Observation"
"8iaml","0.67","OK"
"8iaob","0.50","OK"
"8iaps","0.50","OK"
"8iaqk","0.50","OK"
"8iaqp","0.20","OK"
"8iaqy","1.00","OK"
"8iar6","0.29","OK"
"8iark","0.23","OK"
"8iaru","0.13","OK"
"8iasq","0.36","OK"
"8iasz","0.05","Observation"
"8iata","0.09","OK"
"8iatv","0.04","OK"
"8iau4","0.07","OK"
"8iau5","0.04","OK"
"8iau7","0.06","OK"
"8iauu","0.01","OK"
"8iavq","0.01","OK"
"8iavx","0.01","OK"
"8iawe","1.00","OK"
"8iawh","0.04","OK"
"8iaxa","0.50","OK"
"8iaxj","0.00","Fraud"
"8iayy","1.00","OK"
"8iazm","0.01","OK"
"8ib0l","0.08","OK"
"8ib0m","1.00","OK"
"8ib12","0.17","OK"
"8ib14","0.33","OK"
"8ib16","0.10","OK"
"8ib1i","1.00","OK"
"8ib1j","1.00","OK"
"8ib1t","0.23","OK"
"8ib1v","0.33","OK"
"8ib1x","1.00","OK"
"8ib25","0.04","OK"
"8ib26","0.09","OK"
"8ib2d","1.00","OK"
"8ib2w","0.41","OK"
"8ib34","0.67","OK"
"8ib46","0.50","OK"
"8ib4v","0.67","OK"
"8ib4y","0.21","OK"
"8ib4z","0.03","OK"
"8ib56","0.01","OK"
"8ib5i","0.00","OK"
"8ib63","0.75","OK"
"8ib6f","0.40","OK"
"8ib6i","0.33","OK"
"8ib6x","0.08","OK"
"8ib7h","0.09","OK"
"8ib7i","1.00","OK"
"8ib9m","1.00","OK"
"8ib9o","0.33","OK"
"8ib9v","0.50","OK"
"8ibah","0.03","OK"
"8ibam","1.00","OK"
"8ibay","1.00","OK"
"8ibbr","0.33","OK"
"8ibbv","1.00","OK"
"8ibcb","1.00","OK"
"8ibcv","0.16","OK"
"8ibdg","0.15","OK"
"8ibdl","0.40","OK"
"8ibdm","0.02","OK"
"8iber","0.50","OK"
"8ibf5","1.00","OK"
"8ibfa","1.00","OK"
"8ibg2","0.09","OK"
"8ibg6","1.00","OK"
"8ibgj","0.33","OK"
"8ibgo","0.40","OK"
"8ibgx","0.10","OK"
"8ibhn","0.14","OK"
"8ibid","0.67","OK"
"8ibiw","0.44","OK"
"8ibjf","0.07","OK"
"8ibjo","0.14","OK"
"8ibke","1.00","OK"
"8ibkr","0.02","Fraud"
"8ibl1","1.00","OK"
"8ibmd","0.50","OK"
"8ibmq","1.00","OK"
"8ibmx","0.71","OK"
"8ibn2","1.00","OK"
"8ibnz","0.50","OK"
"8ibo7","0.83","OK"
"8ibop","0.71","OK"
"8ibp0","0.07","OK"
"8ibp7","0.50","OK"
"8ibp9","0.11","OK"
"8ibpi","0.67","OK"
"8ibr7","1.00","OK"
"8ibt9","0.30","OK"
"8ibtd","1.00","OK"
"8ibub","1.00","OK"
"8ibug","0.02","OK"
"8ibum","0.19","OK"
"8ibup","0.09","OK"
"8ibv4","0.03","OK"
"8ibw8","0.03","OK"
"8ibxb","0.06","OK"
"8ic07","0.11","OK"
"8ic0m","0.04","OK"
"8ic0y","0.30","OK"
"8ic1s","0.38","OK"
"8ic1t","0.07","OK"
"8ic1x","1.00","OK"
"8ic26","0.05","OK"
"8ic2e","0.33","OK"
"8ic2q","0.33","OK"
"8ic3a","0.24","OK"
"8ic3g","1.00","OK"
"8ic3o","0.28","OK"
"8ic3r","1.00","OK"
"8ic3w","0.25","OK"
"8ic46","0.23","OK"
"8ic4i","0.15","OK"
"8ic4v","0.05","OK"
"8ic50","1.00","OK"
"8ic51","0.17","OK"
"8ic55","0.50","OK"
"8ic56","0.03","OK"
"8ic59","1.00","OK"
"8ic5b","0.18","OK"
"8ic6b","0.25","OK"
"8ic6d","0.11","OK"
"8ic6r","1.00","OK"
"8ic78","1.00","OK"
"8ic7z","0.67","OK"
"8ic8g","0.50","OK"
"8ic9a","0.60","OK"
"8ic9l","0.29","OK"
"8ic9r","0.67","OK"
"8ica0","0.13","OK"
"8icam","0.47","OK"
"8icaw","0.24","OK"
"8icb3","0.75","OK"
"8icb9","1.00","OK"
"8icbb","0.16","OK"
"8iccd","0.19","OK"
"8iccn","0.11","OK"
"8icdb","0.13","OK"
"8icdj","0.25","OK"
"8ice8","0.08","OK"
"8icee","0.23","OK"
"8icef","0.11","OK"
"8icfc","1.00","OK"
"8icfe","0.01","Observation"
"8icff","0.02","Observation"
"8icfm","1.00","OK"
"8icgh","0.50","OK"
"8ich8","1.00","OK"
"8ichd","0.03","OK"
"8ichj","0.13","OK"
"8ichk","0.07","OK"
"8ichs","1.00","OK"
"8ichw","0.09","OK"
"8icia","0.06","OK"
"8icim","0.08","OK"
"8icin","0.03","OK"
"8icix","1.00","OK"
"8icoz","0.33","OK"
"8icp7","0.10","OK"
"8icq7","0.47","OK"
"8ictc","0.40","OK"
"8ictf","1.00","OK"
"8ictz","0.20","OK"
"8icu9","0.38","OK"
"8icuy","0.13","OK"
"8icv3","1.00","OK"
"8icvc","0.35","OK"
"8icwe","0.63","OK"
"8icx6","1.00","OK"
"8icxc","0.44","OK"
"8icxd","0.50","OK"
"8icxf","0.38","OK"
"8icxl","0.12","OK"
"8icyy","0.67","OK"
"8icz2","0.11","OK"
"8iczh","0.04","Fraud"
"8id02","0.04","OK"
"8id03","0.07","OK"
"8id0y","0.60","OK"
"8id0z","0.17","OK"
"8id1a","0.22","OK"
"8id2f","1.00","OK"
"8id2s","0.50","OK"
"8id2w","0.09","OK"
"8id2z","0.43","OK"
"8id56","1.00","OK"
"8id57","0.07","OK"
"8id5b","0.33","OK"
"8id5p","0.01","Fraud"
"8id6y","0.03","OK"
"8id6z","0.32","OK"
"8id7o","0.10","OK"
"8id7z","1.00","OK"
"8id89","0.40","OK"
"8id8z","1.00","OK"
"8id9y","0.03","OK"
"8ida1","0.03","OK"
"8idam","1.00","OK"
"8idbx","0.14","OK"
"8idc4","0.09","OK"
"8iddj","0.05","OK"
"8iddv","1.00","OK"
"8iddw","0.20","OK"
"8ide1","0.50","OK"
"8ide5","1.00","OK"
"8idem","0.40","OK"
"8idf6","1.00","OK"
"8idfl","0.50","OK"
"8idg8","0.50","OK"
"8idgb","1.00","OK"
"8idh3","1.00","OK"
"8idhm","0.03","Fraud"
"8idhn","0.35","OK"
"8idhp","0.10","OK"
"8idhs","0.43","OK"
"8idht","1.00","OK"
"8idhw","0.50","OK"
"8idi0","0.50","OK"
"8idi1","0.38","OK"
"8idi4","0.67","OK"
"8idi5","0.27","OK"
"8idi7","0.21","OK"
"8idib","1.00","OK"
"8idit","0.02","Fraud"
"8idmr","0.33","OK"
"8idn9","0.40","OK"
"8idnv","1.00","OK"
"8idny","1.00","OK"
"8ido2","0.10","OK"
"8idoa","0.19","OK"
"8idob","0.67","OK"
"8idoc","0.40","OK"
"8idou","0.50","OK"
"8idp1","0.50","OK"
"8idp3","1.00","OK"
"8ie57","1.00","OK"
"8ie5k","0.50","OK"
"8ie7p","1.00","OK"
"8ie82","0.50","OK"
"8ie98","0.14","OK"
"8ie9s","0.20","OK"
"8iea1","0.50","OK"
"8ieaq","0.26","OK"
"8ieaz","0.08","OK"
"8ieb4","0.50","OK"
"8iebt","1.00","OK"
"8iebx","0.33","OK"
"8ief6","0.33","OK"
"8iefb","0.06","OK"
"8iefl","0.05","OK"
"8iefo","1.00","OK"
"8iefs","0.25","OK"
"8ieg2","0.11","OK"
"8iegi","1.00","OK"
"8ieh3","0.33","OK"
"8iehk","0.26","OK"
"8ieht","0.00","Observation"
"8iejt","0.50","OK"
"8iel9","0.10","OK"
"8ielc","0.20","OK"
"8iem5","0.01","Fraud"
"8iemj","1.00","OK"
"8ien9","0.33","OK"
"8ieo7","0.50","OK"
"8ieol","0.37","OK"
"8ieqn","0.31","OK"
"8iequ","1.00","OK"
"8ies6","0.45","OK"
"8ies8","0.15","OK"
"8ieso","1.00","OK"
"8iet9","0.01","OK"
"8ietw","0.10","OK"
"8ieuh","0.50","OK"
"8iev9","1.00","OK"
"8ievj","0.07","OK"
"8ievt","0.09","OK"
"8ievz","0.02","Fraud"
"8iex1","0.10","OK"
"8iex9","0.03","OK"
"8iexi","0.38","OK"
"8iext","0.38","OK"
"8if13","0.30","OK"
"8if2b","0.20","OK"
"8if3m","0.12","OK"
"8if4w","1.00","OK"
"8if5c","1.00","OK"
"8if5p","0.04","OK"
"8if6n","0.50","OK"
"8if7b","1.00","OK"
"8if9o","0.02","Fraud"
"8ifa1","0.00","Observation"
"8ifan","0.11","OK"
"8ifcw","0.04","Fraud"
"8ifem","0.33","OK"
"8iff5","0.40","OK"
"8iff6","1.00","OK"
"8iffk","0.14","OK"
"8ifg0","1.00","OK"
"8ifg9","0.33","OK"
"8ifgn","0.40","OK"
"8ifik","0.12","OK"
"8ifm5","0.67","OK"
"8ifma","0.09","OK"
"8ifmk","1.00","OK"
"8ifna","0.11","OK"
"8ifnd","1.00","OK"
"8ifog","0.18","OK"
"8ifov","0.26","OK"
"8ifqc","0.05","OK"
"8ifqi","0.01","Fraud"
"8ifqk","0.08","OK"
"8ifvn","1.00","OK"
"8ifwd","0.25","OK"
"8ifzw","0.14","OK"
"8ig0z","0.50","OK"
"8ig13","0.02","OK"
"8ig4x","0.25","OK"
"8ig5c","0.43","OK"
"8ig76","0.10","OK"
"8ig8i","0.04","OK"
"8igb7","0.18","OK"
"8igbs","0.33","OK"
"8igbt","0.38","OK"
"8igbu","0.38","OK"
"8igc1","0.14","OK"
"8igcb","0.73","OK"
"8igdb","0.50","OK"
"8igdp","1.00","OK"
"8igem","0.09","OK"
"8igew","1.00","OK"
"8igfs","0.10","OK"
"8igh8","0.38","OK"
"8igih","0.50","OK"
"8igj2","0.22","OK"
"8igji","0.14","OK"
"8igkk","1.00","OK"
"8igkp","0.38","OK"
"8igl1","0.17","OK"
"8igl7","0.40","OK"
"8iglk","0.05","OK"
"8igm1","0.50","OK"
"8igm8","0.38","OK"
"8igmr","0.17","OK"
"8ign1","1.00","OK"
"8ignc","0.33","OK"
"8igne","0.20","OK"
"8igo3","0.26","OK"
"8igo7","0.06","OK"
"8igox","0.06","OK"
"8igpd","0.25","OK"
"8igpr","0.80","OK"
"8igql","0.38","OK"
"8igqx","0.50","OK"
"8igr1","1.00","OK"
"8igsh","1.00","OK"
"8igsi","0.80","OK"
"8igts","0.67","OK"
"8igv1","0.27","OK"
"8igvd","0.60","OK"
"8igy3","0.47","OK"
"8igyy","0.05","Observation"
"8igz8","0.21","OK"
"8igzo","0.50","OK"
"8igzs","0.50","OK"
"8igzy","0.50","OK"
"8igzz","1.00","OK"
"8ih09","0.02","Fraud"
"8ih1h","0.44","OK"
"8ih1j","1.00","OK"
"8ih20","0.62","OK"
"8ih2n","0.26","OK"
"8ih3o","0.50","OK"
"8ih4k","0.60","OK"
"8ih6i","0.67","OK"
"8iha2","0.05","Observation"
"8ihab","0.15","OK"
"8ihac","0.33","OK"
"8ihaj","0.14","OK"
"8ihba","0.05","Observation"
"8ihbr","1.00","OK"
"8ihbx","0.02","OK"
"8ihc4","0.05","OK"
"8ihcj","1.00","OK"
"8ihck","0.14","OK"
"8ihcm","0.50","OK"
"8ihct","0.67","OK"
"8ihcu","0.59","OK"
"8ihd5","0.29","OK"
"8ihdv","0.22","OK"
"8ihe5","0.09","OK"
"8ihhk","1.00","OK"
"8ihij","0.33","OK"
"8ihik","0.23","OK"
"8ihk7","0.01","Observation"
"8ihkj","1.00","OK"
"8ihkt","0.05","OK"
"8ihl1","0.33","Fraud"
"8ihl9","0.13","OK"
"8ihlr","0.15","OK"
"8ihn7","0.15","OK"
"8ihna","0.15","OK"
"8ihnk","0.07","OK"
"8ihot","0.83","OK"
"8ihpi","0.00","OK"
"8ihqx","0.01","OK"
"8ihrz","0.08","OK"
"8ihs5","0.28","OK"
"8ihsd","0.01","OK"
"8ihsp","0.10","OK"
"8ihth","0.36","OK"
"8ihtk","1.00","OK"
"8ihtv","0.18","OK"
"8ihue","0.33","OK"
"8ihuk","0.25","OK"
"8ihup","0.09","OK"
"8ihuv","1.00","OK"
"8ihuy","0.33","OK"
"8ihv1","0.09","OK"
"8ihvb","1.00","OK"
"8ihwi","1.00","OK"
"8ihwm","0.60","OK"
"8ihxc","1.00","OK"
"8ihxl","0.50","OK"
"8ihxp","1.00","OK"
"8ihxy","1.00","OK"
"8ihy6","0.67","OK"
"8ihyb","0.13","OK"
"8ihyi","1.00","OK"
"8ihz5","0.09","OK"
"8ihzv","0.50","OK"
"8ihzw","0.29","OK"
"8ihzy","0.07","OK"
"8ii07","0.33","OK"
"8ii0g","0.01","OK"
"8ii0i","0.01","OK"
"8ii0k","0.02","OK"
"8ii11","0.01","OK"
"8ii14","0.03","OK"
"8ii1p","0.80","OK"
"8ii1r","0.02","OK"
"8ii26","0.02","OK"
"8ii2b","0.05","OK"
"8ii2l","0.33","OK"
"8ii2n","0.50","OK"
"8ii3a","0.00","OK"
"8ii4l","0.14","OK"
"8ii4n","0.50","OK"
"8ii4y","1.00","OK"
"8ii58","0.20","OK"
"8ii5a","0.26","OK"
"8ii5u","1.00","OK"
"8ii6o","0.44","OK"
"8ii7u","0.01","OK"
"8ii9a","0.03","OK"
"8iiai","0.33","OK"
"8iiby","0.50","OK"
"8iic8","0.50","OK"
"8iicn","0.33","OK"
"8iid3","0.06","OK"
"8iid4","0.01","Fraud"
"8iidh","0.21","OK"
"8iidk","0.05","OK"
"8iidm","0.03","OK"
"8iidn","0.03","OK"
"8iidr","0.03","OK"
"8iie9","0.15","OK"
"8iieo","1.00","OK"
"8iig5","0.04","OK"
"8iigf","0.50","OK"
"8iigk","1.00","OK"
"8iigl","0.04","OK"
"8iigz","0.12","OK"
"8iih9","0.02","OK"
"8iiii","0.33","OK"
"8iiiv","0.25","OK"
"8iij1","1.00","OK"
"8iijd","0.33","OK"
"8iijk","0.18","OK"
"8iijt","0.04","OK"
"8iik1","0.04","OK"
"8iilm","0.50","OK"
"8iim7","0.50","OK"
"8iimi","1.00","OK"
"8iina","0.02","OK"
"8iinm","0.50","OK"
"8iiov","0.44","OK"
"8iiq8","0.20","OK"
"8iiqq","0.50","OK"
"8iir0","0.06","OK"
"8iird","0.11","OK"
"8iitn","1.00","OK"
"8iitu","0.05","OK"
"8iitv","0.12","OK"
"8iivd","0.08","OK"
"8iivr","0.01","OK"
"8iiwo","0.25","OK"
"8iix3","1.00","OK"
"8iixo","0.27","OK"
"8iixv","0.06","OK"
"8iixy","0.33","OK"
"8iixz","0.60","OK"
"8iiy4","0.07","OK"
"8iiyk","0.28","OK"
"8ij00","0.67","OK"
"8ij02","0.06","OK"
"8ij0g","0.01","OK"
"8ij0y","0.01","OK"
"8ij1v","1.00","OK"
"8ij22","0.04","OK"
"8ij28","0.67","OK"
"8ij2q","0.19","OK"
"8ij2z","0.03","OK"
"8ij34","1.00","OK"
"8ij3p","0.50","OK"
"8ij42","0.07","OK"
"8ij4e","0.60","OK"
"8ij4s","1.00","OK"
"8ij4w","0.50","OK"
"8ij4y","0.26","OK"
"8ij4z","0.67","OK"
"8ij59","0.06","OK"
"8ij5w","0.01","OK"
"8ij62","1.00","OK"
"8ij63","0.17","OK"
"8ij6x","0.23","OK"
"8ij77","1.00","OK"
"8ij7g","1.00","OK"
"8ij8t","0.33","OK"
"8ij92","0.06","OK"
"8ij9m","0.10","OK"
"8ijat","0.04","OK"
"8ijb4","0.64","OK"
"8ijb7","0.55","OK"
"8ijb8","0.02","OK"
"8ijba","0.02","OK"
"8ijbf","0.04","OK"
"8ijcm","0.17","OK"
"8ijd3","0.20","OK"
"8ijdf","1.00","OK"
"8ije6","0.43","OK"
"8ijed","0.50","OK"
"8ijei","0.17","OK"
"8ijeq","0.50","OK"
"8ijf6","0.83","OK"
"8ijfb","0.17","OK"
"8ijfd","0.03","OK"
"8ijfl","1.00","OK"
"8ijgn","0.67","OK"
"8ijj1","1.00","OK"
"8ijjb","0.60","OK"
"8ijlc","0.75","OK"
"8ijmb","1.00","OK"
"8ijod","0.36","OK"
"8ijq9","0.39","OK"
"8ijql","0.05","Observation"
"8ijqm","0.33","OK"
"8ijqn","1.00","OK"
"8ijqw","0.57","OK"
"8ijro","0.24","OK"
"8ijs4","1.00","OK"
"8ijsn","0.30","OK"
"8ijsu","0.40","OK"
"8ijtd","0.50","OK"
"8ijub","0.32","OK"
"8ijva","0.50","OK"
"8ijw3","0.30","OK"
"8ijwf","0.25","OK"
"8ijx4","0.70","OK"
"8ijy9","0.13","OK"
"8ijyd","0.05","OK"
"8ijzd","0.06","Observation"
"8ijze","0.16","OK"
"8ijzf","0.78","OK"
"8ijzi","0.03","OK"
"8ijzj","0.06","Fraud"
"8ijzx","0.00","OK"
"8ik0f","1.00","OK"
"8ik0g","0.50","OK"
"8ik0y","0.06","OK"
"8ik15","1.00","OK"
"8ik16","0.11","OK"
"8ik1o","1.00","OK"
"8ik1t","0.50","OK"
"8ik2b","0.21","OK"
"8ik2u","0.50","OK"
"8ik4w","0.53","OK"
"8ik58","0.01","OK"
"8ik59","0.23","OK"
"8ik67","1.00","OK"
"8ik6c","0.08","OK"
"8ik6x","1.00","OK"
"8ik7d","0.02","OK"
"8ik7m","1.00","OK"
"8ik7q","1.00","OK"
"8ik9c","0.29","OK"
"8ik9l","1.00","OK"
"8ik9s","0.38","OK"
"8ik9t","0.04","OK"
"8ika3","0.14","OK"
"8ikah","0.01","OK"
"8ikap","0.33","OK"
"8ikaq","1.00","OK"
"8ikb5","0.01","OK"
"8ikba","0.03","OK"
"8ikc8","1.00","OK"
"8ikdj","0.32","OK"
"8ikdw","0.21","OK"
"8ike2","0.29","OK"
"8ikf1","0.03","OK"
"8ikfo","0.13","OK"
"8ikg6","0.08","OK"
"8ikg9","1.00","OK"
"8iki8","0.25","OK"
"8ikip","0.11","OK"
"8ikjp","0.23","OK"
"8iklg","1.00","OK"
"8ikm9","0.15","OK"
"8ikme","0.08","OK"
"8ikmz","0.50","OK"
"8ikn6","0.18","OK"
"8ikna","0.04","OK"
"8ikou","0.01","OK"
"8ikpq","0.11","Observation"
"8ikr4","0.01","OK"
"8iks0","0.17","OK"
"8ikt9","0.01","Fraud"
"8ikuf","1.00","OK"
"8ikvr","0.21","OK"
"8ikyc","0.50","OK"
"8ikzq","0.07","OK"
"8il0o","0.01","Fraud"
"8il17","0.75","OK"
"8il1w","0.03","OK"
"8il22","0.06","OK"
"8il2j","0.17","OK"
"8il2x","0.06","OK"
"8il3g","0.09","OK"
"8il3o","0.80","OK"
"8il3v","0.14","OK"
"8il4c","0.12","OK"
"8il4n","0.07","OK"
"8il4r","0.13","OK"
"8il6b","0.04","OK"
"8il79","0.30","OK"
"8il7m","0.50","OK"
"8il8k","0.63","OK"
"8ilbu","0.05","OK"
"8ilbx","0.00","OK"
"8ilc9","0.33","OK"
"8ildb","0.16","OK"
"8ildi","0.01","OK"
"8ildn","0.80","OK"
"8ilee","1.00","OK"
"8ilel","0.58","OK"
"8ilf9","0.07","OK"
"8ilff","0.11","OK"
"8ilfu","0.02","OK"
"8ilh8","0.50","OK"
"8ili5","0.02","OK"
"8iljx","0.01","OK"
"8iljy","0.16","OK"
"8ill4","0.33","OK"
"8ilm3","1.00","OK"
"8ilm4","0.26","OK"
"8ilma","0.75","OK"
"8ilmh","0.67","OK"
"8ilnq","1.00","OK"
"8ilnu","0.14","OK"
"8iloh","0.25","OK"
"8ilok","0.01","Observation"
"8ilp2","0.57","OK"
"8ilqt","0.00","OK"
"8ils4","0.33","OK"
"8ils9","0.03","Observation"
"8ilu4","1.00","OK"
"8iluh","0.33","OK"
"8iluo","0.67","OK"
"8iluy","0.00","Observation"
"8ilyg","0.25","OK"
"8ilzp","0.08","OK"
"8ilzu","1.00","OK"
"8im0u","0.02","OK"
"8im11","0.20","OK"
"8im12","0.50","OK"
"8im1a","1.00","OK"
"8im1j","1.00","OK"
"8im29","0.50","OK"
"8im41","0.06","OK"
"8im4f","0.01","OK"
"8im4k","0.63","OK"
"8im4l","0.40","OK"
"8im50","1.00","OK"
"8im59","0.00","OK"
"8im6c","0.22","OK"
"8im6t","0.01","OK"
"8im78","0.09","OK"
"8im90","1.00","OK"
"8im9a","0.01","OK"
"8imbb","1.00","OK"
"8imcs","0.01","OK"
"8imd2","0.00","OK"
"8imdp","0.50","OK"
"8imdt","0.24","OK"
"8ime3","0.11","OK"
"8ime7","0.18","OK"
"8imef","0.33","OK"
"8imfu","1.00","OK"
"8img5","1.00","OK"
"8imgt","0.03","OK"
"8imh7","0.50","OK"
"8imho","0.67","OK"
"8imhp","1.00","OK"
"8imhz","0.07","OK"
"8imi0","0.75","OK"
"8imib","0.32","OK"
"8imik","1.00","OK"
"8imk8","0.12","Observation"
"8imkc","0.09","Observation"
"8imkd","0.05","OK"
"8imko","0.33","OK"
"8immj","0.00","OK"
"8immk","0.16","OK"
"8immq","1.00","OK"
"8immu","0.71","OK"
"8imna","0.11","OK"
"8imob","0.07","OK"
"8impo","0.02","OK"
"8imqe","0.08","OK"
"8imqn","0.33","OK"
"8imrg","0.10","OK"
"8imrr","0.02","OK"
"8ims6","0.01","Fraud"
"8imt7","1.00","OK"
"8imtk","0.43","OK"
"8imtz","1.00","OK"
"8imu3","0.09","OK"
"8imv2","0.15","OK"
"8imvn","0.03","OK"
"8imvu","0.50","OK"
"8imw6","0.43","OK"
"8imwm","0.15","OK"
"8imwn","0.05","OK"
"8imwx","0.02","OK"
"8imxk","1.00","OK"
"8imxz","0.27","OK"
"8imy8","1.00","OK"
"8imyq","1.00","OK"
"8imyz","0.75","OK"
"8imz2","0.38","OK"
"8imza","0.14","OK"
"8imzd","0.03","OK"
"8imze","0.35","OK"
"8imzr","0.08","OK"
"8imzv","0.03","OK"
"8in00","1.00","OK"
"8in07","0.17","OK"
"8in0d","0.01","OK"
"8in0q","1.00","OK"
"8in1c","0.50","OK"
"8in1d","0.13","OK"
"8in1s","0.01","OK"
"8in1t","0.01","OK"
"8in1y","1.00","OK"
"8in20","1.00","OK"
"8in2d","0.20","OK"
"8in2g","0.50","OK"
"8in34","0.27","OK"
"8in35","0.23","OK"
"8in36","1.00","OK"
"8in3c","0.01","OK"
"8in41","1.00","OK"
"8in43","1.00","OK"
"8in49","0.50","OK"
"8in4e","1.00","OK"
"8in66","0.24","OK"
"8in69","0.00","OK"
"8in6a","0.00","OK"
"8in7f","0.11","OK"
"8in80","0.25","OK"
"8in8e","0.10","Fraud"
"8in8l","0.33","OK"
"8in8z","0.17","OK"
"8in9f","1.00","OK"
"8in9m","0.06","OK"
"8ina8","0.50","OK"
"8inag","0.44","OK"
"8inat","0.60","OK"
"8inay","0.00","OK"
"8inbg","1.00","OK"
"8inca","1.00","OK"
"8incg","0.50","OK"
"8inch","1.00","OK"
"8inck","0.05","OK"
"8ind9","1.00","OK"
"8indc","0.08","OK"
"8inei","0.09","OK"
"8inf7","0.21","OK"
"8ingg","0.15","OK"
"8ings","0.04","OK"
"8inhr","0.03","OK"
"8ini4","0.33","OK"
"8ini5","1.00","OK"
"8inig","0.14","OK"
"8inil","0.15","OK"
"8injc","0.21","OK"
"8injo","0.25","OK"
"8inkd","0.44","OK"
"8inld","0.67","OK"
"8inn7","0.04","OK"
"8ino6","0.03","OK"
"8inp3","0.36","OK"
"8inrc","0.27","OK"
"8ins1","0.02","OK"
"8insm","0.07","OK"
"8insr","0.33","OK"
"8intf","0.20","OK"
"8inu8","0.25","OK"
"8inum","0.10","OK"
"8invg","1.00","OK"
"8inwd","0.12","OK"
"8inwo","0.10","OK"
"8inwq","0.19","OK"
"8inwx","1.00","OK"
"8inz6","0.02","OK"
"8inz8","0.03","OK"
"8io28","0.04","OK"
"8io3k","0.33","OK"
"8io3v","0.50","OK"
"8io4k","1.00","OK"
"8io4t","0.43","OK"
"8io5j","0.05","OK"
"8io5s","0.03","OK"
"8io79","1.00","OK"
"8io7a","0.33","OK"
"8io8s","0.07","OK"
"8io95","0.31","OK"
"8io9t","0.13","OK"
"8ioac","0.03","OK"
"8ioad","0.01","Observation"
"8ioaf","0.01","OK"
"8iob1","0.30","OK"
"8ioby","0.30","OK"
"8iofb","0.83","OK"
"8iohm","1.00","OK"
"8ioj0","1.00","OK"
"8iok5","1.00","OK"
"8iokr","1.00","OK"
"8ioml","0.50","OK"
"8iomw","0.50","OK"
"8ionb","1.00","OK"
"8ionh","1.00","OK"
"8ionj","1.00","OK"
"8ioo5","0.06","OK"
"8ioo7","0.33","OK"
"8ioov","1.00","OK"
"8ioqe","0.06","OK"
"8ior0","0.38","OK"
"8iory","0.67","OK"
"8iosv","0.03","OK"
"8iot1","0.07","OK"
"8iott","1.00","OK"
"8iou1","0.20","OK"
"8iou5","0.50","OK"
"8iou8","0.07","OK"
"8ioui","0.50","OK"
"8ioul","0.33","OK"
"8iow5","0.14","OK"
"8iowu","0.05","OK"
"8ioyh","0.33","OK"
"8ioyz","1.00","OK"
"8iozi","0.13","OK"
"8ip10","0.33","OK"
"8ip1i","1.00","OK"
"8ip1v","0.05","OK"
"8ip45","0.01","OK"
"8ip46","0.17","OK"
"8ip4d","0.01","OK"
"8ip5p","0.03","OK"
"8ip5q","0.13","OK"
"8ip65","1.00","OK"
"8ip71","0.04","Observation"
"8ip85","1.00","OK"
"8ip8o","0.60","OK"
"8ipat","0.40","OK"
"8ipcr","0.50","OK"
"8ipdk","1.00","OK"
"8ipdp","0.83","OK"
"8ipdr","0.50","OK"
"8ipeq","0.33","OK"
"8ipg0","0.60","OK"
"8ipg1","0.60","OK"
"8ipgq","0.17","OK"
"8ipgz","1.00","OK"
"8iph1","1.00","OK"
"8ipif","0.33","OK"
"8ipiu","0.50","OK"
"8ipks","0.36","OK"
"8ipls","0.04","OK"
"8ipm4","0.50","OK"
"8ipn0","0.29","OK"
"8ipoi","0.50","OK"
"8ipoo","0.06","OK"
"8ippe","0.14","OK"
"8ippl","0.25","OK"
"8ipr3","0.10","OK"
"8iprx","1.00","OK"
"8ipxe","0.09","OK"
"8ipxf","0.33","OK"
"8iq0e","0.06","OK"
"8iq0h","1.00","OK"
"8iq0l","0.23","OK"
"8iq0m","0.67","OK"
"8iq0q","0.30","OK"
"8iq0r","0.50","OK"
"8iq11","1.00","OK"
"8iq1n","0.25","OK"
"8iq1z","0.06","Observation"
"8iq22","0.15","OK"
"8iq3b","0.17","OK"
"8iq4r","0.03","OK"
"8iq53","0.00","OK"
"8iq7l","1.00","OK"
"8iq7q","0.32","OK"
"8iq85","0.08","OK"
"8iqbs","0.20","OK"
"8iqd8","1.00","OK"
"8iqde","0.07","OK"
"8iqe6","0.33","OK"
"8iqec","1.00","OK"
"8iqee","1.00","OK"
"8iqez","1.00","OK"
"8iqfg","0.25","OK"
"8iqhl","1.00","OK"
"8iqip","1.00","OK"
"8iqjj","1.00","OK"
"8iqk3","0.40","OK"
"8iqks","0.20","OK"
"8iqni","0.11","OK"
"8iqnn","0.43","OK"
"8iqnv","0.01","OK"
"8iqp5","1.00","OK"
"8iqqe","0.29","OK"
"8iqr5","1.00","OK"
"8iqsf","1.00","OK"
"8iqsw","1.00","OK"
"8iqtd","0.50","OK"
"8iqth","0.41","OK"
"8iqu0","1.00","OK"
"8iqu4","1.00","OK"
"8iqu5","1.00","OK"
"8iqua","1.00","OK"
"8iqug","0.04","OK"
"8iqur","1.00","OK"
"8iquu","1.00","OK"
"8iqvd","1.00","OK"
"8iqvi","0.18","OK"
"8iqvo","0.20","OK"
"8iqvp","0.14","OK"
"8iqvs","0.20","OK"
"8iqw0","1.00","OK"
"8iqw1","0.01","OK"
"8iqw2","0.03","OK"
"8iqw6","0.01","OK"
"8iqw8","0.05","OK"
"8iqw9","0.22","OK"
"8iqwa","0.25","OK"
"8iqwb","0.33","OK"
"8iqwc","0.03","OK"
"8iqwe","1.00","OK"
"8iqwf","1.00","OK"
"8iqwy","1.00","OK"
"8iqx9","0.42","OK"
"8iqxa","0.26","OK"
"8iqxb","0.71","OK"
"8iqxi","1.00","OK"
"8iqym","1.00","OK"
"8iqyw","0.11","OK"
"8iqzc","0.12","OK"
"8iqzg","0.27","OK"
"8iqzh","0.13","OK"
"8iqzi","0.02","OK"
"8iqzk","0.04","OK"
"8iqzl","0.14","OK"
"8iqzm","0.26","OK"
"8iqzn","0.15","OK"
"8iqzo","0.07","OK"
"8iqzp","0.07","OK"
"8iqzs","0.02","OK"
"8iqzu","0.28","OK"
"8iqzw","0.01","OK"
"8iqzz","0.17","OK"
"8ir00","0.03","OK"
"8ir01","0.02","OK"
"8ir05","0.02","Fraud"
"8ir06","0.07","OK"
"8ir07","0.01","OK"
"8ir09","0.08","OK"
"8ir0d","0.14","OK"
"8ir0f","0.03","OK"
"8ir0i","0.17","OK"
"8ir0v","0.67","OK"
"8ir0z","0.67","OK"
"8ir14","0.14","OK"
"8ir16","0.06","OK"
"8ir1o","0.67","OK"
"8ir25","0.44","OK"
"8ir28","0.50","OK"
"8ir2b","0.47","OK"
"8ir2e","0.22","OK"
"8ir2l","0.33","OK"
"8ir2o","1.00","OK"
"8ir2s","1.00","OK"
"8ir3v","0.36","OK"
"8ir4d","1.00","OK"
"8ir6j","1.00","OK"
"8ir6k","1.00","OK"
"8ir6w","1.00","OK"
"8ir7h","1.00","OK"
"8ir96","0.09","OK"
"8irab","0.01","OK"
"8irb0","0.13","OK"
"8irbp","0.05","OK"
"8irck","0.20","OK"
"8ircl","0.15","OK"
"8ircq","0.08","OK"
"8ircw","0.50","OK"
"8ircy","0.50","OK"
"8irdq","0.50","OK"
"8irdv","0.17","OK"
"8ire4","0.17","OK"
"8irek","1.00","OK"
"8irgx","0.20","OK"
"8irid","0.50","OK"
"8irih","0.03","OK"
"8iriv","0.06","OK"
"8irjv","0.50","OK"
"8irk4","0.08","OK"
"8irkm","0.13","OK"
"8irl1","1.00","OK"
"8irlc","0.05","OK"
"8irle","0.14","OK"
"8irll","0.04","Observation"
"8irob","0.00","OK"
"8irot","0.02","OK"
"8irq0","0.06","OK"
"8irqh","1.00","OK"
"8irqi","1.00","OK"
"8irqk","0.67","OK"
"8irr8","0.50","OK"
"8irr9","0.33","OK"
"8irrl","1.00","OK"
"8irrw","1.00","OK"
"8irrx","0.08","Observation"
"8irs5","0.11","OK"
"8irsq","0.33","OK"
"8irsy","0.11","OK"
"8irt8","0.16","OK"
"8irtb","1.00","OK"
"8irtc","0.20","OK"
"8irti","0.50","OK"
"8irtu","1.00","OK"
"8iru0","0.20","OK"
"8iru3","1.00","OK"
"8irui","0.02","OK"
"8iruq","1.00","OK"
"8irvj","0.08","OK"
"8irwu","0.67","OK"
"8irzv","1.00","OK"
"8is01","0.07","OK"
"8is0l","0.53","OK"
"8is1d","0.27","OK"
"8is20","0.16","OK"
"8is2b","0.02","OK"
"8is2k","0.04","Fraud"
"8is2p","0.33","OK"
"8is30","1.00","OK"
"8is32","1.00","OK"
"8is41","1.00","OK"
"8is47","0.33","OK"
"8is4p","1.00","OK"
"8is4w","0.17","OK"
"8is4x","0.52","OK"
"8is5e","0.02","OK"
"8is5f","1.00","OK"
"8is5h","0.02","Observation"
"8is5o","0.21","OK"
"8is5q","0.21","OK"
"8is5r","0.22","OK"
"8is6u","0.50","OK"
"8is82","0.02","OK"
"8is85","0.33","OK"
"8is87","0.29","OK"
"8is8g","0.24","OK"
"8isas","0.01","OK"
"8isat","0.01","OK"
"8isau","0.33","OK"
"8isbh","0.09","OK"
"8isbo","0.50","OK"
"8isbr","1.00","OK"
"8isbz","0.17","OK"
"8isch","0.01","Observation"
"8iscw","0.13","OK"
"8iscy","0.13","OK"
"8isd4","1.00","OK"
"8isd6","1.00","OK"
"8isdb","0.21","OK"
"8isdq","0.20","OK"
"8ise8","0.17","OK"
"8isei","0.20","OK"
"8ises","0.01","OK"
"8iseu","0.19","OK"
"8isf7","0.27","OK"
"8isfp","1.00","OK"
"8isfs","1.00","OK"
"8isgu","0.45","OK"
"8ish6","0.05","OK"
"8ishk","0.24","OK"
"8ishn","0.20","OK"
"8isi3","1.00","OK"
"8isj3","0.02","OK"
"8isj9","0.07","OK"
"8isje","0.06","OK"
"8isk1","1.00","OK"
"8isk6","1.00","OK"
"8islr","0.24","OK"
"8isme","0.25","OK"
"8ismw","0.33","OK"
"8isp2","1.00","OK"
"8isrm","0.04","OK"
"8isrt","1.00","OK"
"8issu","0.12","OK"
"8isvf","1.00","OK"
"8isxs","0.33","OK"
"8isxw","1.00","OK"
"8isyx","1.00","OK"
"8isz2","0.50","OK"
"8isz4","1.00","OK"
"8it0b","0.23","OK"
"8it0m","1.00","OK"
"8it0v","0.18","OK"
"8it18","0.17","OK"
"8it2h","0.12","OK"
"8it36","0.02","Fraud"
"8it3p","0.19","OK"
"8it4b","0.33","OK"
"8it51","0.05","OK"
"8it52","0.17","OK"
"8it54","0.08","OK"
"8it55","0.05","OK"
"8it57","0.14","OK"
"8it59","0.33","OK"
"8it5a","0.22","OK"
"8it5b","0.60","OK"
"8it5c","0.19","OK"
"8it5d","0.31","OK"
"8it5e","0.03","OK"
"8it5i","0.13","OK"
"8it5k","0.07","OK"
"8it5n","0.09","OK"
"8it5o","0.20","OK"
"8it5q","0.33","OK"
"8it5r","0.29","OK"
"8it5t","0.17","OK"
"8it63","1.00","OK"
"8it65","1.00","OK"
"8it66","0.50","OK"
"8it6j","0.17","OK"
"8it7k","0.17","OK"
"8it7m","1.00","OK"
"8it7o","0.27","OK"
"8it7p","0.43","OK"
"8it8j","0.13","OK"
"8it8l","1.00","OK"
"8it8q","0.50","OK"
"8it9g","0.03","OK"
"8it9n","0.50","OK"
"8it9p","0.05","OK"
"8it9w","0.10","OK"
"8itaa","0.44","OK"
"8itap","0.01","Observation"
"8itat","1.00","OK"
"8itb0","0.01","OK"
"8itb1","0.01","OK"
"8itcr","0.01","OK"
"8itcx","1.00","OK"
"8itdr","0.33","OK"
"8itdx","1.00","OK"
"8ite3","0.01","OK"
"8iteu","0.67","OK"
"8itf4","0.17","OK"
"8itfc","1.00","OK"
"8itgs","0.07","OK"
"8ith0","0.13","OK"
"8ith4","0.02","OK"
"8ith6","1.00","OK"
"8ithb","1.00","OK"
"8ithf","0.01","Observation"
"8ithn","0.25","OK"
"8ithu","0.06","OK"
"8ithz","0.75","OK"
"8itif","0.20","OK"
"8itio","1.00","OK"
"8itiu","0.08","OK"
"8itj5","0.30","OK"
"8itji","0.03","OK"
"8itk7","0.03","OK"
"8itka","1.00","OK"
"8itkq","0.41","OK"
"8itks","0.64","OK"
"8itkt","0.08","OK"
"8itl2","1.00","OK"
"8itl8","0.50","OK"
"8itla","1.00","OK"
"8itlh","0.05","OK"
"8itli","0.33","OK"
"8itlt","0.07","OK"
"8itly","0.08","OK"
"8itm2","1.00","OK"
"8itme","0.09","OK"
"8itmi","0.02","OK"
"8itmu","0.29","OK"
"8itnb","1.00","OK"
"8itod","0.02","OK"
"8itoe","0.25","OK"
"8itof","0.01","OK"
"8itop","0.06","OK"
"8itos","1.00","OK"
"8itoz","0.29","OK"
"8itp0","0.45","OK"
"8itpk","0.22","OK"
"8itq3","0.50","OK"
"8itql","0.80","OK"
"8itqs","1.00","OK"
"8itrb","0.09","OK"
"8itre","0.09","OK"
"8itrn","0.16","OK"
"8itro","1.00","OK"
"8itrq","0.05","OK"
"8its6","0.33","OK"
"8itsg","0.67","OK"
"8itsw","0.14","OK"
"8itt6","1.00","OK"
"8ittc","0.04","OK"
"8itth","1.00","OK"
"8ittq","1.00","OK"
"8ittu","0.25","OK"
"8ittv","0.50","OK"
"8ituk","0.67","OK"
"8itvb","1.00","OK"
"8itww","1.00","OK"
"8itx1","0.33","OK"
"8itx5","0.02","OK"
"8itxs","0.40","OK"
"8itxx","0.25","OK"
"8ityd","0.18","OK"
"8itzi","0.13","OK"
"8iu02","1.00","OK"
"8iu0k","0.25","OK"
"8iu23","0.08","OK"
"8iu2c","0.01","Observation"
"8iu38","1.00","OK"
"8iu3e","0.03","OK"
"8iu3h","0.04","OK"
"8iu4c","0.04","OK"
"8iu57","1.00","OK"
"8iu5r","0.67","OK"
"8iu66","0.13","OK"
"8iu6m","1.00","OK"
"8iu6x","0.33","OK"
"8iu74","0.50","OK"
"8iu76","0.00","Observation"
"8iu77","0.05","OK"
"8iu7b","0.50","OK"
"8iu7d","0.00","OK"
"8iu7w","1.00","OK"
"8iu82","0.67","OK"
"8iua3","0.19","OK"
"8iuan","0.01","Observation"
"8iuav","0.33","OK"
"8iub1","0.50","OK"
"8iucx","0.15","OK"
"8iufj","0.06","OK"
"8iufr","1.00","OK"
"8iufs","0.04","OK"
"8iufv","0.50","OK"
"8iugo","1.00","OK"
"8iuhr","1.00","OK"
"8iui3","1.00","OK"
"8iuia","0.01","OK"
"8iuip","1.00","OK"
"8iujq","0.17","OK"
"8iujx","0.07","OK"
"8iukd","1.00","OK"
"8iuls","0.06","OK"
"8ium6","1.00","OK"
"8iumc","0.35","OK"
"8iume","0.06","OK"
"8iumx","0.29","OK"
"8iun9","0.08","OK"
"8iuna","0.20","OK"
"8iunk","0.67","OK"
"8iuo8","0.01","OK"
"8iuok","0.18","OK"
"8iuqb","0.50","OK"
"8iuqh","0.32","OK"
"8iuqk","0.01","OK"
"8iuqp","1.00","OK"
"8iuqv","1.00","OK"
"8iurr","0.22","OK"
"8iuuw","0.50","OK"
"8iuv4","0.62","OK"
"8iuv6","0.06","OK"
"8iuv8","0.50","OK"
"8iuv9","0.09","OK"
"8iuva","0.04","OK"
"8iuwa","1.00","OK"
"8iuxg","0.67","OK"
"8iuxk","0.25","OK"
"8iuxq","0.04","OK"
"8iuy6","1.00","OK"
"8iuyv","0.17","OK"
"8iv07","0.29","OK"
"8iv0i","1.00","OK"
"8iv0s","1.00","OK"
"8iv0x","0.04","OK"
"8iv1g","0.67","OK"
"8iv1m","0.71","OK"
"8iv1x","0.18","OK"
"8iv2t","1.00","OK"
"8iv3o","1.00","OK"
"8iv48","1.00","OK"
"8iv4d","1.00","OK"
"8iv4h","0.50","OK"
"8iv4j","0.12","OK"
"8iv58","1.00","OK"
"8iv5f","0.50","OK"
"8iv5p","1.00","OK"
"8iv65","0.15","OK"
"8iv6j","0.73","OK"
"8iv7e","0.03","OK"
"8iv7j","0.06","OK"
"8iv8i","1.00","OK"
"8iv9n","0.02","OK"
"8ivbf","0.02","Observation"
"8ivbn","0.12","OK"
"8ivbx","1.00","OK"
"8ivcn","0.67","OK"
"8ivdi","0.09","OK"
"8ivdx","0.25","OK"
"8ive3","0.30","OK"
"8ive5","1.00","OK"
"8ivea","0.14","OK"
"8iveg","0.26","OK"
"8ivf6","0.06","OK"
"8ivfj","0.75","OK"
"8ivfk","0.01","OK"
"8ivge","0.25","OK"
"8ivhg","1.00","OK"
"8ivhr","0.06","OK"
"8ivir","0.01","OK"
"8iviz","1.00","OK"
"8ivj4","1.00","OK"
"8ivjv","0.02","OK"
"8ivkm","1.00","OK"
"8ivkn","0.05","OK"
"8ivlh","0.02","Fraud"
"8ivlp","0.14","Observation"
"8ivm9","1.00","OK"
"8ivmk","0.38","OK"
"8ivnj","1.00","OK"
"8ivnk","0.29","OK"
"8ivnx","0.67","OK"
"8ivny","1.00","OK"
"8ivo7","0.05","OK"
"8ivof","0.04","OK"
"8ivp6","0.67","OK"
"8ivpt","1.00","OK"
"8ivpv","0.06","OK"
"8ivql","1.00","OK"
"8ivsv","1.00","OK"
"8ivsx","0.09","OK"
"8ivti","0.38","OK"
"8ivtm","0.80","OK"
"8ivtv","1.00","OK"
"8ivwj","0.04","OK"
"8ivwr","0.06","OK"
"8ivwv","0.57","OK"
"8ivxp","1.00","OK"
"8ivy4","0.03","OK"
"8ivy5","1.00","OK"
"8ivyc","0.24","OK"
"8ivyu","1.00","OK"
"8iw0a","1.00","OK"
"8iw0n","0.20","OK"
"8iw0r","0.00","OK"
"8iw1f","0.19","OK"
"8iw1v","0.50","OK"
"8iw21","0.50","OK"
"8iw29","0.19","OK"
"8iw31","0.60","OK"
"8iw3u","1.00","OK"
"8iw46","0.08","OK"
"8iw4a","0.29","OK"
"8iw55","1.00","OK"
"8iw5p","0.08","OK"
"8iw5r","1.00","OK"
"8iw6k","1.00","OK"
"8iw6v","1.00","OK"
"8iw7e","0.21","OK"
"8iw7i","0.21","OK"
"8iw84","0.09","OK"
"8iw9s","0.19","OK"
"8iwaa","0.50","OK"
"8iwac","1.00","OK"
"8iwag","1.00","OK"
"8iwak","0.40","OK"
"8iwau","1.00","OK"
"8iwav","0.67","OK"
"8iwbt","0.25","OK"
"8iwe6","0.07","OK"
"8iweh","1.00","OK"
"8iwf2","1.00","OK"
"8iwfs","0.20","OK"
"8iwg3","0.28","OK"
"8iwh3","0.36","OK"
"8iwhf","1.00","OK"
"8iwhh","1.00","OK"
"8iwhi","0.11","OK"
"8iwid","0.02","OK"
"8iwii","0.22","OK"
"8iwj3","1.00","OK"
"8iwjs","0.32","OK"
"8iwky","0.50","OK"
"8iwl4","0.02","OK"
"8iwl5","0.11","OK"
"8iwmb","0.01","OK"
"8iwn7","1.00","OK"
"8iwnh","0.67","OK"
"8iwo2","0.04","OK"
"8iwos","0.12","Fraud"
"8iwp2","0.09","Fraud"
"8iwp3","0.01","OK"
"8iwpy","1.00","OK"
"8iwq4","0.13","OK"
"8iwq6","0.50","OK"
"8iwqm","0.38","OK"
"8iwqv","0.50","OK"
"8iwrl","0.05","OK"
"8iwrx","0.03","OK"
"8iws2","0.38","OK"
"8iws4","1.00","OK"
"8iws7","0.50","OK"
"8iwsa","0.50","OK"
"8iwsc","0.40","OK"
"8iwu7","0.06","OK"
"8iwug","0.21","OK"
"8iwv8","0.02","OK"
"8iwvi","0.33","OK"
"8iwvl","0.16","OK"
"8iwx5","0.45","OK"
"8iwxs","0.50","OK"
"8iwxv","0.47","OK"
"8iwy8","0.02","OK"
"8iwz0","0.50","OK"
"8ix09","1.00","OK"
"8ix0c","1.00","OK"
"8ix2h","0.09","OK"
"8ix3h","1.00","OK"
"8ix6h","0.38","OK"
"8ix6p","0.02","Fraud"
"8ix86","1.00","OK"
"8ix89","0.75","OK"
"8ixdk","0.33","OK"
"8ixgd","0.06","OK"
"8ixgl","0.46","OK"
"8ixl3","0.22","OK"
"8ixly","0.30","OK"
"8ixlz","0.29","OK"
"8ixoq","0.08","OK"
"8ixor","0.04","OK"
"8ixp4","1.00","OK"
"8ixq4","0.01","OK"
"8ixq5","0.00","OK"
"8ixs1","0.31","OK"
"8ixsd","0.02","OK"
"8ixue","1.00","OK"
"8ixuj","1.00","OK"
"8ixvg","0.11","OK"
"8ixvu","0.02","OK"
"8ixy5","1.00","OK"
"8ixzl","1.00","OK"
"8ixzs","0.02","OK"
"8ixzt","0.04","OK"
"8iy03","0.01","OK"
"8iy0v","0.01","Observation"
"8iy1m","1.00","OK"
"8iy36","0.15","OK"
"8iy4x","0.25","OK"
"8iy5g","0.03","OK"
"8iy6x","1.00","OK"
"8iy7x","0.19","OK"
"8iy9b","0.30","OK"
"8iyb9","0.80","OK"
"8iyc8","0.02","OK"
"8iydk","1.00","OK"
"8iyea","0.50","OK"
"8iyfx","0.12","OK"
"8iyi9","0.20","OK"
"8iyj6","0.26","OK"
"8iyo2","1.00","OK"
"8iysb","0.05","OK"
"8iyvp","0.04","OK"
"8iywe","1.00","OK"
"8iyxe","0.12","OK"
"8iz0o","1.00","OK"
"8iz1c","0.01","OK"
"8iz2a","0.04","OK"
"8iz2c","0.08","OK"
"8iz2e","0.18","OK"
"8iz2m","0.05","OK"
"8iz2n","0.04","OK"
"8iz48","0.13","OK"
"8iz6y","0.33","OK"
"8iz7h","0.60","OK"
"8iz7i","0.01","OK"
"8iz80","1.00","OK"
"8iz8t","1.00","OK"
"8iz91","0.11","OK"
"8izah","0.13","OK"
"8izak","1.00","OK"
"8izam","1.00","OK"
"8izan","1.00","OK"
"8izao","1.00","OK"
"8izar","0.33","OK"
"8izau","0.11","OK"
"8izav","0.06","OK"
"8izaw","0.11","OK"
"8izay","1.00","OK"
"8izbp","0.50","OK"
"8izbt","0.25","OK"
"8ize1","1.00","OK"
"8izgi","0.20","OK"
"8izjs","1.00","OK"
"8izkp","1.00","OK"
"8izlr","0.30","OK"
"8iznj","0.02","OK"
"8izot","1.00","OK"
"8izpa","0.08","OK"
"8izsa","0.50","OK"
"8izt5","0.01","Observation"
"8izt6","0.00","Observation"
"8iztc","0.12","OK"
"8iztd","0.71","OK"
"8iztj","0.11","OK"
"8izts","1.00","OK"
"8izu7","0.75","OK"
"8izv8","0.25","OK"
"8izwb","0.13","OK"
"8izwe","0.04","Fraud"
"8izxr","0.07","OK"
"8izzv","0.07","OK"
"8j00e","0.24","OK"
"8j01d","0.75","OK"
"8j029","0.33","OK"
"8j07i","0.04","OK"
"8j07s","0.07","OK"
"8j085","0.20","OK"
"8j08y","0.00","OK"
"8j094","1.00","OK"
"8j096","0.57","OK"
"8j09p","0.43","OK"
"8j0a9","0.02","OK"
"8j0ao","0.27","OK"
"8j0b4","0.04","OK"
"8j0b5","0.05","OK"
"8j0bs","0.10","OK"
"8j0bz","1.00","OK"
"8j0da","0.17","OK"
"8j0dl","0.67","OK"
"8j0eq","0.18","OK"
"8j0fj","0.08","OK"
"8j0g9","0.15","OK"
"8j0h6","0.50","OK"
"8j0hb","0.15","OK"
"8j0j9","0.11","OK"
"8j0m9","1.00","OK"
"8j0mk","0.19","OK"
"8j0mw","0.25","OK"
"8j0n4","0.05","OK"
"8j0ov","0.04","OK"
"8j0oz","0.33","OK"
"8j0pl","0.01","Fraud"
"8j0py","1.00","OK"
"8j0qc","0.07","OK"
"8j0qr","0.50","OK"
"8j0su","0.29","OK"
"8j0tb","0.43","OK"
"8j0tg","0.22","OK"
"8j0w1","0.00","Observation"
"8j0wb","0.05","OK"
"8j0ww","0.16","OK"
"8j0x3","0.11","OK"
"8j0x9","0.01","Observation"
"8j0z9","0.67","OK"
"8j10c","0.00","OK"
"8j11k","0.44","OK"
"8j121","0.39","OK"
"8j12n","0.10","OK"
"8j15b","0.45","OK"
"8j16r","0.33","OK"
"8j18g","0.57","OK"
"8j197","0.06","OK"
"8j19d","0.18","OK"
"8j19f","0.03","OK"
"8j19x","0.01","OK"
"8j1a0","0.18","OK"
"8j1a1","0.04","OK"
"8j1a2","0.08","OK"
"8j1a3","0.58","OK"
"8j1a6","0.56","OK"
"8j1a7","0.59","OK"
"8j1aj","0.02","OK"
"8j1di","0.30","OK"
"8j1fp","0.50","OK"
"8j1h7","1.00","OK"
"8j1j6","0.57","OK"
"8j1lc","0.13","OK"
"8j1od","0.03","OK"
"8j1pb","0.15","OK"
"8j1pd","0.01","OK"
"8j1q5","1.00","OK"
"8j1qi","1.00","OK"
"8j1rc","0.60","OK"
"8j1s7","1.00","OK"
"8j1se","0.08","OK"
"8j1so","0.23","OK"
"8j1sp","0.11","OK"
"8j1sw","0.01","OK"
"8j1t4","0.05","OK"
"8j1ti","0.01","OK"
"8j1u4","0.38","OK"
"8j1u5","0.36","OK"
"8j1uw","0.40","OK"
"8j1x0","0.43","OK"
"8j1xv","0.56","OK"
"8j1y0","1.00","OK"
"8j1y6","0.20","OK"
"8j20z","0.03","OK"
"8j22j","0.11","OK"
"8j22t","0.44","OK"
"8j23z","0.13","OK"
"8j240","0.50","OK"
"8j24h","1.00","OK"
"8j26k","0.18","OK"
"8j279","0.08","OK"
"8j27p","0.29","OK"
"8j295","1.00","OK"
"8j29y","0.08","OK"
"8j2b6","0.18","OK"
"8j2b9","0.13","OK"
"8j2dz","1.00","OK"
"8j2e0","0.01","OK"
"8j2e9","1.00","OK"
"8j2er","0.40","OK"
"8j2f8","0.17","OK"
"8j2hf","0.00","Observation"
"8j2i2","0.03","OK"
"8j2ix","0.03","Observation"
"8j2kd","0.60","OK"
"8j2ki","0.20","OK"
"8j2li","1.00","OK"
"8j2m4","0.01","Observation"
"8j2nt","0.11","OK"
"8j2pr","0.15","OK"
"8j2r9","0.25","OK"
"8j2s6","0.02","OK"
"8j2s7","0.01","OK"
"8j2td","0.10","OK"
"8j2to","0.50","OK"
"8j2tr","1.00","OK"
"8j2uy","0.01","Fraud"
"8j2z5","0.13","OK"
"8j2zn","1.00","OK"
"8j307","0.08","OK"
"8j30b","0.35","OK"
"8j30i","1.00","OK"
"8j30r","0.08","Fraud"
"8j311","0.05","OK"
"8j319","0.50","OK"
"8j31t","0.01","Observation"
"8j31u","0.06","OK"
"8j326","1.00","OK"
"8j329","1.00","OK"
"8j32k","0.06","OK"
"8j32l","0.02","OK"
"8j32m","0.02","OK"
"8j34p","0.57","OK"
"8j368","0.01","Observation"
"8j369","0.01","Observation"
"8j36c","1.00","OK"
"8j36d","0.01","Observation"
"8j36e","0.00","OK"
"8j36f","0.10","OK"
"8j36t","0.02","OK"
"8j38c","1.00","OK"
"8j398","1.00","OK"
"8j39n","0.12","OK"
"8j39x","0.05","OK"
"8j3e7","1.00","OK"
"8j3ej","0.29","OK"
"8j3fg","0.17","OK"
"8j3fs","0.46","OK"
"8j3gw","0.00","OK"
"8j3j2","1.00","OK"
"8j3kg","0.28","OK"
"8j3l0","1.00","OK"
"8j3ln","1.00","OK"
"8j3nw","0.01","OK"
"8j3oy","1.00","OK"
"8j3th","0.67","OK"
"8j3u4","0.11","OK"
"8j3xi","0.10","OK"
"8j3xm","1.00","OK"
"8j3z1","0.29","OK"
"8j3zu","0.30","OK"
"8j416","0.03","OK"
"8j41t","1.00","OK"
"8j42p","1.00","OK"
"8j437","0.13","OK"
"8j43i","0.67","OK"
"8j46c","0.00","OK"
"8j470","1.00","OK"
"8j49w","0.04","OK"
"8j4ap","1.00","OK"
"8j4ch","0.02","OK"
"8j4dw","1.00","OK"
"8j4fc","0.09","OK"
"8j4fe","0.25","OK"
"8j4gq","0.01","OK"
"8j4gr","0.00","OK"
"8j4hv","0.50","OK"
"8j4li","0.38","OK"
"8j4mp","0.06","OK"
"8j4nq","0.60","OK"
"8j4o3","1.00","OK"
"8j4og","0.50","OK"
"8j4pk","0.86","OK"
"8j4pp","0.02","OK"
"8j4qz","0.01","OK"
"8j4sj","1.00","OK"
"8j4tc","0.19","OK"
"8j4tl","0.20","OK"
"8j4tm","1.00","OK"
"8j4uo","0.03","OK"
"8j4uq","0.27","OK"
"8j4v5","0.14","OK"
"8j4vg","0.09","OK"
"8j4vj","1.00","OK"
"8j4ye","0.01","OK"
"8j507","0.04","OK"
"8j510","0.25","OK"
"8j51f","0.05","Observation"
"8j522","0.14","OK"
"8j523","0.12","OK"
"8j52r","0.04","OK"
"8j53q","0.11","OK"
"8j53t","0.03","OK"
"8j54k","0.17","OK"
"8j54x","1.00","OK"
"8j55y","0.00","OK"
"8j55z","0.00","OK"
"8j57g","0.50","OK"
"8j59e","0.27","OK"
"8j5a2","0.24","OK"
"8j5an","0.01","OK"
"8j5bx","0.10","OK"
"8j5cg","0.10","OK"
"8j5d0","0.12","OK"
"8j5dj","0.04","OK"
"8j5dk","0.33","OK"
"8j5dn","1.00","OK"
"8j5ey","0.40","OK"
"8j5f7","0.29","OK"
"8j5fu","0.10","OK"
"8j5gg","0.03","OK"
"8j5gh","0.02","OK"
"8j5gi","0.06","OK"
"8j5gj","0.03","OK"
"8j5h0","0.27","OK"
"8j5hb","1.00","OK"
"8j5hx","1.00","OK"
"8j5ig","0.40","OK"
"8j5ix","0.67","OK"
"8j5lq","0.43","OK"
"8j5lt","0.00","OK"
"8j5n1","0.50","OK"
"8j5n8","0.50","OK"
"8j5ne","0.50","OK"
"8j5oc","0.10","OK"
"8j5od","0.07","OK"
"8j5ol","0.33","OK"
"8j5qz","1.00","OK"
"8j5r6","0.08","OK"
"8j5rx","1.00","OK"
"8j5t5","0.29","OK"
"8j5wq","1.00","OK"
"8j5xt","1.00","OK"
"8j5zr","0.14","OK"
"8j5zs","0.17","OK"
"8j5zz","0.01","OK"
"8j603","0.79","OK"
"8j60b","0.07","OK"
"8j60m","0.07","OK"
"8j60q","0.11","OK"
"8j62o","0.11","OK"
"8j62v","0.25","OK"
"8j638","0.13","OK"
"8j64i","0.43","OK"
"8j65y","0.03","OK"
"8j67b","0.12","OK"
"8j67c","0.09","OK"
"8j696","0.02","OK"
"8j69h","1.00","OK"
"8j69s","0.50","OK"
"8j6ac","0.67","OK"
"8j6ae","0.33","OK"
"8j6b8","1.00","OK"
"8j6em","0.00","OK"
"8j6en","0.02","OK"
"8j6eq","1.00","OK"
"8j6es","0.01","OK"
"8j6f7","0.09","OK"
"8j6fg","0.13","OK"
"8j6go","0.06","OK"
"8j6he","0.10","OK"
"8j6jw","0.23","OK"
"8j6mc","0.50","OK"
"8j6nz","0.38","OK"
"8j6oi","0.03","OK"
"8j6p7","0.67","OK"
"8j6pj","0.67","OK"
"8j6pm","0.02","OK"
"8j6ze","1.00","OK"
"8j6zf","0.01","OK"
"8j70l","0.11","OK"
"8j72c","1.00","OK"
"8j732","1.00","OK"
"8j73t","0.02","OK"
"8j76o","0.00","OK"
"8j77b","0.08","OK"
"8j78u","0.06","OK"
"8j79o","0.01","OK"
"8j7ao","1.00","OK"
"8j7ba","1.00","OK"
"8j7ct","0.05","OK"
"8j7dc","1.00","OK"
"8j7ia","1.00","OK"
"8j7ic","0.33","OK"
"8j7iy","0.22","OK"
"8j7jh","0.17","OK"
"8j7mj","0.25","OK"
"8j7si","0.75","OK"
"8j7t8","0.21","OK"
"8j7tm","0.04","Fraud"
"8j7tt","0.40","OK"
"8j7xq","0.58","OK"
"8j7yi","1.00","OK"
"8j7yr","0.07","OK"
"8j80q","0.82","OK"
"8j82j","0.05","OK"
"8j839","1.00","OK"
"8j83j","0.07","OK"
"8j83r","0.50","OK"
"8j83y","0.20","OK"
"8j87g","0.02","OK"
"8j87i","0.43","OK"
"8j8b5","0.67","OK"
"8j8bn","0.20","OK"
"8j8bu","0.17","OK"
"8j8eb","1.00","OK"
"8j8eo","1.00","OK"
"8j8et","0.64","OK"
"8j8gw","1.00","OK"
"8j8h8","1.00","OK"
"8j8ho","0.10","OK"
"8j8hq","1.00","OK"
"8j8hr","0.11","OK"
"8j8i3","0.04","OK"
"8j8j4","0.22","OK"
"8j8jd","0.01","OK"
"8j8jg","0.50","OK"
"8j8k3","0.50","OK"
"8j8mt","0.05","OK"
"8j8mz","0.07","OK"
"8j8o4","0.05","OK"
"8j8op","0.13","OK"
"8j8or","0.25","OK"
"8j8ou","0.50","OK"
"8j8q3","0.67","OK"
"8j8rh","1.00","OK"
"8j8sa","1.00","OK"
"8j8se","0.06","OK"
"8j8sf","0.22","OK"
"8j8sv","0.08","OK"
"8j8t2","0.01","OK"
"8j8tf","0.15","OK"
"8j8u2","0.02","OK"
"8j8wj","1.00","OK"
"8j8yz","0.05","OK"
"8j8zb","0.21","OK"
"8j90l","1.00","OK"
"8j90q","0.63","OK"
"8j92i","0.07","OK"
"8j94o","1.00","OK"
"8j94s","1.00","OK"
"8j94z","0.17","OK"
"8j95g","0.67","OK"
"8j967","0.06","OK"
"8j9a2","0.37","OK"
"8j9a5","0.22","OK"
"8j9aa","0.50","OK"
"8j9d9","0.10","OK"
"8j9eq","0.17","OK"
"8j9ey","1.00","OK"
"8j9ge","1.00","OK"
"8j9h2","0.50","OK"
"8j9h9","1.00","OK"
"8j9i6","0.01","OK"
"8j9i7","0.12","OK"
"8j9i9","0.01","OK"
"8j9jc","1.00","OK"
"8j9m9","0.01","OK"
"8j9ml","0.09","OK"
"8j9o0","0.06","OK"
"8j9p4","0.09","Observation"
"8j9pe","0.16","OK"
"8j9q3","0.42","OK"
"8jb5v","1.00","OK"
"8jc3s","0.03","OK"
"8jc5o","0.09","OK"
"8jc8u","1.00","OK"
"8jc8v","0.00","OK"
"8jccm","0.16","OK"
"8jcez","0.67","OK"
"8jcfz","1.00","OK"
"8jcgp","0.22","OK"
"8jch5","0.15","OK"
"8jchh","0.17","OK"
"8jciv","0.04","OK"
"8jclv","0.04","OK"
"8jcoh","1.00","OK"
"8jcru","0.67","OK"
"8jcuw","1.00","OK"
"8jg20","0.03","OK"
"8jg2a","0.50","OK"
"8jg49","1.00","OK"
"8jg5r","0.50","OK"
"8jg82","1.00","OK"
"8jg8w","0.67","OK"
"8jg9s","0.29","OK"
"8jgac","0.04","OK"
"8jgbu","0.01","OK"
"8jgcj","0.26","OK"
"8jgcw","0.14","OK"
"8jgel","0.75","OK"
"8jgf3","1.00","OK"
"8jgg3","0.10","OK"
"8jggg","1.00","OK"
"8jgk9","1.00","OK"
"8jgkk","0.01","Observation"
"8jgl8","1.00","OK"
"8jgls","0.04","OK"
"8jgok","0.33","OK"
"8jgq9","0.50","OK"
"8jgqa","0.38","OK"
"8jgqb","0.19","OK"
"8jgqr","1.00","OK"
"8jgt1","0.07","OK"
"8jgts","0.11","OK"
"8jgu2","1.00","OK"
"8jgul","0.12","OK"
"8jgvx","1.00","OK"
"8jh5s","1.00","OK"
"8jh5u","1.00","OK"
"8jh5v","1.00","OK"
"8jh60","0.33","OK"
"8jh7b","0.08","OK"
"8jh9c","0.36","OK"
"8jhbl","0.07","OK"
"8jhcs","0.50","OK"
"8jhct","0.67","OK"
"8jhdz","0.12","OK"
"8jhep","0.20","OK"
"8jhfv","0.01","OK"
"8jhge","0.34","OK"
"8jhgj","1.00","OK"
"8jhgx","0.00","OK"
"8jhh0","0.07","OK"
"8jhi5","0.33","OK"
"8jhis","0.25","OK"
"8jhit","0.14","OK"
"8jhle","1.00","OK"
"8jhlw","0.67","OK"
"8jhmk","1.00","OK"
"8jhnz","0.03","OK"
"8jhou","0.19","OK"
"8jhp2","0.55","OK"
"8jhsv","0.50","OK"
"8jhtq","1.00","OK"
"8jhw3","0.08","OK"
"8jhw9","0.50","OK"
"8jhyg","0.57","OK"
"8ji11","0.50","OK"
"8ji1d","0.50","OK"
"8ji1k","0.02","OK"
"8ji1l","0.01","OK"
"8ji1s","0.00","OK"
"8ji1u","0.03","Observation"
"8ji2e","1.00","OK"
"8ji49","0.31","OK"
"8ji4k","0.04","OK"
"8ji4m","0.16","OK"
"8ji4n","0.50","OK"
"8ji60","1.00","OK"
"8ji8h","0.08","OK"
"8ji8l","0.50","OK"
"8ji9t","1.00","OK"
"8jiak","1.00","OK"
"8jiam","1.00","OK"
"8jian","0.75","OK"
"8jibl","0.21","OK"
"8jibp","1.00","OK"
"8jict","0.06","OK"
"8jid2","1.00","OK"
"8jiex","0.09","OK"
"8jif4","0.33","OK"
"8jifa","0.33","OK"
"8jiff","0.27","OK"
"8jigh","0.11","OK"
"8jik8","1.00","OK"
"8jil2","0.67","OK"
"8jim2","0.50","OK"
"8jin3","0.63","OK"
"8jior","0.07","OK"
"8jisx","0.11","OK"
"8jith","0.33","OK"
"8jiu2","1.00","OK"
"8jiuc","0.05","OK"
"8jiwm","1.00","OK"
"8jiy2","0.10","OK"
"8jiy8","0.20","OK"
"8jiz8","0.67","OK"
"8jj05","1.00","OK"
"8jj1n","0.06","OK"
"8jj1s","1.00","OK"
"8jj35","1.00","OK"
"8jj3f","0.17","OK"
"8jj6m","0.19","OK"
"8jj7t","0.00","OK"
"8jj80","1.00","OK"
"8jj96","0.50","OK"
"8jj9d","0.41","OK"
"8jjao","0.05","Observation"
"8jjap","0.01","OK"
"8jjc5","0.00","OK"
"8jjds","0.09","OK"
"8jjhc","1.00","OK"
"8jjji","0.00","OK"
"8jjo9","0.05","OK"
"8jjph","1.00","OK"
"8jjs6","0.03","Fraud"
"8jjsg","0.21","OK"
"8jjve","0.27","OK"
"8jjvh","0.55","OK"
"8jjxl","0.50","OK"
"8jk01","0.02","OK"
"8jk02","0.04","OK"
"8jk0d","0.02","Fraud"
"8jk15","0.02","OK"
"8jk1x","0.05","OK"
"8jk3i","0.12","OK"
"8jk4m","0.00","OK"
"8jk57","0.11","OK"
"8jk7c","0.50","OK"
"8jk8e","0.57","OK"
"8jk8g","0.00","OK"
"8jk8n","1.00","OK"
"8jka2","0.60","OK"
"8jkce","0.20","OK"
"8jkdf","0.01","OK"
"8jkdr","0.14","OK"
"8jkea","0.00","OK"
"8jkec","0.09","OK"
"8jked","0.03","OK"
"8jkfd","0.02","OK"
"8jkff","0.01","OK"
"8jkh1","0.03","Observation"
"8jkhu","0.50","OK"
"8jkhv","1.00","OK"
"8jkij","0.01","OK"
"8jkk9","1.00","OK"
"8jkmi","0.01","OK"
"8jkof","0.03","OK"
"8jkor","0.05","OK"
"8jkp0","0.01","OK"
"8jkp1","0.01","OK"
"8jkqn","0.07","OK"
"8jkrj","0.06","OK"
"8jks4","0.43","OK"
"8jksm","0.25","OK"
"8jkt3","1.00","OK"
"8jktn","0.01","OK"
"8jku2","1.00","OK"
"8jkul","0.01","OK"
"8jkv1","0.06","OK"
"8jkv9","0.36","OK"
"8jkve","0.00","OK"
"8jkwc","0.01","OK"
"8jkwu","0.26","OK"
"8jky9","0.08","OK"
"8jl02","0.21","OK"
"8jl05","0.19","OK"
"8jl0l","0.00","OK"
"8jl0o","1.00","OK"
"8jl1o","0.06","OK"
"8jl1u","0.13","OK"
"8jl23","0.30","OK"
"8jl39","1.00","OK"
"8jl3n","0.14","OK"
"8jl3y","0.03","Fraud"
"8jl43","0.36","OK"
"8jl4l","0.71","OK"
"8jl61","0.25","OK"
"8jl6e","0.01","OK"
"8jl7q","0.03","OK"
"8jla6","0.03","OK"
"8jlad","1.00","OK"
"8jlah","0.67","OK"
"8jlc5","0.04","OK"
"8jli0","0.00","OK"
"8jlic","0.04","OK"
"8jlii","0.14","OK"
"8jlis","0.00","OK"
"8jljk","0.50","OK"
"8jljl","1.00","OK"
"8jljm","0.04","OK"
"8jljq","0.25","OK"
"8jljr","0.00","OK"
"8jlju","0.12","OK"
"8jlk3","0.01","OK"
"8jlkt","0.18","OK"
"8jlms","0.21","OK"
"8jlmv","0.21","OK"
"8jlmz","1.00","OK"
"8jln6","0.11","OK"
"8jlnl","0.10","OK"
"8jlos","0.02","OK"
"8jlpw","0.00","OK"
"8jlpz","0.02","OK"
"8jlr2","0.50","OK"
"8jlru","0.75","OK"
"8jlt1","0.02","OK"
"8jlu6","0.02","Fraud"
"8jlus","0.03","OK"
"8jlyt","0.50","OK"
"8jlzr","0.05","OK"
"8jm0h","0.50","OK"
"8jm0y","1.00","OK"
"8jm18","0.27","OK"
"8jm4d","0.04","OK"
"8jm4h","0.00","OK"
"8jm4p","1.00","OK"
"8jm4v","0.04","OK"
"8jm5b","0.13","OK"
"8jm5w","0.02","OK"
"8jm90","0.04","OK"
"8jm9p","0.01","OK"
"8jmbn","0.67","OK"
"8jmch","0.02","OK"
"8kuma","0.50","OK"
"8kump","0.05","OK"
"8kumu","0.02","Fraud"
"8kun0","0.67","OK"
"8kun1","0.18","OK"
"8kun5","0.10","Fraud"
"8kuno","1.00","OK"
"8kunr","0.07","OK"
"8kunx","0.20","OK"
"8kuo4","1.00","OK"
"8kuo5","0.14","OK"
"8kuov","0.22","OK"
"8kuph","1.00","OK"
"8kupw","1.00","OK"
"8kupz","1.00","OK"
"8kuq2","0.14","OK"
"8kuqa","0.09","OK"
"8kuqd","0.10","OK"
"8kuql","0.09","OK"
"8kuro","0.40","OK"
"8kus3","0.09","OK"
"8kus9","0.05","OK"
"8kusa","0.02","OK"
"8kusb","0.01","OK"
"8kusi","0.67","OK"
"8kusr","0.18","OK"
"8kuti","0.50","OK"
"8kuto","0.00","OK"
"8kutv","0.60","OK"
"8kuuh","1.00","OK"
"8kuv3","1.00","OK"
"8kuv8","1.00","OK"
"8kuv9","0.02","Observation"
"8kuva","0.06","OK"
"8kuvb","0.01","Fraud"
"8kuvj","0.08","OK"
"8kuvn","0.35","OK"
"8kuvt","0.00","OK"
"8kuvy","1.00","OK"
"8kux8","0.06","OK"
"8kuxa","0.00","Observation"
"8kuxc","1.00","OK"
"8kuxg","0.71","OK"
"8kuxh","0.20","OK"
"8kuxi","0.25","OK"
"8kuxj","0.20","OK"
"8kuxk","1.00","OK"
"8kuxp","1.00","OK"
"8kuy3","1.00","OK"
"8kuy4","1.00","OK"
"8kuy9","1.00","OK"
"8kuyg","0.03","OK"
"8kuyp","1.00","OK"
"8kuys","0.01","OK"
"8kuze","0.71","OK"
"8kuzg","0.13","OK"
"8kuzj","0.16","OK"
"8kuzl","0.07","OK"
"8kv08","0.00","OK"
"8kv0e","0.12","OK"
"8kv0o","0.50","OK"
"8kv0s","0.00","Observation"
"8kv3c","0.15","OK"
"8kv3v","0.07","Fraud"
"8kv42","0.50","OK"
"8kv4a","0.50","OK"
"8kv4d","1.00","OK"
"8kv4k","0.11","OK"
"8kv4v","0.09","OK"
"8kv4x","0.67","OK"
"8kv5a","1.00","OK"
"8kv5w","0.04","Fraud"
"8kv5y","1.00","OK"
"8kv6q","1.00","OK"
"8kv6v","0.03","Fraud"
"8kv6y","0.39","OK"
"8kv74","0.01","OK"
"8kv77","0.40","OK"
"8kv7n","0.01","Fraud"
"8kv7x","0.02","Fraud"
"8kv80","0.14","OK"
"8kv8i","0.50","OK"
"8kv8s","0.16","OK"
"8kv90","0.12","OK"
"8kv97","0.13","OK"
"8kv9a","0.25","OK"
"8kv9b","0.50","OK"
"8kvad","0.04","OK"
"8kvas","0.02","OK"
"8kvax","0.07","OK"
"8kvb3","0.50","OK"
"8kvbe","0.33","OK"
"8kvbi","0.50","OK"
"8kvc4","0.03","OK"
"8kvc7","0.08","OK"
"8kvc8","0.33","OK"
"8kvcs","0.50","OK"
"8kvct","1.00","OK"
"8kvdh","0.43","OK"
"8kve7","0.08","OK"
"8kvec","0.14","OK"
"8kven","0.34","OK"
"8kveo","0.21","OK"
"8kveq","0.38","OK"
"8kvey","0.43","OK"
"8kvfl","1.00","OK"
"8kvfn","0.40","OK"
"8kvfr","0.04","OK"
"8kvg3","1.00","OK"
"8kvgc","1.00","OK"
"8kvgp","1.00","OK"
"8kvgr","0.40","OK"
"8kvgs","0.46","OK"
"8kvh1","0.54","OK"
"8kvh9","0.25","OK"
"8kvhd","0.20","OK"
"8kvhi","0.02","OK"
"8kvhp","0.25","OK"
"8kvhz","1.00","OK"
"8kvie","0.25","OK"
"8kvil","0.86","OK"
"8kvim","0.03","OK"
"8kviw","0.09","OK"
"8kvj1","0.05","OK"
"8kvjl","1.00","OK"
"8kvkh","1.00","OK"
"8kvkj","0.11","OK"
"8kvkq","0.05","OK"
"8kvkw","0.13","OK"
"8kvl0","0.21","OK"
"8kvl1","0.10","OK"
"8kvl2","0.10","OK"
"8kvl6","0.10","OK"
"8kvl7","0.04","OK"
"8kvl8","1.00","OK"
"8kvlp","0.03","OK"
"8kvlq","0.11","OK"
"8kvm0","0.01","OK"
"8kvm1","0.02","OK"
"8kvm2","0.00","OK"
"8kvm6","0.00","OK"
"8kvm7","0.02","OK"
"8kvma","1.00","OK"
"8kvmd","0.67","OK"
"8kvmf","0.31","OK"
"8kvmo","0.10","OK"
"8kvmr","0.08","OK"
"8kvna","0.05","OK"
"8kvnb","0.02","Observation"
"8kvnu","0.38","OK"
"8kvo1","0.06","OK"
"8kvos","0.83","OK"
"8kvot","0.46","OK"
"8kvpb","0.19","OK"
"8kvpc","0.26","OK"
"8kvpe","0.21","OK"
"8kvpg","0.20","OK"
"8kvpr","1.00","OK"
"8kvpw","0.35","OK"
"8kvq0","0.13","OK"
"8kvqh","0.34","OK"
"8kvqm","0.24","OK"
"8kvqp","0.25","OK"
"8kvr5","0.33","OK"
"8kvr9","1.00","OK"
"8kvrh","1.00","OK"
"8kvrr","1.00","OK"
"8kvry","0.50","OK"
"8kvs0","0.01","OK"
"8kvs1","1.00","OK"
"8kvs9","0.30","OK"
"8kvsu","0.08","OK"
"8kvtr","1.00","OK"
"8kvtw","1.00","OK"
"8kvty","0.04","OK"
"8kvu3","1.00","OK"
"8kvu7","0.70","OK"
"8kvug","0.03","OK"
"8kvuh","0.25","OK"
"8kvv2","0.02","Observation"
"8kvv3","0.25","OK"
"8kvv4","0.08","OK"
"8kvv6","0.00","OK"
"8kvv7","0.02","OK"
"8kvv8","1.00","OK"
"8kvvd","0.01","OK"
"8kvvh","0.01","Observation"
"8kvxs","1.00","OK"
"8kvy3","0.33","OK"
"8kvyf","0.21","OK"
"8kvyo","0.08","OK"
"8kvyr","0.32","OK"
"8kvzp","0.50","OK"
"8kw03","0.25","OK"
"8kw0f","0.03","Observation"
"8kw0n","0.17","OK"
"8kw15","0.38","OK"
"8kw19","0.05","OK"
"8kw1q","0.25","OK"
"8kw28","1.00","OK"
"8kw2n","1.00","OK"
"8kw39","1.00","OK"
"8kw3g","0.03","OK"
"8kw4u","0.25","OK"
"8kw4v","0.01","Fraud"
"8kw4x","0.42","OK"
"8kw4z","0.02","OK"
"8kw53","0.14","OK"
"8kw5p","0.50","OK"
"8kw5u","0.01","Fraud"
"8kw6d","0.40","OK"
"8kw70","0.33","OK"
"8kwzo","0.03","OK"
"8kwzv","0.01","OK"
"8kwzx","0.01","Fraud"
"8kwzy","0.18","OK"
"8kx0a","1.00","OK"
"8kx0h","0.38","OK"
"8kx0o","0.06","OK"
"8kx0y","0.04","OK"
"8kx17","0.33","OK"
"8kx19","0.08","OK"
"8kx1q","1.00","OK"
"8kx1z","1.00","Observation"
"8kx21","1.00","OK"
"8kx25","0.11","OK"
"8kx29","1.00","OK"
"8kx2a","1.00","OK"
"8kx2d","0.03","Fraud"
"8kx2g","1.00","OK"
"8kx2r","0.29","OK"
"8kx2u","0.03","Fraud"
"8kx2w","0.02","OK"
"8kx31","0.00","OK"
"8kx33","0.33","OK"
"8kx37","0.19","OK"
"8kx3a","0.03","OK"
"8kx3b","0.20","OK"
"8kx3c","0.02","OK"
"8kx3f","0.08","OK"
"8kx3i","0.05","OK"
"8kx3q","0.05","OK"
"8kx3r","0.33","OK"
"8kx47","0.17","OK"
"8kx4j","0.67","OK"
"8kx5a","0.01","OK"
"8kx5c","0.37","OK"
"8kx5g","0.16","OK"
"8kx5q","1.00","Observation"
"8kx6b","1.00","Observation"
"8kx86","0.50","Observation"
"8kxdu","0.05","OK"
"8kxe3","1.00","OK"
"8kxee","0.01","OK"
"8kxef","1.00","OK"
"8kxel","0.10","Fraud"
"8kxem","0.09","Fraud"
"8kxep","0.05","OK"
"8kxer","0.09","OK"
"8kxev","0.50","OK"
"8kxew","0.50","OK"
"8kxez","1.00","OK"
"8kxf2","0.00","OK"
"8kxf4","0.28","OK"
"8kxfb","0.18","OK"
"8kxfu","1.00","OK"
"8kxgk","0.50","OK"
"8kxgm","0.08","OK"
"8kxgs","0.01","Fraud"
"8kxgt","0.02","OK"
"8kxgu","0.02","OK"
"8kxgv","0.01","Fraud"
"8kxgy","0.07","OK"
"8kxhd","1.00","OK"
"8kxhn","0.65","OK"
"8kxhp","1.00","OK"
"8kxhq","0.00","OK"
"8kxij","0.00","Fraud"
"8kxik","0.40","OK"
"8kxim","1.00","OK"
"8kxj4","0.14","OK"
"8kxj8","0.04","OK"
"8kxjw","0.06","OK"
"8kxjy","0.11","OK"
"8kxkx","0.01","Observation"
"8kxl2","1.00","OK"
"8kxl3","0.00","Fraud"
"8kxla","0.17","OK"
"8kxlk","0.05","OK"
"8kxll","0.04","OK"
"8kxlo","0.24","OK"
"8kxlp","0.02","OK"
"8kxlq","0.25","OK"
"8kxlr","0.03","OK"
"8kxlt","0.01","OK"
"8kxlv","0.04","Fraud"
"8kxly","0.01","Fraud"
"8kxm0","0.08","OK"
"8kxm9","0.06","OK"
"8kxmh","0.06","Fraud"
"8kxml","0.08","OK"
"8kxmm","1.00","OK"
"8kxmo","0.75","OK"
"8kxn2","1.00","OK"
"8kxn5","0.11","OK"
"8kxnk","0.22","OK"
"8kxnl","0.00","OK"
"8kxnm","0.00","Fraud"
"8kxnn","0.01","Observation"
"8kxnw","0.08","OK"
"8kxo5","1.00","OK"
"8kxoj","0.00","Observation"
"8kxom","0.12","OK"
"8kxor","0.25","OK"
"8kxos","0.67","OK"
"8kxox","0.27","OK"
"8kxoy","0.01","Fraud"
"8kxp5","1.00","OK"
"8kxpa","1.00","OK"
"8kxpd","0.37","OK"
"8kxpq","0.02","OK"
"8kxpv","0.01","OK"
"8kxq6","0.04","OK"
"8kxqd","0.02","OK"
"8kxqf","0.50","OK"
"8kxqj","0.08","OK"
"8kxqk","0.02","Observation"
"8kxqm","0.02","OK"
"8kxqw","0.18","OK"
"8kxr9","0.04","Observation"
"8kxrb","0.05","Observation"
"8kxrc","0.02","OK"
"8kxre","0.05","Observation"
"8kxri","0.12","OK"
"8kxrj","0.07","OK"
"8kxrs","0.04","OK"
"8kxtp","0.08","OK"
"8kxvk","0.05","OK"
"8kxxf","0.26","OK"
"8kxzn","1.00","OK"
"8kxzu","0.07","OK"
"8ky0g","1.00","OK"
"8ky0o","0.50","OK"
"8ky15","0.03","OK"
"8ky18","1.00","OK"
"8ky1v","0.60","OK"
"8ky22","0.04","OK"
"8ky2b","0.67","OK"
"8ky2f","0.71","OK"
"8ky2l","0.33","OK"
"8ky2n","1.00","OK"
"8ky46","0.15","OK"
"8ky4j","0.06","OK"
"8ky4k","0.24","OK"
"8ky4n","0.14","OK"
"8ky4r","1.00","OK"
"8ky4x","1.00","OK"
"8ky50","1.00","OK"
"8ky5c","0.13","OK"
"8ky5s","1.00","OK"
"8ky6d","0.67","OK"
"8ky6h","0.03","Fraud"
"8ky6n","0.03","Fraud"
"8ky6u","0.25","OK"
"8ky6v","0.11","OK"
"8ky77","0.25","OK"
"8ky8n","0.22","OK"
"8ky8r","0.33","OK"
"8ky93","0.40","OK"
"8ky9n","1.00","OK"
"8kyao","1.00","OK"
"8kyb9","0.57","OK"
"8kybc","0.67","OK"
"8kybl","0.01","OK"
"8kybu","1.00","OK"
"8kyc0","0.80","OK"
"8kycf","1.00","OK"
"8kycw","0.17","OK"
"8kydv","0.02","Fraud"
"8kygk","0.06","OK"
"8kygl","0.33","OK"
"8kygo","1.00","OK"
"8kygq","0.14","OK"
"8kygz","1.00","OK"
"8kyhj","1.00","OK"
"8kyiq","0.29","OK"
"8kyjt","0.33","OK"
"8kyk5","0.13","OK"
"8kyka","0.50","OK"
"8kyl4","0.21","OK"
"8kyl5","0.03","OK"
"8kyld","0.20","OK"
"8kymr","1.00","OK"
"8kynd","0.30","OK"
"8kynk","0.33","OK"
"8kyov","0.00","Fraud"
"8kyow","0.60","OK"
"8kyoy","1.00","OK"
"8kyp1","0.05","OK"
"8kyp7","0.50","OK"
"8kyp8","0.29","OK"
"8kypd","0.11","OK"
"8kypr","0.48","OK"
"8kyqu","1.00","OK"
"8kyre","1.00","OK"
"8kysj","0.08","OK"
"8kyss","0.67","OK"
"8kytg","1.00","OK"
"8kyu8","0.33","OK"
"8kyvb","0.02","OK"
"8kyvg","0.33","OK"
"8kyvt","0.50","OK"
"8kyvw","0.43","OK"
"8kyw0","0.25","OK"
"8kyw6","0.04","OK"
"8kywb","0.09","OK"
"8kywm","1.00","OK"
"8kywq","1.00","OK"
"8kywy","0.04","OK"
"8kyxs","1.00","OK"
"8kyxz","1.00","OK"
"8kyyv","0.36","OK"
"8kyz1","0.21","OK"
"8kyzp","0.00","OK"
"8kz2d","0.08","OK"
"8kz2e","1.00","OK"
"8kz2y","1.00","OK"
"8kz4p","1.00","OK"
"8kz5j","0.25","OK"
"8kz64","0.26","OK"
"8kz6l","1.00","OK"
"8kz6p","0.03","Fraud"
"8kz6r","1.00","OK"
"8kz74","1.00","OK"
"8kz7h","1.00","OK"
"8kz7i","1.00","OK"
"8kz7z","0.21","OK"
"8kz81","0.27","OK"
"8kz84","0.10","OK"
"8kz8a","0.26","OK"
"8kz9c","0.30","OK"
"8kz9e","0.22","OK"
"8kz9f","0.01","OK"
"8kz9k","1.00","OK"
"8kz9x","0.67","OK"
"8kzaf","1.00","OK"
"8kzbb","0.01","OK"
"8kzbg","0.32","OK"
"8kzd5","0.75","OK"
"8kzds","0.10","OK"
"8kzen","0.24","OK"
"8kzep","0.10","OK"
"8kzer","0.53","OK"
"8kzes","1.00","OK"
"8kzf2","0.50","OK"
"8kzf5","1.00","OK"
"8kzfo","0.08","OK"
"8kzgc","1.00","OK"
"8kzgf","0.67","OK"
"8kzhr","0.56","OK"
"8kzhu","1.00","OK"
"8kzhz","0.61","OK"
"8kzi1","0.67","OK"
"8kzi5","1.00","OK"
"8kzjk","0.00","Fraud"
"8kzjq","0.04","OK"
"8kzjy","0.67","OK"
"8kzkc","0.40","OK"
"8kzkl","0.21","OK"
"8kzkp","0.25","OK"
"8kzkq","1.00","OK"
"8kzl3","0.67","OK"
"8kzl6","0.50","OK"
"8kzlb","1.00","OK"
"8kzll","0.07","OK"
"8kzlm","0.50","OK"
"8kzm1","0.03","Fraud"
"8kzmh","0.67","OK"
"8kzmx","1.00","OK"
"8kzmy","0.29","OK"
"8kzna","0.02","OK"
"8kznn","0.05","OK"
"8kznw","0.20","OK"
"8kzo4","0.63","OK"
"8kzom","1.00","OK"
"8kzpi","0.13","OK"
"8kzq3","0.50","OK"
"8kzqd","0.02","OK"
"8kzqe","0.50","OK"
"8kzqo","0.50","OK"
"8kzr4","0.04","OK"
"8kzr5","0.03","OK"
"8kzr6","0.03","OK"
"8kzr7","0.02","OK"
"8kzr9","0.04","OK"
"8kzss","0.04","OK"
"8kzst","0.06","OK"
"8kzsu","0.07","OK"
"8kzt1","0.03","OK"
"8kztj","0.67","OK"
"8kztp","0.50","OK"
"8kztq","0.13","OK"
"8kzu3","0.29","OK"
"8kzuk","0.32","OK"
"8kzv1","0.12","OK"
"8kzvn","0.01","OK"
"8kzw1","0.35","OK"
"8kzwc","0.27","OK"
"8kzwu","0.02","OK"
"8kzx6","0.42","OK"
"8kzxc","0.11","OK"
"8kzxk","0.15","OK"
"8kzxo","0.22","OK"
"8kzxz","0.00","OK"
"8kzy2","0.33","OK"
"8kzy5","0.04","OK"
"8kzyi","0.02","Observation"
"8kzyz","0.33","OK"
"8l004","1.00","OK"
"8l00g","0.02","OK"
"8l00h","0.14","Fraud"
"8l00x","1.00","OK"
"8l014","0.33","OK"
"8l01a","0.11","OK"
"8l01b","1.00","OK"
"8l01g","0.18","OK"
"8l01w","1.00","OK"
"8l01y","0.54","OK"
"8l029","0.22","OK"
"8l02e","1.00","OK"
"8l02g","0.67","OK"
"8l02m","0.50","OK"
"8l02n","1.00","OK"
"8l02t","0.32","OK"
"8l02x","0.02","OK"
"8l03g","0.50","OK"
"8l03j","0.18","OK"
"8l046","0.50","OK"
"8l04m","0.04","OK"
"8l04x","0.06","OK"
"8l04z","0.08","OK"
"8l050","0.06","OK"
"8l051","0.06","OK"
"8l052","0.07","OK"
"8l053","0.06","OK"
"8l05k","0.50","OK"
"8l05l","0.14","OK"
"8l05z","0.33","OK"
"8l061","0.18","OK"
"8l063","0.12","OK"
"8l06b","1.00","OK"
"8l071","0.02","OK"
"8l07i","0.10","OK"
"8l07n","0.20","OK"
"8l07q","1.00","OK"
"8l07t","1.00","OK"
"8l08l","0.50","OK"
"8l09b","0.01","OK"
"8l0a0","0.12","OK"
"8l0aq","0.44","OK"
"8l0b4","0.13","OK"
"8l0bl","0.01","Observation"
"8l0bm","0.46","OK"
"8l0c2","0.04","OK"
"8l0ca","0.00","OK"
"8l0cx","0.07","OK"
"8l0e4","0.16","OK"
"8l0f6","0.15","OK"
"8l0fs","1.00","OK"
"8l0fv","0.50","OK"
"8l0fx","1.00","OK"
"8l0gr","0.35","OK"
"8l0ho","0.20","OK"
"8l0i4","0.50","OK"
"8l0io","0.06","OK"
"8l0iu","0.09","OK"
"8l0iv","0.05","OK"
"8l0j8","0.75","OK"
"8l0jf","0.07","OK"
"8l0k0","1.00","OK"
"8l0k9","1.00","OK"
"8l0l8","1.00","OK"
"8l0lh","0.45","OK"
"8l0lm","1.00","OK"
"8l0lv","0.57","OK"
"8l0m2","0.50","OK"
"8l0m9","0.34","OK"
"8l0mw","0.14","OK"
"8l0n5","0.43","OK"
"8l0ng","0.09","OK"
"8l0nw","0.33","OK"
"8l0p1","0.24","OK"
"8l0p8","0.20","OK"
"8l0q6","0.02","Fraud"
"8l0r9","0.17","OK"
"8l0rb","0.11","Fraud"
"8l0rp","0.16","OK"
"8l0rq","0.05","OK"
"8l0rr","0.13","OK"
"8l0sm","0.02","OK"
"8l0sw","0.50","OK"
"8l0t1","0.24","OK"
"8l0t3","1.00","OK"
"8l0t6","0.60","OK"
"8l0td","1.00","OK"
"8l0ty","1.00","OK"
"8l0u5","1.00","OK"
"8l0uu","0.15","OK"
"8l0v8","0.03","Observation"
"8l0v9","0.01","OK"
"8l0w0","1.00","OK"
"8l0wx","0.14","OK"
"8l0wz","0.20","OK"
"8l0x3","0.10","OK"
"8l0x4","0.33","OK"
"8l0x9","0.40","OK"
