"partnerid","IpVariance","status"
"8i7uk","19.48","OK"
"8i7ux","283.73","OK"
"8i7va","0.12","OK"
"8i7vb","0.23","OK"
"8i7vf","0.00","OK"
"8i7vp","4881.50","OK"
"8i7vq","5423.30","OK"
"8i7vz","72.29","OK"
"8i7w2","12.54","OK"
"8i7wb","96.06","OK"
"8i7wi","248.08","OK"
"8i7wr","40.87","OK"
"8i7wv","4.58","OK"
"8i7xd","52.28","Observation"
"8i7yy","0.00","OK"
"8i7z7","3.06","OK"
"8i7zf","0.25","OK"
"8i7zk","46.59","OK"
"8i7zl","61.09","OK"
"8i804","7.21","OK"
"8i806","172.02","OK"
"8i80a","290.83","OK"
"8i80j","0.00","OK"
"8i81d","1.44","OK"
"8i81i","0.44","OK"
"8i828","3064.24","OK"
"8i82g","4.29","OK"
"8i82r","0.25","OK"
"8i82x","0.00","OK"
"8i830","0.00","OK"
"8i833","1.42","OK"
"8i83a","0.00","OK"
"8i83y","0.00","OK"
"8i84n","0.12","OK"
"8i84o","1.40","OK"
"8i84w","0.00","OK"
"8i85v","11.96","OK"
"8i86i","0.00","OK"
"8i88w","1.06","OK"
"8i89m","0.22","OK"
"8i8ar","2.86","OK"
"8i8bx","14.47","OK"
"8i8cj","0.00","OK"
"8i8do","0.00","OK"
"8i8e5","183.05","OK"
"8i8e7","0.00","OK"
"8i8ef","0.11","OK"
"8i8en","0.25","OK"
"8i8fk","11.17","OK"
"8i8fm","166.16","Observation"
"8i8fn","4.69","OK"
"8i8fq","74.56","OK"
"8i8ft","4.49","OK"
"8i8g3","0.00","OK"
"8i8go","1828.46","Observation"
"8i8gu","0.00","OK"
"8i8gx","0.00","OK"
"8i8gz","0.00","OK"
"8i8h2","0.00","OK"
"8i8h7","680.93","Fraud"
"8i8hw","0.64","OK"
"8i8ih","0.00","OK"
"8i8is","33.85","OK"
"8i8iv","17.64","OK"
"8i8j2","1.20","OK"
"8i8jl","0.00","OK"
"8i8k3","0.48","OK"
"8i8kg","0.00","OK"
"8i8ku","0.00","OK"
"8i8le","5.63","OK"
"8i8lx","0.00","OK"
"8i8m6","149.09","OK"
"8i8mq","0.00","OK"
"8i8mr","0.00","OK"
"8i8n6","0.20","OK"
"8i8no","5.94","OK"
"8i8nq","0.00","OK"
"8i8nr","211.03","OK"
"8i8oh","0.00","OK"
"8i8p1","0.52","OK"
"8i8pz","0.00","OK"
"8i8q4","1.53","OK"
"8i8qk","0.19","OK"
"8i8qn","0.00","OK"
"8i8rs","0.00","OK"
"8i8s9","0.00","OK"
"8i8t2","0.00","OK"
"8i8tt","196.29","Observation"
"8i8tw","0.00","OK"
"8i8u1","0.00","OK"
"8i8u7","0.00","OK"
"8i8u8","10.27","OK"
"8i8ub","2.71","OK"
"8i8ui","0.56","OK"
"8i8wd","2.25","OK"
"8i8xq","266.29","OK"
"8i8ye","745.51","OK"
"8i8yi","0.22","OK"
"8i8yn","2.77","OK"
"8i8yu","2.15","OK"
"8i8z4","53.01","OK"
"8i8zd","0.00","OK"
"8i8ze","8.58","OK"
"8i8zi","0.79","OK"
"8i903","129.96","OK"
"8i90i","0.00","OK"
"8i90k","316.76","Fraud"
"8i90m","133.12","OK"
"8i91i","5417.30","OK"
"8i922","8658.12","OK"
"8i92t","9232.39","OK"
"8i92u","0.00","OK"
"8i930","70.83","Observation"
"8i932","0.00","OK"
"8i936","231.23","OK"
"8i93o","3.24","OK"
"8i93q","47.02","OK"
"8i941","21.73","OK"
"8i949","122.70","OK"
"8i94e","0.00","OK"
"8i94n","0.00","OK"
"8i94y","149.74","OK"
"8i95z","8.74","OK"
"8i969","115.95","OK"
"8i96u","33.21","OK"
"8i96x","2.47","OK"
"8i98h","0.89","OK"
"8i99h","0.96","OK"
"8i9a2","0.00","OK"
"8i9at","0.85","OK"
"8i9aw","168.31","OK"
"8i9b4","0.16","OK"
"8i9bj","0.27","OK"
"8i9bm","51.59","OK"
"8i9bs","0.00","OK"
"8i9bw","3.54","OK"
"8i9bx","1.58","OK"
"8i9cn","14.06","OK"
"8i9co","1.13","OK"
"8i9cr","0.78","OK"
"8i9d0","0.22","OK"
"8i9d1","0.00","OK"
"8i9d5","3.28","OK"
"8i9da","43.68","OK"
"8i9db","0.00","OK"
"8i9dg","0.00","OK"
"8i9dp","0.00","OK"
"8i9dv","15.01","OK"
"8i9e1","0.00","OK"
"8i9e9","52.89","OK"
"8i9ed","0.00","OK"
"8i9eg","0.00","OK"
"8i9eq","0.00","OK"
"8i9f0","0.00","OK"
"8i9fl","0.89","OK"
"8i9fv","0.00","OK"
"8i9g2","6.51","OK"
"8i9gl","0.00","OK"
"8i9h8","0.00","OK"
"8i9hj","0.00","OK"
"8i9hm","3.92","OK"
"8i9hn","1.73","OK"
"8i9ht","22430.69","OK"
"8i9hu","61.22","OK"
"8i9hw","0.00","OK"
"8i9hx","97.32","OK"
"8i9hz","0.00","OK"
"8i9i1","1079.58","OK"
"8i9i3","3119.79","OK"
"8i9i4","0.07","OK"
"8i9i5","384.99","Observation"
"8i9i7","22.22","OK"
"8i9i9","27.32","OK"
"8i9ia","124.22","OK"
"8i9ib","2.07","OK"
"8i9ic","268.92","OK"
"8i9id","10.72","OK"
"8i9ie","38.72","OK"
"8i9ig","827.59","OK"
"8i9ih","5.54","OK"
"8i9ii","0.00","Observation"
"8i9ij","0.13","OK"
"8i9ik","20000.00","OK"
"8i9im","293.38","OK"
"8i9in","229.18","OK"
"8i9ip","0.00","OK"
"8i9j4","783.76","OK"
"8i9j6","17487.38","Observation"
"8i9jf","0.00","OK"
"8i9jg","59.42","OK"
"8i9ji","4.02","OK"
"8i9jj","331.96","OK"
"8i9jr","0.00","OK"
"8i9kq","28.81","OK"
"8i9ky","0.00","OK"
"8i9nd","0.00","OK"
"8i9ng","1.44","OK"
"8i9np","10.12","OK"
"8i9os","0.00","OK"
"8i9ot","923.49","OK"
"8i9p1","0.12","OK"
"8i9p3","0.44","OK"
"8i9p4","0.00","OK"
"8i9p7","4.16","OK"
"8i9p8","12.81","OK"
"8i9pt","0.00","OK"
"8i9q6","0.00","OK"
"8i9ql","1930.04","OK"
"8i9qu","31.32","OK"
"8i9s9","10.50","OK"
"8i9sm","1.31","OK"
"8i9t0","0.00","OK"
"8i9tt","11.58","OK"
"8i9u6","0.89","OK"
"8i9vn","58.41","OK"
"8i9ws","74.13","Fraud"
"8i9xb","4.54","OK"
"8i9z5","10.59","OK"
"8i9z6","0.22","OK"
"8i9z7","0.00","OK"
"8i9zb","4.41","OK"
"8i9zp","101.39","OK"
"8i9zy","0.00","OK"
"8ia0j","3.36","OK"
"8ia0n","15.04","OK"
"8ia11","6.60","OK"
"8ia16","33.89","OK"
"8ia19","0.19","OK"
"8ia1e","0.00","OK"
"8ia25","0.00","OK"
"8ia51","5.76","OK"
"8ia54","0.00","OK"
"8ia62","0.00","OK"
"8ia6z","3.67","OK"
"8ia7h","9.49","OK"
"8ia7p","24.04","OK"
"8ia7z","0.00","OK"
"8ia80","125.92","OK"
"8ia8k","0.00","OK"
"8ia8u","10.57","OK"
"8ia99","0.22","OK"
"8ia9b","2.32","OK"
"8ia9d","0.00","OK"
"8ia9m","27.86","OK"
"8ia9n","0.00","OK"
"8iaa6","0.00","OK"
"8iaar","1.57","OK"
"8iaay","14.65","OK"
"8iaaz","0.85","OK"
"8iab9","851.87","OK"
"8iabd","7.22","OK"
"8iabk","9.00","OK"
"8iabp","103.69","OK"
"8iac5","0.00","OK"
"8iac6","41.52","OK"
"8iact","0.46","OK"
"8iadk","17.26","OK"
"8iadn","0.00","OK"
"8iadr","2375.32","Observation"
"8iadt","11749.61","OK"
"8iae2","0.00","OK"
"8iae4","0.00","OK"
"8iaeq","0.00","OK"
"8iafg","2.47","OK"
"8iafi","27.38","OK"
"8iagk","6.86","OK"
"8iagn","0.00","OK"
"8iagp","0.74","OK"
"8iagv","13.33","OK"
"8iah0","0.78","OK"
"8iaim","0.00","OK"
"8iaj2","96.11","OK"
"8iajv","0.00","OK"
"8iak0","18.62","OK"
"8iaks","3.56","OK"
"8ial7","0.00","OK"
"8ialk","0.00","OK"
"8ialy","348.52","OK"
"8iam0","0.91","OK"
"8iam4","0.09","OK"
"8iamd","8568.82","Observation"
"8iaml","0.16","OK"
"8iaob","0.00","OK"
"8iaps","0.00","OK"
"8iaqk","0.00","OK"
"8iaqp","6.60","OK"
"8iaqy","0.00","OK"
"8iar6","0.00","OK"
"8iark","5.36","OK"
"8iaru","3.21","OK"
"8iasq","4.29","OK"
"8iasz","284.80","Observation"
"8iata","497.72","OK"
"8iatv","340.02","OK"
"8iau4","7.79","OK"
"8iau5","3.54","OK"
"8iau7","3.05","OK"
"8iauu","8207.01","OK"
"8iavq","1467.37","OK"
"8iavx","2381.44","OK"
"8iawe","0.00","OK"
"8iawh","5.58","OK"
"8iaxa","0.22","OK"
"8iaxj","79903.02","Fraud"
"8iayy","0.00","OK"
"8iazm","151.89","OK"
"8ib0l","33.77","OK"
"8ib0m","0.00","OK"
"8ib12","11.52","OK"
"8ib14","0.16","OK"
"8ib16","48.48","OK"
"8ib1i","0.00","OK"
"8ib1j","0.00","OK"
"8ib1t","2.98","OK"
"8ib1v","0.00","OK"
"8ib1x","0.00","OK"
"8ib25","0.22","OK"
"8ib26","1.96","OK"
"8ib2d","0.00","OK"
"8ib2w","8.98","OK"
"8ib34","0.25","OK"
"8ib46","0.00","OK"
"8ib4v","0.25","OK"
"8ib4y","0.74","OK"
"8ib4z","87.45","OK"
"8ib56","1139.15","OK"
"8ib5i","116.80","OK"
"8ib63","0.00","OK"
"8ib6f","0.89","OK"
"8ib6i","0.16","OK"
"8ib6x","221.64","OK"
"8ib7h","2.51","OK"
"8ib7i","0.00","OK"
"8ib9m","0.00","OK"
"8ib9o","0.00","OK"
"8ib9v","0.00","OK"
"8ibah","399.38","OK"
"8ibam","0.00","OK"
"8ibay","0.00","OK"
"8ibbr","24.85","OK"
"8ibbv","0.00","OK"
"8ibcb","0.00","OK"
"8ibcv","16.83","OK"
"8ibdg","211.88","OK"
"8ibdl","1.22","OK"
"8ibdm","642.68","OK"
"8iber","0.00","OK"
"8ibf5","0.00","OK"
"8ibfa","0.00","OK"
"8ibg2","3.05","OK"
"8ibg6","0.00","OK"
"8ibgj","0.49","OK"
"8ibgo","0.00","OK"
"8ibgx","0.75","OK"
"8ibhn","0.69","OK"
"8ibid","0.49","OK"
"8ibiw","1.36","OK"
"8ibjf","93.93","OK"
"8ibjo","44.29","OK"
"8ibke","0.00","OK"
"8ibkr","2530.44","Fraud"
"8ibl1","0.00","OK"
"8ibmd","0.00","OK"
"8ibmq","0.00","OK"
"8ibmx","0.64","OK"
"8ibn2","0.00","OK"
"8ibnz","0.00","OK"
"8ibo7","0.00","OK"
"8ibop","0.14","OK"
"8ibp0","1.40","OK"
"8ibp7","0.00","OK"
"8ibp9","8.24","OK"
"8ibpi","0.25","OK"
"8ibr7","0.00","OK"
"8ibt9","2.68","OK"
"8ibtd","0.00","OK"
"8ibub","0.00","OK"
"8ibug","6.76","OK"
"8ibum","11.99","OK"
"8ibup","123.96","OK"
"8ibv4","207.91","OK"
"8ibw8","15.95","OK"
"8ibxb","214.64","OK"
"8ic07","11.32","OK"
"8ic0m","474.60","OK"
"8ic0y","26.59","OK"
"8ic1s","1.34","OK"
"8ic1t","47.55","OK"
"8ic1x","0.00","OK"
"8ic26","237.87","OK"
"8ic2e","0.25","OK"
"8ic2q","0.00","OK"
"8ic3a","0.25","OK"
"8ic3g","0.00","OK"
"8ic3o","10.15","OK"
"8ic3r","0.00","OK"
"8ic3w","0.00","OK"
"8ic46","4.69","OK"
"8ic4i","5.00","OK"
"8ic4v","233.28","OK"
"8ic50","0.00","OK"
"8ic51","0.16","OK"
"8ic55","0.00","OK"
"8ic56","962.93","OK"
"8ic59","0.00","OK"
"8ic5b","0.09","OK"
"8ic6b","12.06","OK"
"8ic6d","0.11","OK"
"8ic6r","0.00","OK"
"8ic78","0.00","OK"
"8ic7z","0.00","OK"
"8ic8g","0.16","OK"
"8ic9a","0.19","OK"
"8ic9l","2.01","OK"
"8ic9r","0.00","OK"
"8ica0","0.16","OK"
"8icam","1.91","OK"
"8icaw","3.74","OK"
"8icb3","0.00","OK"
"8icb9","0.00","OK"
"8icbb","2.13","OK"
"8iccd","35.07","OK"
"8iccn","8.44","OK"
"8icdb","51.54","OK"
"8icdj","0.00","OK"
"8ice8","249.06","OK"
"8icee","4.33","OK"
"8icef","5.85","OK"
"8icfc","0.00","OK"
"8icfe","18846.96","Observation"
"8icff","494.89","Observation"
"8icfm","0.00","OK"
"8icgh","0.00","OK"
"8ich8","0.00","OK"
"8ichd","93.54","OK"
"8ichj","5.56","OK"
"8ichk","110.99","OK"
"8ichs","0.00","OK"
"8ichw","3.47","OK"
"8icia","9.24","OK"
"8icim","30.25","OK"
"8icin","395.69","OK"
"8icix","0.00","OK"
"8icoz","0.00","OK"
"8icp7","52.18","OK"
"8icq7","0.74","OK"
"8ictc","1.67","OK"
"8ictf","0.00","OK"
"8ictz","31.00","OK"
"8icu9","8.69","OK"
"8icuy","24.04","OK"
"8icv3","0.00","OK"
"8icvc","4.55","OK"
"8icwe","0.12","OK"
"8icx6","0.00","OK"
"8icxc","0.11","OK"
"8icxd","0.00","OK"
"8icxf","0.50","OK"
"8icxl","9.17","OK"
"8icyy","0.08","OK"
"8icz2","110.02","OK"
"8iczh","299.30","Fraud"
"8id02","68.13","OK"
"8id03","37.94","OK"
"8id0y","2.40","OK"
"8id0z","31.69","OK"
"8id1a","0.00","OK"
"8id2f","0.00","OK"
"8id2s","0.00","OK"
"8id2w","0.48","OK"
"8id2z","7.33","OK"
"8id56","0.00","OK"
"8id57","82.91","OK"
"8id5b","0.00","OK"
"8id5p","3389.90","Fraud"
"8id6y","221.13","OK"
"8id6z","5.29","OK"
"8id7o","15.74","OK"
"8id7z","0.00","OK"
"8id89","0.00","OK"
"8id8z","0.00","OK"
"8id9y","13.36","OK"
"8ida1","449.19","OK"
"8idam","0.00","OK"
"8idbx","103.65","OK"
"8idc4","0.17","OK"
"8iddj","21.30","OK"
"8iddv","0.00","OK"
"8iddw","2.58","OK"
"8ide1","4.25","OK"
"8ide5","0.00","OK"
"8idem","0.19","OK"
"8idf6","0.00","OK"
"8idfl","0.75","OK"
"8idg8","0.00","OK"
"8idgb","0.00","OK"
"8idh3","0.00","OK"
"8idhm","970.89","Fraud"
"8idhn","11.90","OK"
"8idhp","49.66","OK"
"8idhs","6.25","OK"
"8idht","0.00","OK"
"8idhw","0.00","OK"
"8idi0","0.00","OK"
"8idi1","10.89","OK"
"8idi4","0.25","OK"
"8idi5","0.17","OK"
"8idi7","56.40","OK"
"8idib","0.00","OK"
"8idit","12.88","Fraud"
"8idmr","0.00","OK"
"8idn9","9.00","OK"
"8idnv","0.00","OK"
"8idny","0.00","OK"
"8ido2","0.37","OK"
"8idoa","0.00","OK"
"8idob","0.25","OK"
"8idoc","0.00","OK"
"8idou","3.06","OK"
"8idp1","0.00","OK"
"8idp3","0.00","OK"
"8ie57","0.00","OK"
"8ie5k","0.00","OK"
"8ie7p","0.00","OK"
"8ie82","0.00","OK"
"8ie98","0.00","OK"
"8ie9s","0.00","OK"
"8iea1","0.00","OK"
"8ieaq","25.13","OK"
"8ieaz","178.63","OK"
"8ieb4","0.22","OK"
"8iebt","0.00","OK"
"8iebx","0.49","OK"
"8ief6","0.49","OK"
"8iefb","36.88","OK"
"8iefl","82.74","OK"
"8iefo","0.00","OK"
"8iefs","0.00","OK"
"8ieg2","8.52","OK"
"8iegi","0.00","OK"
"8ieh3","0.49","OK"
"8iehk","0.93","OK"
"8ieht","11394.42","Observation"
"8iejt","1.00","OK"
"8iel9","134.58","OK"
"8ielc","0.07","OK"
"8iem5","2219.43","Fraud"
"8iemj","0.00","OK"
"8ien9","1.92","OK"
"8ieo7","0.00","OK"
"8ieol","1.24","OK"
"8ieqn","0.33","OK"
"8iequ","0.00","OK"
"8ies6","5.76","OK"
"8ies8","34.85","OK"
"8ieso","0.00","OK"
"8iet9","3823.40","OK"
"8ietw","2.22","OK"
"8ieuh","0.00","OK"
"8iev9","0.00","OK"
"8ievj","0.00","OK"
"8ievt","23.94","OK"
"8ievz","1626.19","Fraud"
"8iex1","91.19","OK"
"8iex9","547.45","OK"
"8iexi","0.56","OK"
"8iext","0.56","OK"
"8if13","22.91","OK"
"8if2b","0.00","OK"
"8if3m","4.85","OK"
"8if4w","0.00","OK"
"8if5c","0.00","OK"
"8if5p","11.06","OK"
"8if6n","0.00","OK"
"8if7b","0.00","OK"
"8if9o","6966.41","Fraud"
"8ifa1","23277.94","Observation"
"8ifan","2.01","OK"
"8ifcw","895.77","Fraud"
"8ifem","0.00","OK"
"8iff5","0.00","OK"
"8iff6","0.00","OK"
"8iffk","422.70","OK"
"8ifg0","0.00","OK"
"8ifg9","0.00","OK"
"8ifgn","2.25","OK"
"8ifik","28.49","OK"
"8ifm5","0.00","OK"
"8ifma","23.14","OK"
"8ifmk","0.00","OK"
"8ifna","0.49","OK"
"8ifnd","0.00","OK"
"8ifog","25.06","OK"
"8ifov","3.03","OK"
"8ifqc","59.32","OK"
"8ifqi","1726.84","Fraud"
"8ifqk","327.61","OK"
"8ifvn","0.00","OK"
"8ifwd","0.00","OK"
"8ifzw","6.25","OK"
"8ig0z","1.00","OK"
"8ig13","0.00","OK"
"8ig4x","1.00","OK"
"8ig5c","0.00","OK"
"8ig76","13.26","OK"
"8ig8i","70.75","OK"
"8igb7","3.43","OK"
"8igbs","0.75","OK"
"8igbt","0.56","OK"
"8igbu","1.44","OK"
"8igc1","3.58","OK"
"8igcb","1.96","OK"
"8igdb","0.00","OK"
"8igdp","0.00","OK"
"8igem","0.96","OK"
"8igew","0.25","OK"
"8igfs","11.61","OK"
"8igh8","0.00","OK"
"8igih","0.00","OK"
"8igj2","6.86","OK"
"8igji","0.00","OK"
"8igkk","0.00","OK"
"8igkp","14.97","OK"
"8igl1","4.25","OK"
"8igl7","0.00","OK"
"8iglk","3.27","OK"
"8igm1","1.00","OK"
"8igm8","0.41","OK"
"8igmr","12.67","OK"
"8ign1","0.00","OK"
"8ignc","0.25","OK"
"8igne","0.89","OK"
"8igo3","3.21","OK"
"8igo7","394.64","OK"
"8igox","2.75","OK"
"8igpd","0.00","OK"
"8igpr","0.19","OK"
"8igql","3.14","OK"
"8igqx","0.00","OK"
"8igr1","0.00","OK"
"8igsh","0.00","OK"
"8igsi","0.89","OK"
"8igts","0.25","OK"
"8igv1","100.00","OK"
"8igvd","0.89","OK"
"8igy3","1.17","OK"
"8igyy","225.34","Observation"
"8igz8","2.47","OK"
"8igzo","0.00","OK"
"8igzs","0.00","OK"
"8igzy","0.00","OK"
"8igzz","0.00","OK"
"8ih09","2501.72","Fraud"
"8ih1h","4.67","OK"
"8ih1j","0.00","OK"
"8ih20","2.73","OK"
"8ih2n","0.51","OK"
"8ih3o","0.22","OK"
"8ih4k","0.89","OK"
"8ih6i","0.00","OK"
"8iha2","199.86","Observation"
"8ihab","1.58","OK"
"8ihac","0.16","OK"
"8ihaj","3.47","OK"
"8ihba","79.88","Observation"
"8ihbr","0.00","OK"
"8ihbx","1077.75","OK"
"8ihc4","282.31","OK"
"8ihcj","0.00","OK"
"8ihck","2.14","OK"
"8ihcm","0.00","OK"
"8ihct","0.00","OK"
"8ihcu","0.12","OK"
"8ihd5","1.69","OK"
"8ihdv","21.94","OK"
"8ihe5","124.71","OK"
"8ihhk","0.00","OK"
"8ihij","4.00","OK"
"8ihik","8.51","OK"
"8ihk7","1991.78","Observation"
"8ihkj","0.00","OK"
"8ihkt","101.04","OK"
"8ihl1","0.00","Fraud"
"8ihl9","23.83","OK"
"8ihlr","3.58","OK"
"8ihn7","14.71","OK"
"8ihna","12.28","OK"
"8ihnk","0.07","OK"
"8ihot","4.00","OK"
"8ihpi","94970.32","OK"
"8ihqx","1072.65","OK"
"8ihrz","0.08","OK"
"8ihs5","36.45","OK"
"8ihsd","24.31","OK"
"8ihsp","3.85","OK"
"8ihth","1.14","OK"
"8ihtk","0.00","OK"
"8ihtv","16.12","OK"
"8ihue","0.00","OK"
"8ihuk","0.00","OK"
"8ihup","78.85","OK"
"8ihuv","0.00","OK"
"8ihuy","0.25","OK"
"8ihv1","12.97","OK"
"8ihvb","0.00","OK"
"8ihwi","0.00","OK"
"8ihwm","0.89","OK"
"8ihxc","0.00","OK"
"8ihxl","0.00","OK"
"8ihxp","0.00","OK"
"8ihxy","0.00","OK"
"8ihy6","0.00","OK"
"8ihyb","0.22","OK"
"8ihyi","0.00","OK"
"8ihz5","0.98","OK"
"8ihzv","0.00","OK"
"8ihzw","6.25","OK"
"8ihzy","4.19","OK"
"8ii07","0.89","OK"
"8ii0g","31.66","OK"
"8ii0i","45.58","OK"
"8ii0k","393.19","OK"
"8ii11","7255.33","OK"
"8ii14","5.52","OK"
"8ii1p","0.44","OK"
"8ii1r","137.31","OK"
"8ii26","1612.86","OK"
"8ii2b","130.86","OK"
"8ii2l","0.25","OK"
"8ii2n","0.00","OK"
"8ii3a","11.46","OK"
"8ii4l","0.69","OK"
"8ii4n","0.00","OK"
"8ii4y","0.00","OK"
"8ii58","3.91","OK"
"8ii5a","10.16","OK"
"8ii5u","0.00","OK"
"8ii6o","1.19","OK"
"8ii7u","6806.25","OK"
"8ii9a","54.03","OK"
"8iiai","0.00","OK"
"8iiby","2.00","OK"
"8iic8","0.00","OK"
"8iicn","0.00","OK"
"8iid3","134.21","OK"
"8iid4","11842.93","Fraud"
"8iidh","3.19","OK"
"8iidk","198.55","OK"
"8iidm","404.03","OK"
"8iidn","366.98","OK"
"8iidr","519.82","OK"
"8iie9","0.33","OK"
"8iieo","0.25","OK"
"8iig5","258.74","OK"
"8iigf","0.00","OK"
"8iigk","0.00","OK"
"8iigl","250.45","OK"
"8iigz","23.76","OK"
"8iih9","10.86","OK"
"8iiii","0.00","OK"
"8iiiv","0.00","OK"
"8iij1","0.00","OK"
"8iijd","0.25","OK"
"8iijk","15.97","OK"
"8iijt","358.02","OK"
"8iik1","547.04","OK"
"8iilm","0.00","OK"
"8iim7","0.00","OK"
"8iimi","0.00","OK"
"8iina","324.18","OK"
"8iinm","0.00","OK"
"8iiov","0.11","OK"
"8iiq8","0.00","OK"
"8iiqq","0.00","OK"
"8iir0","204.69","OK"
"8iird","1.25","OK"
"8iitn","0.00","OK"
"8iitu","23.06","OK"
"8iitv","40.67","OK"
"8iivd","54.16","OK"
"8iivr","1.24","OK"
"8iiwo","1.00","OK"
"8iix3","0.00","OK"
"8iixo","8.37","OK"
"8iixv","3.73","OK"
"8iixy","0.75","OK"
"8iixz","0.22","OK"
"8iiy4","75.00","OK"
"8iiyk","13.95","OK"
"8ij00","0.00","OK"
"8ij02","0.58","OK"
"8ij0g","2048.54","OK"
"8ij0y","203.52","OK"
"8ij1v","0.00","OK"
"8ij22","27.06","OK"
"8ij28","0.00","OK"
"8ij2q","24.71","OK"
"8ij2z","7.82","OK"
"8ij34","0.00","OK"
"8ij3p","0.00","OK"
"8ij42","96.37","OK"
"8ij4e","0.00","OK"
"8ij4s","0.00","OK"
"8ij4w","0.75","OK"
"8ij4y","26.09","OK"
"8ij4z","4.69","OK"
"8ij59","667.18","OK"
"8ij5w","595.25","OK"
"8ij62","0.00","OK"
"8ij63","0.08","OK"
"8ij6x","6.81","OK"
"8ij77","0.00","OK"
"8ij7g","0.00","OK"
"8ij8t","0.00","OK"
"8ij92","151.93","OK"
"8ij9m","131.25","OK"
"8ijat","1.17","OK"
"8ijb4","0.74","OK"
"8ijb7","4.04","OK"
"8ijb8","7093.91","OK"
"8ijba","8944.08","OK"
"8ijbf","622.75","OK"
"8ijcm","55.59","OK"
"8ijd3","2.06","OK"
"8ijdf","0.00","OK"
"8ije6","0.64","OK"
"8ijed","0.00","OK"
"8ijei","1.92","OK"
"8ijeq","0.22","OK"
"8ijf6","0.75","OK"
"8ijfb","74.40","OK"
"8ijfd","32.84","OK"
"8ijfl","0.00","OK"
"8ijgn","0.00","OK"
"8ijj1","0.00","OK"
"8ijjb","0.19","OK"
"8ijlc","0.22","OK"
"8ijmb","0.00","OK"
"8ijod","5.93","OK"
"8ijq9","8.00","OK"
"8ijql","64.40","Observation"
"8ijqm","0.25","OK"
"8ijqn","0.00","OK"
"8ijqw","0.25","OK"
"8ijro","15.39","OK"
"8ijs4","0.00","OK"
"8ijsn","1.22","OK"
"8ijsu","0.00","OK"
"8ijtd","0.00","OK"
"8ijub","1.66","OK"
"8ijva","0.00","OK"
"8ijw3","22.93","OK"
"8ijwf","0.22","OK"
"8ijx4","2.22","OK"
"8ijy9","112.67","OK"
"8ijyd","118.38","OK"
"8ijzd","867.29","Observation"
"8ijze","7.06","OK"
"8ijzf","0.00","OK"
"8ijzi","563.87","OK"
"8ijzj","586.27","Fraud"
"8ijzx","2086.27","OK"
"8ik0f","0.00","OK"
"8ik0g","0.00","OK"
"8ik0y","29.56","OK"
"8ik15","0.00","OK"
"8ik16","0.58","OK"
"8ik1o","0.00","OK"
"8ik1t","0.56","OK"
"8ik2b","11.58","OK"
"8ik2u","3.97","OK"
"8ik4w","0.46","OK"
"8ik58","1591.02","OK"
"8ik59","2.24","OK"
"8ik67","0.00","OK"
"8ik6c","1.73","OK"
"8ik6x","0.00","OK"
"8ik7d","22.30","OK"
"8ik7m","0.00","OK"
"8ik7q","0.00","OK"
"8ik9c","2.25","OK"
"8ik9l","0.00","OK"
"8ik9s","3.00","OK"
"8ik9t","1.92","OK"
"8ika3","4.29","OK"
"8ikah","86.09","OK"
"8ikap","0.00","OK"
"8ikaq","1.00","OK"
"8ikb5","192.84","OK"
"8ikba","11.43","OK"
"8ikc8","0.00","OK"
"8ikdj","4.36","OK"
"8ikdw","1.88","OK"
"8ike2","3.21","OK"
"8ikf1","1.25","OK"
"8ikfo","12.50","OK"
"8ikg6","0.08","OK"
"8ikg9","0.00","OK"
"8iki8","0.22","OK"
"8ikip","172.25","OK"
"8ikjp","3.47","OK"
"8iklg","0.00","OK"
"8ikm9","114.11","OK"
"8ikme","7.49","OK"
"8ikmz","0.00","OK"
"8ikn6","30.57","OK"
"8ikna","12.02","OK"
"8ikou","3.07","OK"
"8ikpq","178.09","Observation"
"8ikr4","482.54","OK"
"8iks0","5.23","OK"
"8ikt9","8435.41","Fraud"
"8ikuf","0.00","OK"
"8ikvr","29.39","OK"
"8ikyc","0.00","OK"
"8ikzq","99.97","OK"
"8il0o","54051.21","Fraud"
"8il17","0.00","OK"
"8il1w","417.49","OK"
"8il22","4.44","OK"
"8il2j","0.63","OK"
"8il2x","101.31","OK"
"8il3g","129.26","OK"
"8il3o","0.00","OK"
"8il3v","27.32","OK"
"8il4c","0.85","OK"
"8il4n","106.32","OK"
"8il4r","0.12","OK"
"8il6b","36.04","OK"
"8il79","10.34","OK"
"8il7m","0.00","OK"
"8il8k","0.00","OK"
"8ilbu","37.47","OK"
"8ilbx","6832.13","OK"
"8ilc9","0.00","OK"
"8ildb","0.04","OK"
"8ildi","1334.78","OK"
"8ildn","4.00","OK"
"8ilee","0.00","OK"
"8ilel","0.78","OK"
"8ilf9","59.18","OK"
"8ilff","9.33","OK"
"8ilfu","194.23","OK"
"8ilh8","0.00","OK"
"8ili5","3.69","OK"
"8iljx","2645.77","OK"
"8iljy","22.50","OK"
"8ill4","0.16","OK"
"8ilm3","0.00","OK"
"8ilm4","3.00","OK"
"8ilma","0.22","OK"
"8ilmh","0.25","OK"
"8ilnq","0.00","OK"
"8ilnu","7.26","OK"
"8iloh","0.56","OK"
"8ilok","1662.38","Observation"
"8ilp2","0.14","OK"
"8ilqt","945.79","OK"
"8ils4","0.00","OK"
"8ils9","987.80","Observation"
"8ilu4","0.00","OK"
"8iluh","0.25","OK"
"8iluo","0.00","OK"
"8iluy","20351.64","Observation"
"8ilyg","0.00","OK"
"8ilzp","8.32","OK"
"8ilzu","0.00","OK"
"8im0u","605.45","OK"
"8im11","0.00","OK"
"8im12","0.00","OK"
"8im1a","0.00","OK"
"8im1j","0.00","OK"
"8im29","0.22","OK"
"8im41","34.76","OK"
"8im4f","1463.90","OK"
"8im4k","0.00","OK"
"8im4l","0.00","OK"
"8im50","0.00","OK"
"8im59","4847.39","OK"
"8im6c","2.05","OK"
"8im6t","1812.00","OK"
"8im78","53.61","OK"
"8im90","0.00","OK"
"8im9a","1139.35","OK"
"8imbb","0.00","OK"
"8imcs","1438.61","OK"
"8imd2","42436.08","OK"
"8imdp","0.00","OK"
"8imdt","0.05","OK"
"8ime3","9.17","OK"
"8ime7","25.12","OK"
"8imef","4.00","OK"
"8imfu","0.00","OK"
"8img5","0.00","OK"
"8imgt","811.19","OK"
"8imh7","0.00","OK"
"8imho","0.00","OK"
"8imhp","0.00","OK"
"8imhz","4.64","OK"
"8imi0","0.00","OK"
"8imib","0.46","OK"
"8imik","0.00","OK"
"8imk8","59.84","Observation"
"8imkc","99.21","Observation"
"8imkd","174.16","OK"
"8imko","0.00","OK"
"8immj","10833.24","OK"
"8immk","15.41","OK"
"8immq","0.00","OK"
"8immu","0.14","OK"
"8imna","90.41","OK"
"8imob","256.11","OK"
"8impo","6.18","OK"
"8imqe","166.22","OK"
"8imqn","0.00","OK"
"8imrg","0.00","OK"
"8imrr","21.79","OK"
"8ims6","404.69","Fraud"
"8imt7","0.00","OK"
"8imtk","0.64","OK"
"8imtz","0.00","OK"
"8imu3","0.73","OK"
"8imv2","25.36","OK"
"8imvn","511.50","OK"
"8imvu","0.00","OK"
"8imw6","0.14","OK"
"8imwm","4.07","OK"
"8imwn","7.58","OK"
"8imwx","855.16","OK"
"8imxk","0.00","OK"
"8imxz","0.13","OK"
"8imy8","0.00","OK"
"8imyq","0.00","OK"
"8imyz","1.00","OK"
"8imz2","5.49","OK"
"8imza","14.22","OK"
"8imzd","1153.81","OK"
"8imze","15.18","OK"
"8imzr","45.26","OK"
"8imzv","6.58","OK"
"8in00","0.00","OK"
"8in07","4.00","OK"
"8in0d","420.23","OK"
"8in0q","0.00","OK"
"8in1c","0.84","OK"
"8in1d","5.17","OK"
"8in1s","3807.86","OK"
"8in1t","2209.24","OK"
"8in1y","0.00","OK"
"8in20","0.00","OK"
"8in2d","9.73","OK"
"8in2g","0.00","OK"
"8in34","2.25","OK"
"8in35","9.76","OK"
"8in36","0.00","OK"
"8in3c","912.88","OK"
"8in41","0.00","OK"
"8in43","0.00","OK"
"8in49","0.12","OK"
"8in4e","0.00","OK"
"8in66","5.25","OK"
"8in69","8532.96","OK"
"8in6a","25286.47","OK"
"8in7f","51.89","OK"
"8in80","0.56","OK"
"8in8e","87.30","Fraud"
"8in8l","0.00","OK"
"8in8z","0.00","OK"
"8in9f","0.00","OK"
"8in9m","0.74","OK"
"8ina8","0.00","OK"
"8inag","2.56","OK"
"8inat","0.00","OK"
"8inay","86309.40","OK"
"8inbg","0.00","OK"
"8inca","0.00","OK"
"8incg","0.00","OK"
"8inch","0.00","OK"
"8inck","20.64","OK"
"8ind9","0.00","OK"
"8indc","3.61","OK"
"8inei","50.49","OK"
"8inf7","47.90","OK"
"8ingg","9.07","OK"
"8ings","548.73","OK"
"8inhr","408.87","OK"
"8ini4","18.69","OK"
"8ini5","0.00","OK"
"8inig","2.32","OK"
"8inil","6.12","OK"
"8injc","15.04","OK"
"8injo","1.00","OK"
"8inkd","2.69","OK"
"8inld","0.25","OK"
"8inn7","43.77","OK"
"8ino6","1089.52","OK"
"8inp3","0.47","OK"
"8inrc","21.92","OK"
"8ins1","171.29","OK"
"8insm","4.71","OK"
"8insr","0.00","OK"
"8intf","5.94","OK"
"8inu8","0.64","OK"
"8inum","109.57","OK"
"8invg","0.00","OK"
"8inwd","31.39","OK"
"8inwo","34.04","OK"
"8inwq","11.61","OK"
"8inwx","0.75","OK"
"8inz6","3.69","OK"
"8inz8","93.28","OK"
"8io28","5.36","OK"
"8io3k","0.25","OK"
"8io3v","0.00","OK"
"8io4k","0.00","OK"
"8io4t","0.64","OK"
"8io5j","125.57","OK"
"8io5s","362.47","OK"
"8io79","0.00","OK"
"8io7a","0.25","OK"
"8io8s","28.40","OK"
"8io95","8.86","OK"
"8io9t","1.32","OK"
"8ioac","3.37","OK"
"8ioad","47.12","Observation"
"8ioaf","37.77","OK"
"8iob1","6.85","OK"
"8ioby","0.19","OK"
"8iofb","0.75","OK"
"8iohm","0.00","OK"
"8ioj0","0.00","OK"
"8iok5","0.00","OK"
"8iokr","0.00","OK"
"8ioml","0.00","OK"
"8iomw","0.00","OK"
"8ionb","0.00","OK"
"8ionh","0.00","OK"
"8ionj","0.00","OK"
"8ioo5","0.74","OK"
"8ioo7","1.92","OK"
"8ioov","0.00","OK"
"8ioqe","92.92","OK"
"8ior0","0.22","OK"
"8iory","0.00","OK"
"8iosv","453.01","OK"
"8iot1","104.78","OK"
"8iott","0.00","OK"
"8iou1","1.67","OK"
"8iou5","0.00","OK"
"8iou8","49.72","OK"
"8ioui","0.00","OK"
"8ioul","0.25","OK"
"8iow5","0.00","OK"
"8iowu","27.84","OK"
"8ioyh","0.00","OK"
"8ioyz","0.00","OK"
"8iozi","3.05","OK"
"8ip10","0.25","OK"
"8ip1i","0.00","OK"
"8ip1v","83.50","OK"
"8ip45","4478.10","OK"
"8ip46","0.16","OK"
"8ip4d","6783.53","OK"
"8ip5p","357.73","OK"
"8ip5q","59.48","OK"
"8ip65","0.00","OK"
"8ip71","330.02","Observation"
"8ip85","0.00","OK"
"8ip8o","2.25","OK"
"8ipat","0.19","OK"
"8ipcr","0.12","OK"
"8ipdk","0.00","OK"
"8ipdp","0.00","OK"
"8ipdr","0.00","OK"
"8ipeq","0.75","OK"
"8ipg0","0.00","OK"
"8ipg1","0.19","OK"
"8ipgq","3.05","OK"
"8ipgz","0.00","OK"
"8iph1","0.00","OK"
"8ipif","0.25","OK"
"8ipiu","0.19","OK"
"8ipks","5.81","OK"
"8ipls","39.65","OK"
"8ipm4","3.51","OK"
"8ipn0","0.14","OK"
"8ipoi","0.00","OK"
"8ipoo","114.97","OK"
"8ippe","0.14","OK"
"8ippl","0.00","OK"
"8ipr3","6.26","OK"
"8iprx","0.00","OK"
"8ipxe","18.86","OK"
"8ipxf","0.00","OK"
"8iq0e","78.79","OK"
"8iq0h","0.00","OK"
"8iq0l","50.97","OK"
"8iq0m","0.25","OK"
"8iq0q","1.77","OK"
"8iq0r","4.00","OK"
"8iq11","0.00","OK"
"8iq1n","0.56","OK"
"8iq1z","121.29","Observation"
"8iq22","77.89","OK"
"8iq3b","2.38","OK"
"8iq4r","140.51","OK"
"8iq53","64.28","OK"
"8iq7l","0.00","OK"
"8iq7q","2.74","OK"
"8iq85","2.37","OK"
"8iqbs","0.19","OK"
"8iqd8","0.00","OK"
"8iqde","2.31","OK"
"8iqe6","0.00","OK"
"8iqec","0.00","OK"
"8iqee","0.00","OK"
"8iqez","0.00","OK"
"8iqfg","0.22","OK"
"8iqhl","0.00","OK"
"8iqip","0.00","OK"
"8iqjj","0.00","OK"
"8iqk3","0.49","OK"
"8iqks","0.89","OK"
"8iqni","0.00","OK"
"8iqnn","3.56","OK"
"8iqnv","16070.65","OK"
"8iqp5","0.00","OK"
"8iqqe","0.00","OK"
"8iqr5","0.00","OK"
"8iqsf","0.00","OK"
"8iqsw","0.00","OK"
"8iqtd","0.00","OK"
"8iqth","17.58","OK"
"8iqu0","0.00","OK"
"8iqu4","0.00","OK"
"8iqu5","0.00","OK"
"8iqua","0.00","OK"
"8iqug","358.85","OK"
"8iqur","0.00","OK"
"8iquu","0.00","OK"
"8iqvd","0.00","OK"
"8iqvi","3.36","OK"
"8iqvo","0.00","OK"
"8iqvp","0.64","OK"
"8iqvs","2.25","OK"
"8iqw0","0.00","OK"
"8iqw1","1188.21","OK"
"8iqw2","2.15","OK"
"8iqw6","2862.25","OK"
"8iqw8","75.77","OK"
"8iqw9","12.25","OK"
"8iqwa","67.22","OK"
"8iqwb","0.75","OK"
"8iqwc","17.98","OK"
"8iqwe","0.25","OK"
"8iqwf","0.00","OK"
"8iqwy","0.00","OK"
"8iqx9","6.00","OK"
"8iqxa","14.06","OK"
"8iqxb","0.14","OK"
"8iqxi","0.00","OK"
"8iqym","0.00","OK"
"8iqyw","140.94","OK"
"8iqzc","46.88","OK"
"8iqzg","11.59","OK"
"8iqzh","106.86","OK"
"8iqzi","931.50","OK"
"8iqzk","262.39","OK"
"8iqzl","17.88","OK"
"8iqzm","112.76","OK"
"8iqzn","95.82","OK"
"8iqzo","59.97","OK"
"8iqzp","164.79","OK"
"8iqzs","109.87","OK"
"8iqzu","14.29","OK"
"8iqzw","294.70","OK"
"8iqzz","119.81","OK"
"8ir00","239.86","OK"
"8ir01","396.58","OK"
"8ir05","140.72","Fraud"
"8ir06","83.78","OK"
"8ir07","1853.27","OK"
"8ir09","137.53","OK"
"8ir0d","55.57","OK"
"8ir0f","45.49","OK"
"8ir0i","0.00","OK"
"8ir0v","0.25","OK"
"8ir0z","0.00","OK"
"8ir14","31.99","OK"
"8ir16","67.85","OK"
"8ir1o","0.00","OK"
"8ir25","1.25","OK"
"8ir28","0.00","OK"
"8ir2b","1.11","OK"
"8ir2e","43.27","OK"
"8ir2l","0.00","OK"
"8ir2o","0.00","OK"
"8ir2s","0.00","OK"
"8ir3v","0.82","OK"
"8ir4d","0.00","OK"
"8ir6j","0.00","OK"
"8ir6k","0.00","OK"
"8ir6w","0.19","OK"
"8ir7h","0.00","OK"
"8ir96","57.09","OK"
"8irab","1545.42","OK"
"8irb0","0.35","OK"
"8irbp","340.09","OK"
"8irck","4.00","OK"
"8ircl","53.84","OK"
"8ircq","17.88","OK"
"8ircw","0.00","OK"
"8ircy","0.00","OK"
"8irdq","0.00","OK"
"8irdv","0.00","OK"
"8ire4","0.67","OK"
"8irek","0.00","OK"
"8irgx","0.89","OK"
"8irid","0.00","OK"
"8irih","66.91","OK"
"8iriv","156.22","OK"
"8irjv","2.00","OK"
"8irk4","59.55","OK"
"8irkm","7.19","OK"
"8irl1","0.00","OK"
"8irlc","503.84","OK"
"8irle","34.83","OK"
"8irll","966.37","Observation"
"8irob","25514.00","OK"
"8irot","317.63","OK"
"8irq0","451.13","OK"
"8irqh","0.00","OK"
"8irqi","0.00","OK"
"8irqk","0.00","OK"
"8irr8","0.00","OK"
"8irr9","9.97","OK"
"8irrl","0.00","OK"
"8irrw","0.00","OK"
"8irrx","125.38","Observation"
"8irs5","13.80","OK"
"8irsq","0.00","OK"
"8irsy","1.39","OK"
"8irt8","15.27","OK"
"8irtb","0.00","OK"
"8irtc","0.10","OK"
"8irti","0.56","OK"
"8irtu","0.00","OK"
"8iru0","16.00","OK"
"8iru3","0.00","OK"
"8irui","1.17","OK"
"8iruq","0.00","OK"
"8irvj","86.23","OK"
"8irwu","0.00","OK"
"8irzv","0.00","OK"
"8is01","107.11","OK"
"8is0l","0.35","OK"
"8is1d","4.00","OK"
"8is20","2.34","OK"
"8is2b","165.67","OK"
"8is2k","1496.31","Fraud"
"8is2p","0.25","OK"
"8is30","0.00","OK"
"8is32","0.00","OK"
"8is41","0.00","OK"
"8is47","4.00","OK"
"8is4p","0.00","OK"
"8is4w","48.06","OK"
"8is4x","4.54","OK"
"8is5e","64.87","OK"
"8is5f","0.00","OK"
"8is5h","74.01","Observation"
"8is5o","10.76","OK"
"8is5q","9.66","OK"
"8is5r","4.11","OK"
"8is6u","0.00","OK"
"8is82","488.96","OK"
"8is85","0.00","OK"
"8is87","12.52","OK"
"8is8g","12.54","OK"
"8isas","517.41","OK"
"8isat","778.07","OK"
"8isau","0.00","OK"
"8isbh","2.23","OK"
"8isbo","0.00","OK"
"8isbr","0.00","OK"
"8isbz","25.56","OK"
"8isch","484.31","Observation"
"8iscw","35.06","OK"
"8iscy","48.94","OK"
"8isd4","0.00","OK"
"8isd6","0.00","OK"
"8isdb","10.01","OK"
"8isdq","22.69","OK"
"8ise8","5.00","OK"
"8isei","0.10","OK"
"8ises","73.02","OK"
"8iseu","6.22","OK"
"8isf7","21.94","OK"
"8isfp","0.00","OK"
"8isfs","0.00","OK"
"8isgu","0.56","OK"
"8ish6","209.12","OK"
"8ishk","8.64","OK"
"8ishn","0.89","OK"
"8isi3","0.00","OK"
"8isj3","2594.06","OK"
"8isj9","58.71","OK"
"8isje","1.84","OK"
"8isk1","0.00","OK"
"8isk6","0.00","OK"
"8islr","5.72","OK"
"8isme","0.22","OK"
"8ismw","0.00","OK"
"8isp2","0.00","OK"
"8isrm","33.08","OK"
"8isrt","0.00","OK"
"8issu","17.38","OK"
"8isvf","0.00","OK"
"8isxs","0.25","OK"
"8isxw","0.00","OK"
"8isyx","0.00","OK"
"8isz2","0.56","OK"
"8isz4","0.00","OK"
"8it0b","3.80","OK"
"8it0m","0.00","OK"
"8it0v","0.40","OK"
"8it18","0.89","OK"
"8it2h","430.05","OK"
"8it36","318.76","Fraud"
"8it3p","14.52","OK"
"8it4b","0.00","OK"
"8it51","28.81","OK"
"8it52","11.55","OK"
"8it54","8.98","OK"
"8it55","39.76","OK"
"8it57","0.00","OK"
"8it59","0.16","OK"
"8it5a","1.36","OK"
"8it5b","0.19","OK"
"8it5c","0.89","OK"
"8it5d","4.41","OK"
"8it5e","16.17","OK"
"8it5i","0.98","OK"
"8it5k","3.36","OK"
"8it5n","9.77","OK"
"8it5o","2.25","OK"
"8it5q","2.00","OK"
"8it5r","0.64","OK"
"8it5t","54.08","OK"
"8it63","0.00","OK"
"8it65","0.00","OK"
"8it66","0.00","OK"
"8it6j","0.00","OK"
"8it7k","2.00","OK"
"8it7m","0.00","OK"
"8it7o","0.07","OK"
"8it7p","0.14","OK"
"8it8j","26.18","OK"
"8it8l","0.00","OK"
"8it8q","0.00","OK"
"8it9g","438.92","OK"
"8it9n","0.67","OK"
"8it9p","215.32","OK"
"8it9w","122.16","OK"
"8itaa","2.07","OK"
"8itap","1327.53","Observation"
"8itat","0.00","OK"
"8itb0","6819.10","OK"
"8itb1","6391.10","OK"
"8itcr","1281.79","OK"
"8itcx","0.00","OK"
"8itdr","0.25","OK"
"8itdx","0.00","OK"
"8ite3","1152.73","OK"
"8iteu","0.75","OK"
"8itf4","5.64","OK"
"8itfc","0.00","OK"
"8itgs","6.56","OK"
"8ith0","1.04","OK"
"8ith4","3970.72","OK"
"8ith6","0.00","OK"
"8ithb","0.00","OK"
"8ithf","346.54","Observation"
"8ithn","0.00","OK"
"8ithu","21.30","OK"
"8ithz","0.00","OK"
"8itif","0.00","OK"
"8itio","0.00","OK"
"8itiu","9.02","OK"
"8itj5","23.06","OK"
"8itji","535.82","OK"
"8itk7","8.17","OK"
"8itka","0.00","OK"
"8itkq","0.60","OK"
"8itks","1.96","OK"
"8itkt","20.04","OK"
"8itl2","0.00","OK"
"8itl8","0.00","OK"
"8itla","0.00","OK"
"8itlh","5.87","OK"
"8itli","0.49","OK"
"8itlt","3.74","OK"
"8itly","23.41","OK"
"8itm2","0.00","OK"
"8itme","0.17","OK"
"8itmi","1618.56","OK"
"8itmu","5.82","OK"
"8itnb","0.00","OK"
"8itod","26.31","OK"
"8itoe","1.00","OK"
"8itof","189.80","OK"
"8itop","377.46","OK"
"8itos","0.00","OK"
"8itoz","0.14","OK"
"8itp0","2.20","OK"
"8itpk","25.04","OK"
"8itq3","0.00","OK"
"8itql","0.19","OK"
"8itqs","0.00","OK"
"8itrb","10.79","OK"
"8itre","118.90","OK"
"8itrn","5.33","OK"
"8itro","0.00","OK"
"8itrq","1.79","OK"
"8its6","0.25","OK"
"8itsg","0.00","OK"
"8itsw","0.64","OK"
"8itt6","0.00","OK"
"8ittc","69.74","OK"
"8itth","0.00","OK"
"8ittq","0.00","OK"
"8ittu","0.22","OK"
"8ittv","0.00","OK"
"8ituk","0.00","OK"
"8itvb","0.00","OK"
"8itww","0.00","OK"
"8itx1","17.05","OK"
"8itx5","114.19","OK"
"8itxs","2.22","OK"
"8itxx","1.56","OK"
"8ityd","20.25","OK"
"8itzi","3.06","OK"
"8iu02","0.00","OK"
"8iu0k","1.00","OK"
"8iu23","0.78","OK"
"8iu2c","2735.01","Observation"
"8iu38","0.00","OK"
"8iu3e","20.20","OK"
"8iu3h","194.89","OK"
"8iu4c","84.85","OK"
"8iu57","0.00","OK"
"8iu5r","0.25","OK"
"8iu66","11.97","OK"
"8iu6m","0.00","OK"
"8iu6x","4.00","OK"
"8iu74","0.00","OK"
"8iu76","247.98","Observation"
"8iu77","32.67","OK"
"8iu7b","0.00","OK"
"8iu7d","506.66","OK"
"8iu7w","0.00","OK"
"8iu82","0.00","OK"
"8iua3","7.08","OK"
"8iuan","3106.63","Observation"
"8iuav","0.11","OK"
"8iub1","0.22","OK"
"8iucx","0.00","OK"
"8iufj","46.40","OK"
"8iufr","0.00","OK"
"8iufs","5.81","OK"
"8iufv","0.00","OK"
"8iugo","0.00","OK"
"8iuhr","0.00","OK"
"8iui3","0.00","OK"
"8iuia","2905.54","OK"
"8iuip","0.00","OK"
"8iujq","0.75","OK"
"8iujx","76.13","OK"
"8iukd","0.00","OK"
"8iuls","2.07","OK"
"8ium6","0.00","OK"
"8iumc","8.19","OK"
"8iume","98.46","OK"
"8iumx","1.69","OK"
"8iun9","221.03","OK"
"8iuna","0.19","OK"
"8iunk","0.00","OK"
"8iuo8","845.10","OK"
"8iuok","4.45","OK"
"8iuqb","0.00","OK"
"8iuqh","10.65","OK"
"8iuqk","996.04","OK"
"8iuqp","0.00","OK"
"8iuqv","0.00","OK"
"8iurr","0.49","OK"
"8iuuw","0.00","OK"
"8iuv4","6.81","OK"
"8iuv6","6.58","OK"
"8iuv8","2.20","OK"
"8iuv9","310.25","OK"
"8iuva","0.04","OK"
"8iuwa","0.00","OK"
"8iuxg","0.25","OK"
"8iuxk","0.00","OK"
"8iuxq","2.89","OK"
"8iuy6","0.00","OK"
"8iuyv","38.24","OK"
"8iv07","0.14","OK"
"8iv0i","0.00","OK"
"8iv0s","0.00","OK"
"8iv0x","19.22","OK"
"8iv1g","0.00","OK"
"8iv1m","0.14","OK"
"8iv1x","7.02","OK"
"8iv2t","0.00","OK"
"8iv3o","0.00","OK"
"8iv48","0.00","OK"
"8iv4d","0.00","OK"
"8iv4h","0.00","OK"
"8iv4j","11.86","OK"
"8iv58","0.00","OK"
"8iv5f","0.00","OK"
"8iv5p","0.00","OK"
"8iv65","10.07","OK"
"8iv6j","5.84","OK"
"8iv7e","46.12","OK"
"8iv7j","197.49","OK"
"8iv8i","0.00","OK"
"8iv9n","473.28","OK"
"8ivbf","2620.67","Observation"
"8ivbn","48.31","OK"
"8ivbx","0.00","OK"
"8ivcn","0.00","OK"
"8ivdi","38.10","OK"
"8ivdx","3.04","OK"
"8ive3","2.22","OK"
"8ive5","0.00","OK"
"8ivea","34.14","OK"
"8iveg","4.23","OK"
"8ivf6","2.53","OK"
"8ivfj","0.00","OK"
"8ivfk","1404.62","OK"
"8ivge","0.00","OK"
"8ivhg","0.00","OK"
"8ivhr","30.51","OK"
"8ivir","13384.89","OK"
"8iviz","0.00","OK"
"8ivj4","0.00","OK"
"8ivjv","813.12","OK"
"8ivkm","0.00","OK"
"8ivkn","308.46","OK"
"8ivlh","4035.31","Fraud"
"8ivlp","26.85","Observation"
"8ivm9","0.00","OK"
"8ivmk","1.33","OK"
"8ivnj","0.00","OK"
"8ivnk","0.24","OK"
"8ivnx","0.00","OK"
"8ivny","0.00","OK"
"8ivo7","54.83","OK"
"8ivof","178.39","OK"
"8ivp6","0.00","OK"
"8ivpt","0.00","OK"
"8ivpv","854.09","OK"
"8ivql","0.00","OK"
"8ivsv","0.00","OK"
"8ivsx","112.76","OK"
"8ivti","8.38","OK"
"8ivtm","0.19","OK"
"8ivtv","0.00","OK"
"8ivwj","364.31","OK"
"8ivwr","6.22","OK"
"8ivwv","1.69","OK"
"8ivxp","0.00","OK"
"8ivy4","6.26","OK"
"8ivy5","0.00","OK"
"8ivyc","6.56","OK"
"8ivyu","0.00","OK"
"8iw0a","0.00","OK"
"8iw0n","0.21","OK"
"8iw0r","8210.62","OK"
"8iw1f","1.85","OK"
"8iw1v","0.00","OK"
"8iw21","0.00","OK"
"8iw29","1.28","OK"
"8iw31","0.00","OK"
"8iw3u","0.00","OK"
"8iw46","5.00","OK"
"8iw4a","0.00","OK"
"8iw55","0.00","OK"
"8iw5p","6.00","OK"
"8iw5r","0.00","OK"
"8iw6k","0.00","OK"
"8iw6v","0.00","OK"
"8iw7e","6.91","OK"
"8iw7i","10.73","OK"
"8iw84","4.69","OK"
"8iw9s","10.17","OK"
"8iwaa","0.00","OK"
"8iwac","0.00","OK"
"8iwag","0.00","OK"
"8iwak","0.19","OK"
"8iwau","0.00","OK"
"8iwav","0.00","OK"
"8iwbt","0.00","OK"
"8iwe6","3.56","OK"
"8iweh","0.00","OK"
"8iwf2","0.00","OK"
"8iwfs","1.06","OK"
"8iwg3","5.68","OK"
"8iwh3","5.76","OK"
"8iwhf","0.00","OK"
"8iwhh","0.00","OK"
"8iwhi","20.71","OK"
"8iwid","4531.88","OK"
"8iwii","6.83","OK"
"8iwj3","0.00","OK"
"8iwjs","1.15","OK"
"8iwky","0.00","OK"
"8iwl4","12.52","OK"
"8iwl5","4.51","OK"
"8iwmb","1263.03","OK"
"8iwn7","0.00","OK"
"8iwnh","0.25","OK"
"8iwo2","311.87","OK"
"8iwos","36.55","Fraud"
"8iwp2","117.25","Fraud"
"8iwp3","148.05","OK"
"8iwpy","0.00","OK"
"8iwq4","4.87","OK"
"8iwq6","0.00","OK"
"8iwqm","0.12","OK"
"8iwqv","0.00","OK"
"8iwrl","9.36","OK"
"8iwrx","4.53","OK"
"8iws2","1.73","OK"
"8iws4","0.00","OK"
"8iws7","3.60","OK"
"8iwsa","0.00","OK"
"8iwsc","1.24","OK"
"8iwu7","31.74","OK"
"8iwug","1.56","OK"
"8iwv8","26.23","OK"
"8iwvi","0.00","OK"
"8iwvl","38.38","OK"
"8iwx5","4.75","OK"
"8iwxs","0.00","OK"
"8iwxv","1.83","OK"
"8iwy8","388.42","OK"
"8iwz0","0.00","OK"
"8ix09","0.00","OK"
"8ix0c","0.00","OK"
"8ix2h","80.65","OK"
"8ix3h","0.00","OK"
"8ix6h","0.00","OK"
"8ix6p","108002.96","Fraud"
"8ix86","0.00","OK"
"8ix89","0.00","OK"
"8ixdk","0.00","OK"
"8ixgd","28.32","OK"
"8ixgl","0.33","OK"
"8ixl3","0.27","OK"
"8ixly","0.10","OK"
"8ixlz","41.89","OK"
"8ixoq","175.48","OK"
"8ixor","538.36","OK"
"8ixp4","0.00","OK"
"8ixq4","7005.11","OK"
"8ixq5","12702.44","OK"
"8ixs1","9.24","OK"
"8ixsd","4711.32","OK"
"8ixue","0.00","OK"
"8ixuj","0.00","OK"
"8ixvg","49.45","OK"
"8ixvu","414.29","OK"
"8ixy5","0.00","OK"
"8ixzl","0.00","OK"
"8ixzs","1470.42","OK"
"8ixzt","289.14","OK"
"8iy03","2557.57","OK"
"8iy0v","852.22","Observation"
"8iy1m","0.00","OK"
"8iy36","20.28","OK"
"8iy4x","0.00","OK"
"8iy5g","1602.56","OK"
"8iy6x","0.00","OK"
"8iy7x","2.40","OK"
"8iy9b","0.10","OK"
"8iyb9","1.10","OK"
"8iyc8","740.26","OK"
"8iydk","0.00","OK"
"8iyea","0.00","OK"
"8iyfx","3.38","OK"
"8iyi9","36.55","OK"
"8iyj6","11.57","OK"
"8iyo2","0.00","OK"
"8iysb","39.03","OK"
"8iyvp","320.39","OK"
"8iywe","0.00","OK"
"8iyxe","8.66","OK"
"8iz0o","0.00","OK"
"8iz1c","757.61","OK"
"8iz2a","138.60","OK"
"8iz2c","69.57","OK"
"8iz2e","34.96","OK"
"8iz2m","52.93","OK"
"8iz2n","205.57","OK"
"8iz48","24.64","OK"
"8iz6y","1.36","OK"
"8iz7h","0.19","OK"
"8iz7i","4907.62","OK"
"8iz80","0.00","OK"
"8iz8t","0.00","OK"
"8iz91","65.06","OK"
"8izah","11.25","OK"
"8izak","0.00","OK"
"8izam","0.00","OK"
"8izan","0.00","OK"
"8izao","0.00","OK"
"8izar","2.00","OK"
"8izau","8.06","OK"
"8izav","6.89","OK"
"8izaw","0.20","OK"
"8izay","0.00","OK"
"8izbp","0.00","OK"
"8izbt","6.97","OK"
"8ize1","0.00","OK"
"8izgi","0.00","OK"
"8izjs","0.00","OK"
"8izkp","0.00","OK"
"8izlr","4.00","OK"
"8iznj","529.67","OK"
"8izot","0.00","OK"
"8izpa","85.74","OK"
"8izsa","0.00","OK"
"8izt5","730.35","Observation"
"8izt6","1428.60","Observation"
"8iztc","41.78","OK"
"8iztd","1.69","OK"
"8iztj","16.65","OK"
"8izts","0.00","OK"
"8izu7","0.00","OK"
"8izv8","5.56","OK"
"8izwb","23.03","OK"
"8izwe","107.66","Fraud"
"8izxr","15.09","OK"
"8izzv","31.60","OK"
"8j00e","5.51","OK"
"8j01d","0.22","OK"
"8j029","0.00","OK"
"8j07i","9.06","OK"
"8j07s","1.16","OK"
"8j085","0.00","OK"
"8j08y","3391.83","OK"
"8j094","0.00","OK"
"8j096","6.00","OK"
"8j09p","0.14","OK"
"8j0a9","30.95","OK"
"8j0ao","0.28","OK"
"8j0b4","460.28","OK"
"8j0b5","788.09","OK"
"8j0bs","59.68","OK"
"8j0bz","0.00","OK"
"8j0da","1.75","OK"
"8j0dl","0.00","OK"
"8j0eq","8.08","OK"
"8j0fj","152.31","OK"
"8j0g9","2.21","OK"
"8j0h6","0.00","OK"
"8j0hb","61.45","OK"
"8j0j9","2.34","OK"
"8j0m9","0.00","OK"
"8j0mk","2.86","OK"
"8j0mw","29.16","OK"
"8j0n4","46.47","OK"
"8j0ov","130.97","OK"
"8j0oz","0.00","OK"
"8j0pl","1176.30","Fraud"
"8j0py","0.00","OK"
"8j0qc","44.96","OK"
"8j0qr","0.00","OK"
"8j0su","0.14","OK"
"8j0tb","0.14","OK"
"8j0tg","1.25","OK"
"8j0w1","2217.33","Observation"
"8j0wb","1.79","OK"
"8j0ww","99.10","OK"
"8j0x3","253.55","OK"
"8j0x9","1808.95","Observation"
"8j0z9","0.00","OK"
"8j10c","202462.35","OK"
"8j11k","2.56","OK"
"8j121","12.55","OK"
"8j12n","0.71","OK"
"8j15b","7.06","OK"
"8j16r","0.75","OK"
"8j18g","0.64","OK"
"8j197","23.19","OK"
"8j19d","32.89","OK"
"8j19f","1154.16","OK"
"8j19x","4565.88","OK"
"8j1a0","216.00","OK"
"8j1a1","1979.25","OK"
"8j1a2","152.91","OK"
"8j1a3","0.44","OK"
"8j1a6","8.96","OK"
"8j1a7","7.64","OK"
"8j1aj","666.67","OK"
"8j1di","2.44","OK"
"8j1fp","0.22","OK"
"8j1h7","0.25","OK"
"8j1j6","1.56","OK"
"8j1lc","51.33","OK"
"8j1od","620.02","OK"
"8j1pb","39.68","OK"
"8j1pd","757.12","OK"
"8j1q5","0.00","OK"
"8j1qi","0.00","OK"
"8j1rc","0.89","OK"
"8j1s7","0.00","OK"
"8j1se","14.27","OK"
"8j1so","0.79","OK"
"8j1sp","0.28","OK"
"8j1sw","2304.00","OK"
"8j1t4","79.28","OK"
"8j1ti","2275.09","OK"
"8j1u4","0.64","OK"
"8j1u5","10.29","OK"
"8j1uw","2.25","OK"
"8j1x0","0.24","OK"
"8j1xv","1.78","OK"
"8j1y0","0.00","OK"
"8j1y6","0.19","OK"
"8j20z","285.10","OK"
"8j22j","0.11","OK"
"8j22t","2.56","OK"
"8j23z","0.50","OK"
"8j240","0.00","OK"
"8j24h","0.00","OK"
"8j26k","27.79","OK"
"8j279","9.30","OK"
"8j27p","0.14","OK"
"8j295","0.25","OK"
"8j29y","0.36","OK"
"8j2b6","19.14","OK"
"8j2b9","13.16","OK"
"8j2dz","0.00","OK"
"8j2e0","3895.35","OK"
"8j2e9","0.00","OK"
"8j2er","0.89","OK"
"8j2f8","0.27","OK"
"8j2hf","24.91","Observation"
"8j2i2","28.00","OK"
"8j2ix","2906.22","Observation"
"8j2kd","0.00","OK"
"8j2ki","0.00","OK"
"8j2li","0.00","OK"
"8j2m4","1964.37","Observation"
"8j2nt","8.88","OK"
"8j2pr","24.54","OK"
"8j2r9","19.10","OK"
"8j2s6","908.82","OK"
"8j2s7","2641.79","OK"
"8j2td","165.82","OK"
"8j2to","0.00","OK"
"8j2tr","0.00","OK"
"8j2uy","165.53","Fraud"
"8j2z5","4.51","OK"
"8j2zn","0.00","OK"
"8j307","3.68","OK"
"8j30b","2.61","OK"
"8j30i","0.00","OK"
"8j30r","58.47","Fraud"
"8j311","4.58","OK"
"8j319","0.00","OK"
"8j31t","174.02","Observation"
"8j31u","6.44","OK"
"8j326","0.00","OK"
"8j329","0.00","OK"
"8j32k","7.31","OK"
"8j32l","5.56","OK"
"8j32m","49.65","OK"
"8j34p","0.64","OK"
"8j368","973.50","Observation"
"8j369","511.46","Observation"
"8j36c","0.00","OK"
"8j36d","1697.18","Observation"
"8j36e","1617.00","OK"
"8j36f","11.84","OK"
"8j36t","1527.60","OK"
"8j38c","0.00","OK"
"8j398","0.00","OK"
"8j39n","43.10","OK"
"8j39x","223.11","OK"
"8j3e7","0.00","OK"
"8j3ej","1.61","OK"
"8j3fg","5.75","OK"
"8j3fs","4.41","OK"
"8j3gw","20186.16","OK"
"8j3j2","0.00","OK"
"8j3kg","20.90","OK"
"8j3l0","0.00","OK"
"8j3ln","0.00","OK"
"8j3nw","1.69","OK"
"8j3oy","0.00","OK"
"8j3th","0.00","OK"
"8j3u4","20.59","OK"
"8j3xi","240.57","OK"
"8j3xm","0.00","OK"
"8j3z1","0.00","OK"
"8j3zu","20.92","OK"
"8j416","226.86","OK"
"8j41t","0.00","OK"
"8j42p","0.00","OK"
"8j437","0.22","OK"
"8j43i","0.00","OK"
"8j46c","1335.87","OK"
"8j470","0.00","OK"
"8j49w","14.31","OK"
"8j4ap","0.00","OK"
"8j4ch","149.76","OK"
"8j4dw","0.00","OK"
"8j4fc","42.30","OK"
"8j4fe","3.00","OK"
"8j4gq","1679.40","OK"
"8j4gr","17400.64","OK"
"8j4hv","0.00","OK"
"8j4li","1.73","OK"
"8j4mp","133.41","OK"
"8j4nq","0.89","OK"
"8j4o3","0.00","OK"
"8j4og","0.22","OK"
"8j4pk","3.94","OK"
"8j4pp","992.38","OK"
"8j4qz","868.26","OK"
"8j4sj","0.00","OK"
"8j4tc","10.83","OK"
"8j4tl","0.00","OK"
"8j4tm","0.00","OK"
"8j4uo","248.45","OK"
"8j4uq","2.39","OK"
"8j4v5","13.34","OK"
"8j4vg","1.79","OK"
"8j4vj","0.00","OK"
"8j4ye","47.99","OK"
"8j507","356.59","OK"
"8j510","0.00","OK"
"8j51f","482.01","Observation"
"8j522","0.65","OK"
"8j523","20.16","OK"
"8j52r","24.34","OK"
"8j53q","8.00","OK"
"8j53t","273.10","OK"
"8j54k","0.00","OK"
"8j54x","0.00","OK"
"8j55y","50793.99","OK"
"8j55z","59273.58","OK"
"8j57g","0.22","OK"
"8j59e","0.17","OK"
"8j5a2","1.90","OK"
"8j5an","292.28","OK"
"8j5bx","179.51","OK"
"8j5cg","51.11","OK"
"8j5d0","166.78","OK"
"8j5dj","100.19","OK"
"8j5dk","0.25","OK"
"8j5dn","0.00","OK"
"8j5ey","0.19","OK"
"8j5f7","0.46","OK"
"8j5fu","46.93","OK"
"8j5gg","413.93","OK"
"8j5gh","1542.48","OK"
"8j5gi","285.41","OK"
"8j5gj","629.52","OK"
"8j5h0","0.00","OK"
"8j5hb","0.00","OK"
"8j5hx","0.00","OK"
"8j5ig","0.00","OK"
"8j5ix","5.36","OK"
"8j5lq","1.69","OK"
"8j5lt","22313.56","OK"
"8j5n1","0.00","OK"
"8j5n8","0.25","OK"
"8j5ne","0.00","OK"
"8j5oc","0.00","OK"
"8j5od","0.35","OK"
"8j5ol","0.00","OK"
"8j5qz","0.00","OK"
"8j5r6","130.42","OK"
"8j5rx","0.00","OK"
"8j5t5","3.94","OK"
"8j5wq","0.00","OK"
"8j5xt","0.00","OK"
"8j5zr","0.14","OK"
"8j5zs","0.08","OK"
"8j5zz","1782.20","OK"
"8j603","0.07","OK"
"8j60b","15.61","OK"
"8j60m","11.84","OK"
"8j60q","0.00","OK"
"8j62o","0.00","OK"
"8j62v","2.07","OK"
"8j638","31.62","OK"
"8j64i","6.25","OK"
"8j65y","384.56","OK"
"8j67b","12.45","OK"
"8j67c","13.55","OK"
"8j696","406.34","OK"
"8j69h","0.00","OK"
"8j69s","0.00","OK"
"8j6ac","2.44","OK"
"8j6ae","22.69","OK"
"8j6b8","0.00","OK"
"8j6em","459.80","OK"
"8j6en","41.42","OK"
"8j6eq","0.00","OK"
"8j6es","8191.63","OK"
"8j6f7","4.83","OK"
"8j6fg","35.13","OK"
"8j6go","13.50","OK"
"8j6he","4.83","OK"
"8j6jw","5.88","OK"
"8j6mc","0.00","OK"
"8j6nz","0.12","OK"
"8j6oi","630.07","OK"
"8j6p7","0.00","OK"
"8j6pj","0.25","OK"
"8j6pm","226.65","OK"
"8j6ze","0.00","OK"
"8j6zf","610.41","OK"
"8j70l","16.08","OK"
"8j72c","2.00","OK"
"8j732","0.00","OK"
"8j73t","1959.14","OK"
"8j76o","454.13","OK"
"8j77b","92.09","OK"
"8j78u","1394.46","OK"
"8j79o","87.66","OK"
"8j7ao","0.00","OK"
"8j7ba","0.00","OK"
"8j7ct","0.40","OK"
"8j7dc","0.00","OK"
"8j7ia","0.00","OK"
"8j7ic","0.00","OK"
"8j7iy","0.11","OK"
"8j7jh","0.08","OK"
"8j7mj","0.00","OK"
"8j7si","0.00","OK"
"8j7t8","10.28","OK"
"8j7tm","573.77","Fraud"
"8j7tt","0.19","OK"
"8j7xq","9.81","OK"
"8j7yi","0.00","OK"
"8j7yr","328.49","OK"
"8j80q","5.76","OK"
"8j82j","2.56","OK"
"8j839","0.00","OK"
"8j83j","27.67","OK"
"8j83r","0.00","OK"
"8j83y","0.19","OK"
"8j87g","30.06","OK"
"8j87i","3.56","OK"
"8j8b5","0.25","OK"
"8j8bn","0.00","OK"
"8j8bu","0.16","OK"
"8j8eb","0.00","OK"
"8j8eo","0.00","OK"
"8j8et","0.17","OK"
"8j8gw","0.00","OK"
"8j8h8","0.00","OK"
"8j8ho","35.45","OK"
"8j8hq","0.00","OK"
"8j8hr","0.00","OK"
"8j8i3","13.91","OK"
"8j8j4","6.02","OK"
"8j8jd","961.96","OK"
"8j8jg","0.00","OK"
"8j8k3","0.00","OK"
"8j8mt","0.21","OK"
"8j8mz","111.25","OK"
"8j8o4","639.14","OK"
"8j8op","2.42","OK"
"8j8or","0.00","OK"
"8j8ou","0.00","OK"
"8j8q3","0.16","OK"
"8j8rh","0.00","OK"
"8j8sa","0.00","OK"
"8j8se","8.98","OK"
"8j8sf","38.10","OK"
"8j8sv","117.01","OK"
"8j8t2","106.90","OK"
"8j8tf","3.01","OK"
"8j8u2","25.58","OK"
"8j8wj","0.00","OK"
"8j8yz","242.25","OK"
"8j8zb","16.55","OK"
"8j90l","0.00","OK"
"8j90q","0.12","OK"
"8j92i","121.03","OK"
"8j94o","0.00","OK"
"8j94s","0.00","OK"
"8j94z","4.71","OK"
"8j95g","0.25","OK"
"8j967","88.76","OK"
"8j9a2","0.66","OK"
"8j9a5","2.56","OK"
"8j9aa","0.12","OK"
"8j9d9","98.34","OK"
"8j9eq","0.03","OK"
"8j9ey","0.00","OK"
"8j9ge","0.00","OK"
"8j9h2","0.00","OK"
"8j9h9","0.00","OK"
"8j9i6","2730.38","OK"
"8j9i7","105.70","OK"
"8j9i9","1108.59","OK"
"8j9jc","0.00","OK"
"8j9m9","96.83","OK"
"8j9ml","7.10","OK"
"8j9o0","297.15","OK"
"8j9p4","272.92","Observation"
"8j9pe","17.81","OK"
"8j9q3","1.92","OK"
"8jb5v","0.00","OK"
"8jc3s","234.85","OK"
"8jc5o","6.75","OK"
"8jc8u","0.00","OK"
"8jc8v","12561.47","OK"
"8jccm","40.96","OK"
"8jcez","2.00","OK"
"8jcfz","0.00","OK"
"8jcgp","28.69","OK"
"8jch5","12.37","OK"
"8jchh","21.24","OK"
"8jciv","4.56","OK"
"8jclv","1756.29","OK"
"8jcoh","0.00","OK"
"8jcru","2.69","OK"
"8jcuw","0.00","OK"
"8jg20","317.04","OK"
"8jg2a","0.16","OK"
"8jg49","0.00","OK"
"8jg5r","0.80","OK"
"8jg82","0.00","OK"
"8jg8w","0.00","OK"
"8jg9s","13.69","OK"
"8jgac","4.09","OK"
"8jgbu","918.61","OK"
"8jgcj","18.73","OK"
"8jgcw","7.57","OK"
"8jgel","0.00","OK"
"8jgf3","0.00","OK"
"8jgg3","44.81","OK"
"8jggg","0.00","OK"
"8jgk9","0.00","OK"
"8jgkk","12.80","Observation"
"8jgl8","0.00","OK"
"8jgls","41.02","OK"
"8jgok","0.00","OK"
"8jgq9","0.00","OK"
"8jgqa","14.18","OK"
"8jgqb","163.63","OK"
"8jgqr","0.00","OK"
"8jgt1","1.44","OK"
"8jgts","0.43","OK"
"8jgu2","0.00","OK"
"8jgul","6.37","OK"
"8jgvx","0.00","OK"
"8jh5s","0.00","OK"
"8jh5u","0.00","OK"
"8jh5v","0.00","OK"
"8jh60","0.00","OK"
"8jh7b","37.56","OK"
"8jh9c","21.99","OK"
"8jhbl","88.96","OK"
"8jhcs","0.00","OK"
"8jhct","0.00","OK"
"8jhdz","0.06","OK"
"8jhep","0.80","OK"
"8jhfv","7294.37","OK"
"8jhge","22.34","OK"
"8jhgj","0.00","OK"
"8jhgx","2013.41","OK"
"8jhh0","57.13","OK"
"8jhi5","0.25","OK"
"8jhis","0.00","OK"
"8jhit","0.59","OK"
"8jhle","0.00","OK"
"8jhlw","0.25","OK"
"8jhmk","0.00","OK"
"8jhnz","108.88","OK"
"8jhou","30.23","OK"
"8jhp2","2.14","OK"
"8jhsv","0.00","OK"
"8jhtq","0.00","OK"
"8jhw3","24.90","OK"
"8jhw9","0.00","OK"
"8jhyg","0.14","OK"
"8ji11","0.16","OK"
"8ji1d","0.22","OK"
"8ji1k","2699.85","OK"
"8ji1l","16926.91","OK"
"8ji1s","3.64","OK"
"8ji1u","88.56","Observation"
"8ji2e","0.00","OK"
"8ji49","7.03","OK"
"8ji4k","787.77","OK"
"8ji4m","12.89","OK"
"8ji4n","9.17","OK"
"8ji60","0.00","OK"
"8ji8h","36.35","OK"
"8ji8l","0.00","OK"
"8ji9t","0.00","OK"
"8jiak","0.00","OK"
"8jiam","0.00","OK"
"8jian","0.22","OK"
"8jibl","3.68","OK"
"8jibp","0.00","OK"
"8jict","17.47","OK"
"8jid2","0.00","OK"
"8jiex","90.97","OK"
"8jif4","0.00","OK"
"8jifa","0.16","OK"
"8jiff","28.10","OK"
"8jigh","14.36","OK"
"8jik8","0.00","OK"
"8jil2","0.49","OK"
"8jim2","0.00","OK"
"8jin3","1.79","OK"
"8jior","223.51","OK"
"8jisx","75.84","OK"
"8jith","0.25","OK"
"8jiu2","0.00","OK"
"8jiuc","17.17","OK"
"8jiwm","0.00","OK"
"8jiy2","17.21","OK"
"8jiy8","0.19","OK"
"8jiz8","0.25","OK"
"8jj05","0.00","OK"
"8jj1n","166.89","OK"
"8jj1s","0.00","OK"
"8jj35","0.00","OK"
"8jj3f","0.00","OK"
"8jj6m","5.48","OK"
"8jj7t","12875.93","OK"
"8jj80","0.00","OK"
"8jj96","0.00","OK"
"8jj9d","8.86","OK"
"8jjao","143.57","Observation"
"8jjap","1074.86","OK"
"8jjc5","13241.97","OK"
"8jjds","31.06","OK"
"8jjhc","0.00","OK"
"8jjji","25763.98","OK"
"8jjo9","112.38","OK"
"8jjph","0.00","OK"
"8jjs6","300.12","Fraud"
"8jjsg","341.92","OK"
"8jjve","12.81","OK"
"8jjvh","0.00","OK"
"8jjxl","0.22","OK"
"8jk01","245.15","OK"
"8jk02","39.37","OK"
"8jk0d","179.17","Fraud"
"8jk15","847.35","OK"
"8jk1x","626.89","OK"
"8jk3i","181.52","OK"
"8jk4m","12074.33","OK"
"8jk57","65.34","OK"
"8jk7c","0.00","OK"
"8jk8e","0.25","OK"
"8jk8g","86953.43","OK"
"8jk8n","0.00","OK"
"8jka2","0.89","OK"
"8jkce","0.19","OK"
"8jkdf","232.57","OK"
"8jkdr","81.67","OK"
"8jkea","99570.81","OK"
"8jkec","311.04","OK"
"8jked","1233.81","OK"
"8jkfd","588.84","OK"
"8jkff","21.78","OK"
"8jkh1","1167.94","Observation"
"8jkhu","0.00","OK"
"8jkhv","0.00","OK"
"8jkij","5130.19","OK"
"8jkk9","0.00","OK"
"8jkmi","2.27","OK"
"8jkof","12.87","OK"
"8jkor","114.97","OK"
"8jkp0","4478.02","OK"
"8jkp1","14403.43","OK"
"8jkqn","6.41","OK"
"8jkrj","4.69","OK"
"8jks4","4.06","OK"
"8jksm","17.46","OK"
"8jkt3","0.00","OK"
"8jktn","592.71","OK"
"8jku2","0.00","OK"
"8jkul","1361.81","OK"
"8jkv1","42.67","OK"
"8jkv9","17.89","OK"
"8jkve","17.13","OK"
"8jkwc","5357.68","OK"
"8jkwu","3.74","OK"
"8jky9","334.22","OK"
"8jl02","13.23","OK"
"8jl05","123.52","OK"
"8jl0l","8950.66","OK"
"8jl0o","0.00","OK"
"8jl1o","11.22","OK"
"8jl1u","23.86","OK"
"8jl23","0.53","OK"
"8jl39","0.00","OK"
"8jl3n","35.08","OK"
"8jl3y","41.57","Fraud"
"8jl43","15.76","OK"
"8jl4l","0.24","OK"
"8jl61","21.27","OK"
"8jl6e","362.97","OK"
"8jl7q","615.82","OK"
"8jla6","77.55","OK"
"8jlad","0.00","OK"
"8jlah","0.00","OK"
"8jlc5","73.00","OK"
"8jli0","14592.64","OK"
"8jlic","3.20","OK"
"8jlii","152.57","OK"
"8jlis","11629.69","OK"
"8jljk","0.00","OK"
"8jljl","0.00","OK"
"8jljm","6.75","OK"
"8jljq","0.12","OK"
"8jljr","361587.59","OK"
"8jlju","4.82","OK"
"8jlk3","528.92","OK"
"8jlkt","120.23","OK"
"8jlms","8.51","OK"
"8jlmv","0.71","OK"
"8jlmz","0.00","OK"
"8jln6","36.68","OK"
"8jlnl","5.29","OK"
"8jlos","2276.07","OK"
"8jlpw","5194.67","OK"
"8jlpz","3.57","OK"
"8jlr2","0.00","OK"
"8jlru","0.00","OK"
"8jlt1","842.02","OK"
"8jlu6","7141.54","Fraud"
"8jlus","307.71","OK"
"8jlyt","0.00","OK"
"8jlzr","103.36","OK"
"8jm0h","0.00","OK"
"8jm0y","0.00","OK"
"8jm18","10.00","OK"
"8jm4d","41.76","OK"
"8jm4h","31697.84","OK"
"8jm4p","0.00","OK"
"8jm4v","442.70","OK"
"8jm5b","2.17","OK"
"8jm5w","1467.58","OK"
"8jm90","673.46","OK"
"8jm9p","307.01","OK"
"8jmbn","0.00","OK"
"8jmch","6640.38","OK"
"8kuma","0.00","OK"
"8kump","65.29","OK"
"8kumu","2058.87","Fraud"
"8kun0","0.25","OK"
"8kun1","62.12","OK"
"8kun5","1.22","Fraud"
"8kuno","0.00","OK"
"8kunr","4.61","OK"
"8kunx","119.29","OK"
"8kuo4","0.00","OK"
"8kuo5","83.93","OK"
"8kuov","4.67","OK"
"8kuph","0.00","OK"
"8kupw","0.00","OK"
"8kupz","0.00","OK"
"8kuq2","0.07","OK"
"8kuqa","72.72","OK"
"8kuqd","8.69","OK"
"8kuql","6.22","OK"
"8kuro","4.00","OK"
"8kus3","114.57","OK"
"8kus9","412.57","OK"
"8kusa","1092.33","OK"
"8kusb","556.00","OK"
"8kusi","0.00","OK"
"8kusr","1.14","OK"
"8kuti","0.00","OK"
"8kuto","0.00","OK"
"8kutv","0.00","OK"
"8kuuh","0.00","OK"
"8kuv3","0.00","OK"
"8kuv8","0.00","OK"
"8kuv9","91.01","Observation"
"8kuva","39.75","OK"
"8kuvb","2116.07","Fraud"
"8kuvj","41.90","OK"
"8kuvn","0.06","OK"
"8kuvt","55136.16","OK"
"8kuvy","0.00","OK"
"8kux8","3.33","OK"
"8kuxa","16801.42","Observation"
"8kuxc","0.00","OK"
"8kuxg","0.00","OK"
"8kuxh","2.25","OK"
"8kuxi","0.00","OK"
"8kuxj","64.22","OK"
"8kuxk","0.00","OK"
"8kuxp","0.00","OK"
"8kuy3","0.00","OK"
"8kuy4","0.00","OK"
"8kuy9","0.00","OK"
"8kuyg","1490.97","OK"
"8kuyp","0.00","OK"
"8kuys","20.92","OK"
"8kuze","1.69","OK"
"8kuzg","11.76","OK"
"8kuzj","50.22","OK"
"8kuzl","0.07","OK"
"8kv08","0.00","OK"
"8kv0e","5.95","OK"
"8kv0o","0.67","OK"
"8kv0s","598.48","Observation"
"8kv3c","0.91","OK"
"8kv3v","47.63","Fraud"
"8kv42","0.00","OK"
"8kv4a","0.67","OK"
"8kv4d","0.00","OK"
"8kv4k","3.00","OK"
"8kv4v","137.57","OK"
"8kv4x","0.00","OK"
"8kv5a","0.00","OK"
"8kv5w","7083.36","Fraud"
"8kv5y","0.00","OK"
"8kv6q","0.00","OK"
"8kv6v","1212.80","Fraud"
"8kv6y","7.49","OK"
"8kv74","65.94","OK"
"8kv77","0.89","OK"
"8kv7n","2101.06","Fraud"
"8kv7x","1774.25","Fraud"
"8kv80","0.00","OK"
"8kv8i","0.00","OK"
"8kv8s","2.93","OK"
"8kv90","160.79","OK"
"8kv97","33.20","OK"
"8kv9a","13.00","OK"
"8kv9b","2.24","OK"
"8kvad","18.13","OK"
"8kvas","124.33","OK"
"8kvax","54.16","OK"
"8kvb3","0.00","OK"
"8kvbe","0.00","OK"
"8kvbi","0.00","OK"
"8kvc4","0.00","OK"
"8kvc7","117.56","OK"
"8kvc8","0.00","OK"
"8kvcs","0.00","OK"
"8kvct","0.00","OK"
"8kvdh","0.14","OK"
"8kve7","15.42","OK"
"8kvec","31.58","OK"
"8kven","5.63","OK"
"8kveo","183.70","OK"
"8kveq","4.34","OK"
"8kvey","0.00","OK"
"8kvfl","0.00","OK"
"8kvfn","0.00","OK"
"8kvfr","179.39","OK"
"8kvg3","0.00","OK"
"8kvgc","0.00","OK"
"8kvgp","0.00","OK"
"8kvgr","0.00","OK"
"8kvgs","4.81","OK"
"8kvh1","0.33","OK"
"8kvh9","0.22","OK"
"8kvhd","1.22","OK"
"8kvhi","1134.79","OK"
"8kvhp","1.00","OK"
"8kvhz","0.00","OK"
"8kvie","1.00","OK"
"8kvil","0.14","OK"
"8kvim","80.42","OK"
"8kviw","44.21","OK"
"8kvj1","37.86","OK"
"8kvjl","0.00","OK"
"8kvkh","0.00","OK"
"8kvkj","0.56","OK"
"8kvkq","9.07","OK"
"8kvkw","110.28","OK"
"8kvl0","43.36","OK"
"8kvl1","16.61","OK"
"8kvl2","339.17","OK"
"8kvl6","79.00","OK"
"8kvl7","139.80","OK"
"8kvl8","0.00","OK"
"8kvlp","23.54","OK"
"8kvlq","0.11","OK"
"8kvm0","65.69","OK"
"8kvm1","16.55","OK"
"8kvm2","57.99","OK"
"8kvm6","0.00","OK"
"8kvm7","0.00","OK"
"8kvma","0.00","OK"
"8kvmd","0.00","OK"
"8kvmf","33.41","OK"
"8kvmo","0.22","OK"
"8kvmr","47.28","OK"
"8kvna","476.18","OK"
"8kvnb","5.40","Observation"
"8kvnu","0.22","OK"
"8kvo1","359.20","OK"
"8kvos","0.16","OK"
"8kvot","0.81","OK"
"8kvpb","37.84","OK"
"8kvpc","18.69","OK"
"8kvpe","1.36","OK"
"8kvpg","0.00","OK"
"8kvpr","0.00","OK"
"8kvpw","13.87","OK"
"8kvq0","2.34","OK"
"8kvqh","22.08","OK"
"8kvqm","8.59","OK"
"8kvqp","1.00","OK"
"8kvr5","0.00","OK"
"8kvr9","0.00","OK"
"8kvrh","0.00","OK"
"8kvrr","0.00","OK"
"8kvry","0.00","OK"
"8kvs0","14.49","OK"
"8kvs1","0.00","OK"
"8kvs9","4.22","OK"
"8kvsu","7.06","OK"
"8kvtr","0.00","OK"
"8kvtw","0.00","OK"
"8kvty","130.95","OK"
"8kvu3","0.00","OK"
"8kvu7","6.75","OK"
"8kvug","596.82","OK"
"8kvuh","2.22","OK"
"8kvv2","53.49","Observation"
"8kvv3","0.00","OK"
"8kvv4","71.47","OK"
"8kvv6","280.34","OK"
"8kvv7","15.23","OK"
"8kvv8","0.00","OK"
"8kvvd","79.44","OK"
"8kvvh","15.84","Observation"
"8kvxs","0.00","OK"
"8kvy3","0.00","OK"
"8kvyf","7.53","OK"
"8kvyo","61.53","OK"
"8kvyr","3.21","OK"
"8kvzp","0.00","OK"
"8kw03","0.00","OK"
"8kw0f","1462.79","Observation"
"8kw0n","5.00","OK"
"8kw15","1.00","OK"
"8kw19","61.61","OK"
"8kw1q","35.65","OK"
"8kw28","0.00","OK"
"8kw2n","0.00","OK"
"8kw39","0.00","OK"
"8kw3g","168.08","OK"
"8kw4u","1.00","OK"
"8kw4v","262.85","Fraud"
"8kw4x","0.44","OK"
"8kw4z","612.45","OK"
"8kw53","0.64","OK"
"8kw5p","0.00","OK"
"8kw5u","758.54","Fraud"
"8kw6d","0.22","OK"
"8kw70","0.00","OK"
"8kwzo","441.00","OK"
"8kwzv","2.60","OK"
"8kwzx","13832.00","Fraud"
"8kwzy","58.89","OK"
"8kx0a","0.00","OK"
"8kx0h","5.56","OK"
"8kx0o","614.28","OK"
"8kx0y","0.00","OK"
"8kx17","0.25","OK"
"8kx19","19.99","OK"
"8kx1q","0.00","OK"
"8kx1z","0.00","Observation"
"8kx21","0.00","OK"
"8kx25","2.25","OK"
"8kx29","0.00","OK"
"8kx2a","0.00","OK"
"8kx2d","55.35","Fraud"
"8kx2g","0.00","OK"
"8kx2r","1.69","OK"
"8kx2u","4020.44","Fraud"
"8kx2w","576.00","OK"
"8kx31","2273.85","OK"
"8kx33","0.00","OK"
"8kx37","13.75","OK"
"8kx3a","16.22","OK"
"8kx3b","0.19","OK"
"8kx3c","0.00","OK"
"8kx3f","62.15","OK"
"8kx3i","0.00","OK"
"8kx3q","39.75","OK"
"8kx3r","0.00","OK"
"8kx47","0.00","OK"
"8kx4j","0.25","OK"
"8kx5a","0.00","OK"
"8kx5c","5.29","OK"
"8kx5g","0.39","OK"
"8kx5q","0.00","Observation"
"8kx6b","0.00","Observation"
"8kx86","0.00","Observation"
"8kxdu","9.73","OK"
"8kxe3","0.22","OK"
"8kxee","299.07","OK"
"8kxef","0.00","OK"
"8kxel","0.00","Fraud"
"8kxem","0.00","Fraud"
"8kxep","0.00","OK"
"8kxer","57.34","OK"
"8kxev","0.00","OK"
"8kxew","0.00","OK"
"8kxez","0.00","OK"
"8kxf2","0.00","OK"
"8kxf4","10.11","OK"
"8kxfb","13.31","OK"
"8kxfu","0.00","OK"
"8kxgk","0.75","OK"
"8kxgm","24.25","OK"
"8kxgs","10550.07","Fraud"
"8kxgt","1071.35","OK"
"8kxgu","60.46","OK"
"8kxgv","6514.45","Fraud"
"8kxgy","36.00","OK"
"8kxhd","0.00","OK"
"8kxhn","2.39","OK"
"8kxhp","0.00","OK"
"8kxhq","0.00","OK"
"8kxij","0.00","Fraud"
"8kxik","2.25","OK"
"8kxim","0.00","OK"
"8kxj4","1.69","OK"
"8kxj8","0.00","OK"
"8kxjw","94.08","OK"
"8kxjy","43.14","OK"
"8kxkx","13607.35","Observation"
"8kxl2","0.00","OK"
"8kxl3","2893.47","Fraud"
"8kxla","22.80","OK"
"8kxlk","122.94","OK"
"8kxll","865.80","OK"
"8kxlo","13.45","OK"
"8kxlp","3830.25","OK"
"8kxlq","36.32","OK"
"8kxlr","344.24","OK"
"8kxlt","11484.08","OK"
"8kxlv","5168.46","Fraud"
"8kxly","51790.99","Fraud"
"8kxm0","22.00","OK"
"8kxm9","1011.86","OK"
"8kxmh","952.35","Fraud"
"8kxml","28.69","OK"
"8kxmm","0.00","OK"
"8kxmo","3.06","OK"
"8kxn2","0.00","OK"
"8kxn5","4.25","OK"
"8kxnk","1.19","OK"
"8kxnl","0.00","OK"
"8kxnm","19838.00","Fraud"
"8kxnn","2918.22","Observation"
"8kxnw","1.18","OK"
"8kxo5","0.00","OK"
"8kxoj","59.65","Observation"
"8kxom","530.58","OK"
"8kxor","0.16","OK"
"8kxos","0.25","OK"
"8kxox","1.96","OK"
"8kxoy","46.70","Fraud"
"8kxp5","0.00","OK"
"8kxpa","0.00","OK"
"8kxpd","7.56","OK"
"8kxpq","175.04","OK"
"8kxpv","0.00","OK"
"8kxq6","127.46","OK"
"8kxqd","306.25","OK"
"8kxqf","0.00","OK"
"8kxqj","673.11","OK"
"8kxqk","9963.52","Observation"
"8kxqm","160.00","OK"
"8kxqw","44.96","OK"
"8kxr9","197.04","Observation"
"8kxrb","55.51","Observation"
"8kxrc","0.00","OK"
"8kxre","424.78","Observation"
"8kxri","3.90","OK"
"8kxrj","5.50","OK"
"8kxrs","240.25","OK"
"8kxtp","19.99","OK"
"8kxvk","47.90","OK"
"8kxxf","106.93","OK"
"8kxzn","0.00","OK"
"8kxzu","124.26","OK"
"8ky0g","0.00","OK"
"8ky0o","0.00","OK"
"8ky15","0.80","OK"
"8ky18","0.00","OK"
"8ky1v","1.22","OK"
"8ky22","62.56","OK"
"8ky2b","0.25","OK"
"8ky2f","3.56","OK"
"8ky2l","0.00","OK"
"8ky2n","0.00","OK"
"8ky46","8.11","OK"
"8ky4j","1.63","OK"
"8ky4k","39.36","OK"
"8ky4n","2.25","OK"
"8ky4r","0.00","OK"
"8ky4x","0.00","OK"
"8ky50","0.00","OK"
"8ky5c","5.84","OK"
"8ky5s","0.00","OK"
"8ky6d","0.00","OK"
"8ky6h","7086.00","Fraud"
"8ky6n","16288.22","Fraud"
"8ky6u","16.00","OK"
"8ky6v","84.96","OK"
"8ky77","0.00","OK"
"8ky8n","0.58","OK"
"8ky8r","0.00","OK"
"8ky93","0.19","OK"
"8ky9n","0.00","OK"
"8kyao","0.00","OK"
"8kyb9","0.00","OK"
"8kybc","0.25","OK"
"8kybl","615.11","OK"
"8kybu","0.00","OK"
"8kyc0","0.00","OK"
"8kycf","0.00","OK"
"8kycw","34.50","OK"
"8kydv","235.01","Fraud"
"8kygk","1.16","OK"
"8kygl","0.25","OK"
"8kygo","0.00","OK"
"8kygq","53.10","OK"
"8kygz","0.00","OK"
"8kyhj","0.00","OK"
"8kyiq","6.00","OK"
"8kyjt","3.84","OK"
"8kyk5","46.21","OK"
"8kyka","0.00","OK"
"8kyl4","24.62","OK"
"8kyl5","0.00","OK"
"8kyld","7.65","OK"
"8kymr","0.25","OK"
"8kynd","0.10","OK"
"8kynk","0.00","OK"
"8kyov","417.85","Fraud"
"8kyow","0.89","OK"
"8kyoy","0.00","OK"
"8kyp1","448.82","OK"
"8kyp7","0.00","OK"
"8kyp8","0.14","OK"
"8kypd","7.60","OK"
"8kypr","1.31","OK"
"8kyqu","0.00","OK"
"8kyre","0.00","OK"
"8kysj","0.16","OK"
"8kyss","0.00","OK"
"8kytg","0.00","OK"
"8kyu8","4.00","OK"
"8kyvb","3695.39","OK"
"8kyvg","0.00","OK"
"8kyvt","0.00","OK"
"8kyvw","11.48","OK"
"8kyw0","0.64","OK"
"8kyw6","0.00","OK"
"8kywb","47.19","OK"
"8kywm","0.00","OK"
"8kywq","0.00","OK"
"8kywy","185.61","OK"
"8kyxs","0.00","OK"
"8kyxz","0.00","OK"
"8kyyv","0.31","OK"
"8kyz1","26.89","OK"
"8kyzp","78582.60","OK"
"8kz2d","0.00","OK"
"8kz2e","0.00","OK"
"8kz2y","0.00","OK"
"8kz4p","0.00","OK"
"8kz5j","0.22","OK"
"8kz64","14.83","OK"
"8kz6l","0.00","OK"
"8kz6p","383.45","Fraud"
"8kz6r","0.00","OK"
"8kz74","0.00","OK"
"8kz7h","0.00","OK"
"8kz7i","0.00","OK"
"8kz7z","6.00","OK"
"8kz81","0.21","OK"
"8kz84","76.16","OK"
"8kz8a","2.58","OK"
"8kz9c","1.22","OK"
"8kz9e","0.11","OK"
"8kz9f","991.53","OK"
"8kz9k","0.00","OK"
"8kz9x","0.00","OK"
"8kzaf","0.00","OK"
"8kzbb","25388.47","OK"
"8kzbg","2.93","OK"
"8kzd5","0.22","OK"
"8kzds","6.75","OK"
"8kzen","3.46","OK"
"8kzep","7.87","OK"
"8kzer","2.20","OK"
"8kzes","0.00","OK"
"8kzf2","0.00","OK"
"8kzf5","0.00","OK"
"8kzfo","19.91","OK"
"8kzgc","0.00","OK"
"8kzgf","0.25","OK"
"8kzhr","0.11","OK"
"8kzhu","0.00","OK"
"8kzhz","1.92","OK"
"8kzi1","0.25","OK"
"8kzi5","0.00","OK"
"8kzjk","9.20","Fraud"
"8kzjq","0.89","OK"
"8kzjy","0.25","OK"
"8kzkc","0.19","OK"
"8kzkl","10.64","OK"
"8kzkp","0.22","OK"
"8kzkq","0.00","OK"
"8kzl3","0.00","OK"
"8kzl6","0.00","OK"
"8kzlb","0.00","OK"
"8kzll","18.55","OK"
"8kzlm","0.00","OK"
"8kzm1","228.18","Fraud"
"8kzmh","0.00","OK"
"8kzmx","0.00","OK"
"8kzmy","3.54","OK"
"8kzna","647.25","OK"
"8kznn","633.69","OK"
"8kznw","27.81","OK"
"8kzo4","0.12","OK"
"8kzom","0.00","OK"
"8kzpi","0.64","OK"
"8kzq3","0.00","OK"
"8kzqd","211.03","OK"
"8kzqe","0.22","OK"
"8kzqo","0.00","OK"
"8kzr4","3.36","OK"
"8kzr5","11.41","OK"
"8kzr6","7.02","OK"
"8kzr7","13.98","OK"
"8kzr9","6.14","OK"
"8kzss","7.62","OK"
"8kzst","3.85","OK"
"8kzsu","6.90","OK"
"8kzt1","5062.63","OK"
"8kztj","0.00","OK"
"8kztp","0.00","OK"
"8kztq","38.54","OK"
"8kzu3","0.14","OK"
"8kzuk","7.25","OK"
"8kzv1","62.71","OK"
"8kzvn","1020.12","OK"
"8kzw1","13.39","OK"
"8kzwc","1.96","OK"
"8kzwu","21.37","OK"
"8kzx6","0.80","OK"
"8kzxc","3.23","OK"
"8kzxk","44.86","OK"
"8kzxo","12.25","OK"
"8kzxz","235135.44","OK"
"8kzy2","0.00","OK"
"8kzy5","166.52","OK"
"8kzyi","724.34","Observation"
"8kzyz","0.00","OK"
"8l004","0.00","OK"
"8l00g","8671.82","OK"
"8l00h","133.50","Fraud"
"8l00x","0.22","OK"
"8l014","1.00","OK"
"8l01a","0.58","OK"
"8l01b","0.00","OK"
"8l01g","14.86","OK"
"8l01w","0.00","OK"
"8l01y","3.97","OK"
"8l029","0.25","OK"
"8l02e","0.00","OK"
"8l02g","0.00","OK"
"8l02m","0.00","OK"
"8l02n","0.00","OK"
"8l02t","1.35","OK"
"8l02x","3.05","OK"
"8l03g","0.00","OK"
"8l03j","18.36","OK"
"8l046","0.00","OK"
"8l04m","3.85","OK"
"8l04x","318.25","OK"
"8l04z","17.32","OK"
"8l050","229.36","OK"
"8l051","352.75","OK"
"8l052","297.56","OK"
"8l053","271.36","OK"
"8l05k","2.00","OK"
"8l05l","110.93","OK"
"8l05z","0.00","OK"
"8l061","6.53","OK"
"8l063","3.77","OK"
"8l06b","0.00","OK"
"8l071","24.38","OK"
"8l07i","92.75","OK"
"8l07n","0.22","OK"
"8l07q","0.00","OK"
"8l07t","0.00","OK"
"8l08l","0.00","OK"
"8l09b","639.61","OK"
"8l0a0","21.91","OK"
"8l0aq","2.07","OK"
"8l0b4","37.82","OK"
"8l0bl","209.75","Observation"
"8l0bm","30.25","OK"
"8l0c2","5.45","OK"
"8l0ca","285.12","OK"
"8l0cx","42.25","OK"
"8l0e4","11.24","OK"
"8l0f6","1.19","OK"
"8l0fs","0.00","OK"
"8l0fv","0.00","OK"
"8l0fx","0.00","OK"
"8l0gr","18.82","OK"
"8l0ho","0.19","OK"
"8l0i4","0.00","OK"
"8l0io","6.22","OK"
"8l0iu","4.81","OK"
"8l0iv","4.24","OK"
"8l0j8","0.00","OK"
"8l0jf","5.27","OK"
"8l0k0","0.00","OK"
"8l0k9","0.00","OK"
"8l0l8","0.00","OK"
"8l0lh","2.06","OK"
"8l0lm","0.00","OK"
"8l0lv","0.64","OK"
"8l0m2","0.00","OK"
"8l0m9","14.62","OK"
"8l0mw","0.00","OK"
"8l0n5","6.25","OK"
"8l0ng","0.00","OK"
"8l0nw","8.00","OK"
"8l0p1","5.40","OK"
"8l0p8","0.00","OK"
"8l0q6","1696.53","Fraud"
"8l0r9","0.00","OK"
"8l0rb","71.57","Fraud"
"8l0rp","33.86","OK"
"8l0rq","299.80","OK"
"8l0rr","10.36","OK"
"8l0sm","499.67","OK"
"8l0sw","0.22","OK"
"8l0t1","7.09","OK"
"8l0t3","0.00","OK"
"8l0t6","1.10","OK"
"8l0td","0.00","OK"
"8l0ty","0.00","OK"
"8l0u5","0.22","OK"
"8l0uu","6.90","OK"
"8l0v8","6262.08","Observation"
"8l0v9","157026.73","OK"
"8l0w0","0.00","OK"
"8l0wx","39.05","OK"
"8l0wz","0.19","OK"
"8l0x3","169.22","OK"
"8l0x4","0.00","OK"
"8l0x9","0.00","OK"
