"partnerid","MaxSameCntrCount","status"
"8i7uk","23","OK"
"8i7ux","96","OK"
"8i7va","5","OK"
"8i7vb","8","OK"
"8i7vf","2","OK"
"8i7vp","2912","OK"
"8i7vq","933","OK"
"8i7vz","158","OK"
"8i7w2","92","OK"
"8i7wb","93","OK"
"8i7wi","1289","OK"
"8i7wr","1344","OK"
"8i7wv","163","OK"
"8i7xd","340","Observation"
"8i7yy","3","OK"
"8i7z7","77","OK"
"8i7zf","2","OK"
"8i7zk","1137","OK"
"8i7zl","1581","OK"
"8i804","7","OK"
"8i806","460","OK"
"8i80a","479","OK"
"8i80j","2","OK"
"8i81d","13","OK"
"8i81i","4","OK"
"8i828","2775","OK"
"8i82g","10","OK"
"8i82r","3","OK"
"8i82x","2","OK"
"8i830","2","OK"
"8i833","37","OK"
"8i83a","1","OK"
"8i83y","1","OK"
"8i84n","17","OK"
"8i84o","19","OK"
"8i84w","1","OK"
"8i85v","62","OK"
"8i86i","1","OK"
"8i88w","28","OK"
"8i89m","2","OK"
"8i8ar","5","OK"
"8i8bx","21","OK"
"8i8cj","1","OK"
"8i8do","2","OK"
"8i8e5","50","OK"
"8i8e7","1","OK"
"8i8ef","9","OK"
"8i8en","3","OK"
"8i8fk","9","OK"
"8i8fm","144","Observation"
"8i8fn","12","OK"
"8i8fq","36","OK"
"8i8ft","18","OK"
"8i8g3","1","OK"
"8i8go","284","Observation"
"8i8gu","1","OK"
"8i8gx","1","OK"
"8i8gz","1","OK"
"8i8h2","2","OK"
"8i8h7","338","Fraud"
"8i8hw","8","OK"
"8i8ih","2","OK"
"8i8is","162","OK"
"8i8iv","13","OK"
"8i8j2","44","OK"
"8i8jl","2","OK"
"8i8k3","8","OK"
"8i8kg","1","OK"
"8i8ku","7","OK"
"8i8le","4","OK"
"8i8lx","1","OK"
"8i8m6","320","OK"
"8i8mq","4","OK"
"8i8mr","2","OK"
"8i8n6","9","OK"
"8i8no","55","OK"
"8i8nq","1","OK"
"8i8nr","987","OK"
"8i8oh","1","OK"
"8i8p1","22","OK"
"8i8pz","1","OK"
"8i8q4","36","OK"
"8i8qk","3","OK"
"8i8qn","1","OK"
"8i8rs","1","OK"
"8i8s9","1","OK"
"8i8t2","2","OK"
"8i8tt","117","Observation"
"8i8tw","1","OK"
"8i8u1","2","OK"
"8i8u7","1","OK"
"8i8u8","65","OK"
"8i8ub","27","OK"
"8i8ui","3","OK"
"8i8wd","6","OK"
"8i8xq","101","OK"
"8i8ye","2923","OK"
"8i8yi","7","OK"
"8i8yn","22","OK"
"8i8yu","38","OK"
"8i8z4","168","OK"
"8i8zd","4","OK"
"8i8ze","62","OK"
"8i8zi","7","OK"
"8i903","25","OK"
"8i90i","1","OK"
"8i90k","1063","Fraud"
"8i90m","559","OK"
"8i91i","940","OK"
"8i922","2413","OK"
"8i92t","1527","OK"
"8i92u","1","OK"
"8i930","456","Observation"
"8i932","4","OK"
"8i936","240","OK"
"8i93o","12","OK"
"8i93q","182","OK"
"8i941","84","OK"
"8i949","181","OK"
"8i94e","1","OK"
"8i94n","1","OK"
"8i94y","73","OK"
"8i95z","29","OK"
"8i969","214","OK"
"8i96u","70","OK"
"8i96x","7","OK"
"8i98h","4","OK"
"8i99h","8","OK"
"8i9a2","1","OK"
"8i9at","12","OK"
"8i9aw","597","OK"
"8i9b4","2","OK"
"8i9bj","14","OK"
"8i9bm","299","OK"
"8i9bs","7","OK"
"8i9bw","7","OK"
"8i9bx","11","OK"
"8i9cn","27","OK"
"8i9co","28","OK"
"8i9cr","23","OK"
"8i9d0","5","OK"
"8i9d1","1","OK"
"8i9d5","48","OK"
"8i9da","220","OK"
"8i9db","1","OK"
"8i9dg","1","OK"
"8i9dp","1","OK"
"8i9dv","11","OK"
"8i9e1","1","OK"
"8i9e9","95","OK"
"8i9ed","1","OK"
"8i9eg","1","OK"
"8i9eq","3","OK"
"8i9f0","3","OK"
"8i9fl","3","OK"
"8i9fv","1","OK"
"8i9g2","47","OK"
"8i9gl","1","OK"
"8i9h8","1","OK"
"8i9hj","1","OK"
"8i9hm","107","OK"
"8i9hn","25","OK"
"8i9ht","435","OK"
"8i9hu","517","OK"
"8i9hw","2","OK"
"8i9hx","596","OK"
"8i9hz","1","OK"
"8i9i1","2729","OK"
"8i9i3","3648","OK"
"8i9i4","27","OK"
"8i9i5","651","Observation"
"8i9i7","113","OK"
"8i9i9","37","OK"
"8i9ia","707","OK"
"8i9ib","17","OK"
"8i9ic","318","OK"
"8i9id","165","OK"
"8i9ie","83","OK"
"8i9ig","859","OK"
"8i9ih","131","OK"
"8i9ii","1808","Observation"
"8i9ij","60","OK"
"8i9ik","459","OK"
"8i9im","518","OK"
"8i9in","1024","OK"
"8i9ip","5","OK"
"8i9j4","1691","OK"
"8i9j6","18461","Observation"
"8i9jf","2","OK"
"8i9jg","446","OK"
"8i9ji","19","OK"
"8i9jj","504","OK"
"8i9jr","2","OK"
"8i9kq","49","OK"
"8i9ky","1","OK"
"8i9nd","1","OK"
"8i9ng","14","OK"
"8i9np","86","OK"
"8i9os","1","OK"
"8i9ot","337","OK"
"8i9p1","4","OK"
"8i9p3","9","OK"
"8i9p4","3","OK"
"8i9p7","14","OK"
"8i9p8","6","OK"
"8i9pt","2","OK"
"8i9q6","6","OK"
"8i9ql","4936","OK"
"8i9qu","50","OK"
"8i9s9","242","OK"
"8i9sm","4","OK"
"8i9t0","3","OK"
"8i9tt","16","OK"
"8i9u6","4","OK"
"8i9vn","357","OK"
"8i9ws","88","Fraud"
"8i9xb","40","OK"
"8i9z5","60","OK"
"8i9z6","7","OK"
"8i9z7","2","OK"
"8i9zb","52","OK"
"8i9zp","262","OK"
"8i9zy","4","OK"
"8ia0j","17","OK"
"8ia0n","22","OK"
"8ia11","11","OK"
"8ia16","159","OK"
"8ia19","5","OK"
"8ia1e","9","OK"
"8ia25","1","OK"
"8ia51","10","OK"
"8ia54","1","OK"
"8ia62","7","OK"
"8ia6z","44","OK"
"8ia7h","8","OK"
"8ia7p","35","OK"
"8ia7z","1","OK"
"8ia80","671","OK"
"8ia8k","1","OK"
"8ia8u","33","OK"
"8ia99","4","OK"
"8ia9b","39","OK"
"8ia9d","1","OK"
"8ia9m","58","OK"
"8ia9n","1","OK"
"8iaa6","1","OK"
"8iaar","10","OK"
"8iaay","46","OK"
"8iaaz","11","OK"
"8iab9","53","OK"
"8iabd","23","OK"
"8iabk","6","OK"
"8iabp","39","OK"
"8iac5","1","OK"
"8iac6","302","OK"
"8iact","23","OK"
"8iadk","24","OK"
"8iadn","1","OK"
"8iadr","9431","Observation"
"8iadt","1522","OK"
"8iae2","1","OK"
"8iae4","1","OK"
"8iaeq","1","OK"
"8iafg","59","OK"
"8iafi","78","OK"
"8iagk","83","OK"
"8iagn","1","OK"
"8iagp","8","OK"
"8iagv","7","OK"
"8iah0","4","OK"
"8iaim","1","OK"
"8iaj2","188","OK"
"8iajv","1","OK"
"8iak0","42","OK"
"8iaks","5","OK"
"8ial7","1","OK"
"8ialk","2","OK"
"8ialy","309","OK"
"8iam0","13","OK"
"8iam4","11","OK"
"8iamd","3932","Observation"
"8iaml","2","OK"
"8iaob","2","OK"
"8iaps","2","OK"
"8iaqk","2","OK"
"8iaqp","10","OK"
"8iaqy","1","OK"
"8iar6","5","OK"
"8iark","11","OK"
"8iaru","19","OK"
"8iasq","6","OK"
"8iasz","126","Observation"
"8iata","34","OK"
"8iatv","188","OK"
"8iau4","39","OK"
"8iau5","25","OK"
"8iau7","30","OK"
"8iauu","1852","OK"
"8iavq","996","OK"
"8iavx","127","OK"
"8iawe","1","OK"
"8iawh","25","OK"
"8iaxa","3","OK"
"8iaxj","17709","Fraud"
"8iayy","1","OK"
"8iazm","593","OK"
"8ib0l","264","OK"
"8ib0m","1","OK"
"8ib12","16","OK"
"8ib14","5","OK"
"8ib16","193","OK"
"8ib1i","1","OK"
"8ib1j","1","OK"
"8ib1t","11","OK"
"8ib1v","3","OK"
"8ib1x","1","OK"
"8ib25","24","OK"
"8ib26","11","OK"
"8ib2d","1","OK"
"8ib2w","8","OK"
"8ib34","2","OK"
"8ib46","2","OK"
"8ib4v","2","OK"
"8ib4y","8","OK"
"8ib4z","338","OK"
"8ib56","1610","OK"
"8ib5i","1923","OK"
"8ib63","2","OK"
"8ib6f","3","OK"
"8ib6i","5","OK"
"8ib6x","203","OK"
"8ib7h","26","OK"
"8ib7i","1","OK"
"8ib9m","1","OK"
"8ib9o","3","OK"
"8ib9v","2","OK"
"8ibah","1068","OK"
"8ibam","1","OK"
"8ibay","1","OK"
"8ibbr","19","OK"
"8ibbv","1","OK"
"8ibcb","1","OK"
"8ibcv","15","OK"
"8ibdg","74","OK"
"8ibdl","6","OK"
"8ibdm","1408","OK"
"8iber","2","OK"
"8ibf5","1","OK"
"8ibfa","1","OK"
"8ibg2","21","OK"
"8ibg6","1","OK"
"8ibgj","6","OK"
"8ibgo","4","OK"
"8ibgx","45","OK"
"8ibhn","7","OK"
"8ibid","4","OK"
"8ibiw","4","OK"
"8ibjf","119","OK"
"8ibjo","30","OK"
"8ibke","1","OK"
"8ibkr","804","Fraud"
"8ibl1","1","OK"
"8ibmd","2","OK"
"8ibmq","1","OK"
"8ibmx","3","OK"
"8ibn2","1","OK"
"8ibnz","2","OK"
"8ibo7","2","OK"
"8ibop","3","OK"
"8ibp0","52","OK"
"8ibp7","2","OK"
"8ibp9","17","OK"
"8ibpi","2","OK"
"8ibr7","1","OK"
"8ibt9","8","OK"
"8ibtd","1","OK"
"8ibub","1","OK"
"8ibug","103","OK"
"8ibum","37","OK"
"8ibup","250","OK"
"8ibv4","1286","OK"
"8ibw8","459","OK"
"8ibxb","56","OK"
"8ic07","26","OK"
"8ic0m","520","OK"
"8ic0y","20","OK"
"8ic1s","10","OK"
"8ic1t","101","OK"
"8ic1x","1","OK"
"8ic26","190","OK"
"8ic2e","3","OK"
"8ic2q","3","OK"
"8ic3a","13","OK"
"8ic3g","1","OK"
"8ic3o","17","OK"
"8ic3r","1","OK"
"8ic3w","4","OK"
"8ic46","23","OK"
"8ic4i","23","OK"
"8ic4v","289","OK"
"8ic50","1","OK"
"8ic51","6","OK"
"8ic55","2","OK"
"8ic56","1870","OK"
"8ic59","1","OK"
"8ic5b","10","OK"
"8ic6b","48","OK"
"8ic6d","9","OK"
"8ic6r","1","OK"
"8ic78","1","OK"
"8ic7z","2","OK"
"8ic8g","3","OK"
"8ic9a","2","OK"
"8ic9l","13","OK"
"8ic9r","2","OK"
"8ica0","22","OK"
"8icam","6","OK"
"8icaw","21","OK"
"8icb3","2","OK"
"8icb9","1","OK"
"8icbb","18","OK"
"8iccd","58","OK"
"8iccn","53","OK"
"8icdb","113","OK"
"8icdj","4","OK"
"8ice8","286","OK"
"8icee","17","OK"
"8icef","34","OK"
"8icfc","1","OK"
"8icfe","4214","Observation"
"8icff","1387","Observation"
"8icfm","1","OK"
"8icgh","2","OK"
"8ich8","1","OK"
"8ichd","338","OK"
"8ichj","8","OK"
"8ichk","238","OK"
"8ichs","1","OK"
"8ichw","11","OK"
"8icia","123","OK"
"8icim","13","OK"
"8icin","1443","OK"
"8icix","1","OK"
"8icoz","3","OK"
"8icp7","179","OK"
"8icq7","6","OK"
"8ictc","9","OK"
"8ictf","1","OK"
"8ictz","56","OK"
"8icu9","14","OK"
"8icuy","28","OK"
"8icv3","1","OK"
"8icvc","10","OK"
"8icwe","4","OK"
"8icx6","1","OK"
"8icxc","4","OK"
"8icxd","2","OK"
"8icxf","6","OK"
"8icxl","53","OK"
"8icyy","4","OK"
"8icz2","56","OK"
"8iczh","422","Fraud"
"8id02","732","OK"
"8id03","145","OK"
"8id0y","3","OK"
"8id0z","23","OK"
"8id1a","8","OK"
"8id2f","1","OK"
"8id2s","2","OK"
"8id2w","11","OK"
"8id2z","10","OK"
"8id56","1","OK"
"8id57","139","OK"
"8id5b","3","OK"
"8id5p","539","Fraud"
"8id6y","881","OK"
"8id6z","7","OK"
"8id7o","72","OK"
"8id7z","1","OK"
"8id89","4","OK"
"8id8z","1","OK"
"8id9y","31","OK"
"8ida1","789","OK"
"8idam","1","OK"
"8idbx","33","OK"
"8idc4","11","OK"
"8iddj","39","OK"
"8iddv","1","OK"
"8iddw","13","OK"
"8ide1","3","OK"
"8ide5","1","OK"
"8idem","3","OK"
"8idf6","1","OK"
"8idfl","3","OK"
"8idg8","2","OK"
"8idgb","1","OK"
"8idh3","1","OK"
"8idhm","203","Fraud"
"8idhn","6","OK"
"8idhp","28","OK"
"8idhs","5","OK"
"8idht","1","OK"
"8idhw","2","OK"
"8idi0","2","OK"
"8idi1","7","OK"
"8idi4","2","OK"
"8idi5","7","OK"
"8idi7","18","OK"
"8idib","1","OK"
"8idit","311","Fraud"
"8idmr","5","OK"
"8idn9","5","OK"
"8idnv","1","OK"
"8idny","1","OK"
"8ido2","27","OK"
"8idoa","12","OK"
"8idob","2","OK"
"8idoc","3","OK"
"8idou","4","OK"
"8idp1","2","OK"
"8idp3","1","OK"
"8ie57","1","OK"
"8ie5k","2","OK"
"8ie7p","1","OK"
"8ie82","3","OK"
"8ie98","7","OK"
"8ie9s","5","OK"
"8iea1","3","OK"
"8ieaq","21","OK"
"8ieaz","67","OK"
"8ieb4","3","OK"
"8iebt","1","OK"
"8iebx","7","OK"
"8ief6","7","OK"
"8iefb","107","OK"
"8iefl","435","OK"
"8iefo","1","OK"
"8iefs","4","OK"
"8ieg2","48","OK"
"8iegi","1","OK"
"8ieh3","7","OK"
"8iehk","14","OK"
"8ieht","6609","Observation"
"8iejt","3","OK"
"8iel9","195","OK"
"8ielc","8","OK"
"8iem5","582","Fraud"
"8iemj","1","OK"
"8ien9","7","OK"
"8ieo7","2","OK"
"8ieol","10","OK"
"8ieqn","11","OK"
"8iequ","1","OK"
"8ies6","7","OK"
"8ies8","137","OK"
"8ieso","1","OK"
"8iet9","5187","OK"
"8ietw","10","OK"
"8ieuh","2","OK"
"8iev9","1","OK"
"8ievj","14","OK"
"8ievt","22","OK"
"8ievz","114","Fraud"
"8iex1","30","OK"
"8iex9","1221","OK"
"8iexi","6","OK"
"8iext","6","OK"
"8if13","18","OK"
"8if2b","5","OK"
"8if3m","18","OK"
"8if4w","1","OK"
"8if5c","1","OK"
"8if5p","25","OK"
"8if6n","2","OK"
"8if7b","1","OK"
"8if9o","773","Fraud"
"8ifa1","17392","Observation"
"8ifan","33","OK"
"8ifcw","457","Fraud"
"8ifem","3","OK"
"8iff5","4","OK"
"8iff6","1","OK"
"8iffk","92","OK"
"8ifg0","1","OK"
"8ifg9","3","OK"
"8ifgn","4","OK"
"8ifik","98","OK"
"8ifm5","2","OK"
"8ifma","139","OK"
"8ifmk","1","OK"
"8ifna","9","OK"
"8ifnd","1","OK"
"8ifog","61","OK"
"8ifov","26","OK"
"8ifqc","84","OK"
"8ifqi","1547","Fraud"
"8ifqk","91","OK"
"8ifvn","1","OK"
"8ifwd","4","OK"
"8ifzw","7","OK"
"8ig0z","3","OK"
"8ig13","60","OK"
"8ig4x","4","OK"
"8ig5c","4","OK"
"8ig76","87","OK"
"8ig8i","26","OK"
"8igb7","13","OK"
"8igbs","5","OK"
"8igbt","6","OK"
"8igbu","6","OK"
"8igc1","30","OK"
"8igcb","3","OK"
"8igdb","3","OK"
"8igdp","1","OK"
"8igem","11","OK"
"8igew","1","OK"
"8igfs","22","OK"
"8igh8","6","OK"
"8igih","2","OK"
"8igj2","33","OK"
"8igji","7","OK"
"8igkk","1","OK"
"8igkp","7","OK"
"8igl1","32","OK"
"8igl7","3","OK"
"8iglk","22","OK"
"8igm1","3","OK"
"8igm8","8","OK"
"8igmr","10","OK"
"8ign1","1","OK"
"8ignc","3","OK"
"8igne","5","OK"
"8igo3","8","OK"
"8igo7","64","OK"
"8igox","18","OK"
"8igpd","4","OK"
"8igpr","2","OK"
"8igql","8","OK"
"8igqx","2","OK"
"8igr1","1","OK"
"8igsh","1","OK"
"8igsi","2","OK"
"8igts","2","OK"
"8igv1","10","OK"
"8igvd","2","OK"
"8igy3","4","OK"
"8igyy","711","Observation"
"8igz8","9","OK"
"8igzo","2","OK"
"8igzs","2","OK"
"8igzy","2","OK"
"8igzz","1","OK"
"8ih09","112","Fraud"
"8ih1h","5","OK"
"8ih1j","1","OK"
"8ih20","4","OK"
"8ih2n","31","OK"
"8ih3o","2","OK"
"8ih4k","3","OK"
"8ih6i","2","OK"
"8iha2","516","Observation"
"8ihab","12","OK"
"8ihac","5","OK"
"8ihaj","19","OK"
"8ihba","377","Observation"
"8ihbr","1","OK"
"8ihbx","4432","OK"
"8ihc4","608","OK"
"8ihcj","1","OK"
"8ihck","19","OK"
"8ihcm","2","OK"
"8ihct","2","OK"
"8ihcu","6","OK"
"8ihd5","5","OK"
"8ihdv","21","OK"
"8ihe5","229","OK"
"8ihhk","1","OK"
"8ihij","4","OK"
"8ihik","23","OK"
"8ihk7","3667","Observation"
"8ihkj","1","OK"
"8ihkt","203","OK"
"8ihl1","3","Fraud"
"8ihl9","115","OK"
"8ihlr","32","OK"
"8ihn7","43","OK"
"8ihna","63","OK"
"8ihnk","15","OK"
"8ihot","2","OK"
"8ihpi","8667","OK"
"8ihqx","178","OK"
"8ihrz","13","OK"
"8ihs5","7","OK"
"8ihsd","83","OK"
"8ihsp","38","OK"
"8ihth","8","OK"
"8ihtk","1","OK"
"8ihtv","44","OK"
"8ihue","3","OK"
"8ihuk","4","OK"
"8ihup","92","OK"
"8ihuv","1","OK"
"8ihuy","3","OK"
"8ihv1","89","OK"
"8ihvb","1","OK"
"8ihwi","1","OK"
"8ihwm","2","OK"
"8ihxc","1","OK"
"8ihxl","2","OK"
"8ihxp","1","OK"
"8ihxy","1","OK"
"8ihy6","2","OK"
"8ihyb","8","OK"
"8ihyi","1","OK"
"8ihz5","11","OK"
"8ihzv","2","OK"
"8ihzw","5","OK"
"8ihzy","66","OK"
"8ii07","8","OK"
"8ii0g","174","OK"
"8ii0i","158","OK"
"8ii0k","86","OK"
"8ii11","462","OK"
"8ii14","36","OK"
"8ii1p","2","OK"
"8ii1r","529","OK"
"8ii26","172","OK"
"8ii2b","306","OK"
"8ii2l","3","OK"
"8ii2n","2","OK"
"8ii3a","224","OK"
"8ii4l","7","OK"
"8ii4n","2","OK"
"8ii4y","1","OK"
"8ii58","23","OK"
"8ii5a","10","OK"
"8ii5u","1","OK"
"8ii6o","4","OK"
"8ii7u","183","OK"
"8ii9a","260","OK"
"8iiai","3","OK"
"8iiby","4","OK"
"8iic8","2","OK"
"8iicn","4","OK"
"8iid3","622","OK"
"8iid4","2969","Fraud"
"8iidh","22","OK"
"8iidk","361","OK"
"8iidm","1119","OK"
"8iidn","654","OK"
"8iidr","1235","OK"
"8iie9","11","OK"
"8iieo","1","OK"
"8iig5","709","OK"
"8iigf","2","OK"
"8iigk","1","OK"
"8iigl","520","OK"
"8iigz","53","OK"
"8iih9","152","OK"
"8iiii","3","OK"
"8iiiv","4","OK"
"8iij1","1","OK"
"8iijd","3","OK"
"8iijk","48","OK"
"8iijt","806","OK"
"8iik1","592","OK"
"8iilm","2","OK"
"8iim7","2","OK"
"8iimi","1","OK"
"8iina","657","OK"
"8iinm","2","OK"
"8iiov","3","OK"
"8iiq8","5","OK"
"8iiqq","2","OK"
"8iir0","47","OK"
"8iird","58","OK"
"8iitn","1","OK"
"8iitu","294","OK"
"8iitv","14","OK"
"8iivd","256","OK"
"8iivr","134","OK"
"8iiwo","4","OK"
"8iix3","1","OK"
"8iixo","30","OK"
"8iixv","35","OK"
"8iixy","5","OK"
"8iixz","2","OK"
"8iiy4","390","OK"
"8iiyk","20","OK"
"8ij00","2","OK"
"8ij02","17","OK"
"8ij0g","6729","OK"
"8ij0y","87","OK"
"8ij1v","1","OK"
"8ij22","23","OK"
"8ij28","2","OK"
"8ij2q","70","OK"
"8ij2z","74","OK"
"8ij34","1","OK"
"8ij3p","2","OK"
"8ij42","420","OK"
"8ij4e","2","OK"
"8ij4s","1","OK"
"8ij4w","3","OK"
"8ij4y","39","OK"
"8ij4z","2","OK"
"8ij59","159","OK"
"8ij5w","147","OK"
"8ij62","1","OK"
"8ij63","11","OK"
"8ij6x","11","OK"
"8ij77","1","OK"
"8ij7g","1","OK"
"8ij8t","3","OK"
"8ij92","501","OK"
"8ij9m","144","OK"
"8ijat","23","OK"
"8ijb4","3","OK"
"8ijb7","5","OK"
"8ijb8","1000","OK"
"8ijba","854","OK"
"8ijbf","361","OK"
"8ijcm","24","OK"
"8ijd3","17","OK"
"8ijdf","1","OK"
"8ije6","5","OK"
"8ijed","2","OK"
"8ijei","8","OK"
"8ijeq","3","OK"
"8ijf6","2","OK"
"8ijfb","78","OK"
"8ijfd","294","OK"
"8ijfl","1","OK"
"8ijgn","2","OK"
"8ijj1","1","OK"
"8ijjb","3","OK"
"8ijlc","2","OK"
"8ijmb","1","OK"
"8ijod","11","OK"
"8ijq9","5","OK"
"8ijql","59","Observation"
"8ijqm","3","OK"
"8ijqn","1","OK"
"8ijqw","3","OK"
"8ijro","16","OK"
"8ijs4","1","OK"
"8ijsn","8","OK"
"8ijsu","4","OK"
"8ijtd","2","OK"
"8ijub","11","OK"
"8ijva","3","OK"
"8ijw3","24","OK"
"8ijwf","4","OK"
"8ijx4","3","OK"
"8ijy9","31","OK"
"8ijyd","319","OK"
"8ijzd","179","Observation"
"8ijze","23","OK"
"8ijzf","2","OK"
"8ijzi","420","OK"
"8ijzj","410","Fraud"
"8ijzx","2783","OK"
"8ik0f","1","OK"
"8ik0g","2","OK"
"8ik0y","16","OK"
"8ik15","1","OK"
"8ik16","9","OK"
"8ik1o","1","OK"
"8ik1t","3","OK"
"8ik2b","16","OK"
"8ik2u","13","OK"
"8ik4w","6","OK"
"8ik58","4496","OK"
"8ik59","32","OK"
"8ik67","1","OK"
"8ik6c","13","OK"
"8ik6x","1","OK"
"8ik7d","167","OK"
"8ik7m","1","OK"
"8ik7q","1","OK"
"8ik9c","5","OK"
"8ik9l","1","OK"
"8ik9s","3","OK"
"8ik9t","71","OK"
"8ika3","13","OK"
"8ikah","502","OK"
"8ikap","3","OK"
"8ikaq","1","OK"
"8ikb5","101","OK"
"8ikba","31","OK"
"8ikc8","1","OK"
"8ikdj","13","OK"
"8ikdw","26","OK"
"8ike2","12","OK"
"8ikf1","32","OK"
"8ikfo","15","OK"
"8ikg6","13","OK"
"8ikg9","1","OK"
"8iki8","4","OK"
"8ikip","230","OK"
"8ikjp","11","OK"
"8iklg","1","OK"
"8ikm9","34","OK"
"8ikme","66","OK"
"8ikmz","2","OK"
"8ikn6","44","OK"
"8ikna","23","OK"
"8ikou","147","OK"
"8ikpq","110","Observation"
"8ikr4","545","OK"
"8iks0","16","OK"
"8ikt9","2446","Fraud"
"8ikuf","1","OK"
"8ikvr","29","OK"
"8ikyc","2","OK"
"8ikzq","258","OK"
"8il0o","2605","Fraud"
"8il17","2","OK"
"8il1w","837","OK"
"8il22","34","OK"
"8il2j","16","OK"
"8il2x","552","OK"
"8il3g","185","OK"
"8il3o","2","OK"
"8il3v","97","OK"
"8il4c","36","OK"
"8il4n","338","OK"
"8il4r","8","OK"
"8il6b","55","OK"
"8il79","12","OK"
"8il7m","2","OK"
"8il8k","4","OK"
"8ilbu","135","OK"
"8ilbx","3852","OK"
"8ilc9","3","OK"
"8ildb","22","OK"
"8ildi","2088","OK"
"8ildn","2","OK"
"8ilee","1","OK"
"8ilel","4","OK"
"8ilf9","117","OK"
"8ilff","17","OK"
"8ilfu","570","OK"
"8ilh8","2","OK"
"8ili5","63","OK"
"8iljx","2378","OK"
"8iljy","61","OK"
"8ill4","4","OK"
"8ilm3","1","OK"
"8ilm4","14","OK"
"8ilma","2","OK"
"8ilmh","2","OK"
"8ilnq","1","OK"
"8ilnu","12","OK"
"8iloh","7","OK"
"8ilok","1670","Observation"
"8ilp2","4","OK"
"8ilqt","2554","OK"
"8ils4","3","OK"
"8ils9","411","Observation"
"8ilu4","1","OK"
"8iluh","3","OK"
"8iluo","2","OK"
"8iluy","739","Observation"
"8ilyg","7","OK"
"8ilzp","85","OK"
"8ilzu","1","OK"
"8im0u","688","OK"
"8im11","5","OK"
"8im12","2","OK"
"8im1a","1","OK"
"8im1j","1","OK"
"8im29","3","OK"
"8im41","142","OK"
"8im4f","236","OK"
"8im4k","4","OK"
"8im4l","3","OK"
"8im50","1","OK"
"8im59","4066","OK"
"8im6c","7","OK"
"8im6t","1546","OK"
"8im78","73","OK"
"8im90","1","OK"
"8im9a","3790","OK"
"8imbb","1","OK"
"8imcs","233","OK"
"8imd2","15951","OK"
"8imdp","2","OK"
"8imdt","16","OK"
"8ime3","33","OK"
"8ime7","102","OK"
"8imef","5","OK"
"8imfu","1","OK"
"8img5","1","OK"
"8imgt","1500","OK"
"8imh7","4","OK"
"8imho","2","OK"
"8imhp","1","OK"
"8imhz","26","OK"
"8imi0","2","OK"
"8imib","8","OK"
"8imik","1","OK"
"8imk8","108","Observation"
"8imkc","138","Observation"
"8imkd","233","OK"
"8imko","3","OK"
"8immj","4716","OK"
"8immk","34","OK"
"8immq","1","OK"
"8immu","2","OK"
"8imna","37","OK"
"8imob","218","OK"
"8impo","132","OK"
"8imqe","296","OK"
"8imqn","3","OK"
"8imrg","10","OK"
"8imrr","74","OK"
"8ims6","653","Fraud"
"8imt7","1","OK"
"8imtk","5","OK"
"8imtz","1","OK"
"8imu3","28","OK"
"8imv2","66","OK"
"8imvn","807","OK"
"8imvu","4","OK"
"8imw6","4","OK"
"8imwm","27","OK"
"8imwn","41","OK"
"8imwx","2063","OK"
"8imxk","1","OK"
"8imxz","12","OK"
"8imy8","1","OK"
"8imyq","1","OK"
"8imyz","2","OK"
"8imz2","14","OK"
"8imza","17","OK"
"8imzd","798","OK"
"8imze","12","OK"
"8imzr","162","OK"
"8imzv","61","OK"
"8in00","1","OK"
"8in07","6","OK"
"8in0d","1826","OK"
"8in0q","1","OK"
"8in1c","5","OK"
"8in1d","32","OK"
"8in1s","2247","OK"
"8in1t","667","OK"
"8in1y","1","OK"
"8in20","1","OK"
"8in2d","17","OK"
"8in2g","2","OK"
"8in34","14","OK"
"8in35","37","OK"
"8in36","1","OK"
"8in3c","1938","OK"
"8in41","1","OK"
"8in43","1","OK"
"8in49","5","OK"
"8in4e","1","OK"
"8in66","24","OK"
"8in69","11027","OK"
"8in6a","13096","OK"
"8in7f","149","OK"
"8in80","7","OK"
"8in8e","215","Fraud"
"8in8l","3","OK"
"8in8z","6","OK"
"8in9f","1","OK"
"8in9m","17","OK"
"8ina8","2","OK"
"8inag","6","OK"
"8inat","2","OK"
"8inay","4645","OK"
"8inbg","1","OK"
"8inca","1","OK"
"8incg","2","OK"
"8inch","1","OK"
"8inck","182","OK"
"8ind9","1","OK"
"8indc","46","OK"
"8inei","224","OK"
"8inf7","29","OK"
"8ingg","30","OK"
"8ings","106","OK"
"8inhr","956","OK"
"8ini4","10","OK"
"8ini5","1","OK"
"8inig","25","OK"
"8inil","39","OK"
"8injc","16","OK"
"8injo","4","OK"
"8inkd","6","OK"
"8inld","2","OK"
"8inn7","484","OK"
"8ino6","829","OK"
"8inp3","7","OK"
"8inrc","16","OK"
"8ins1","200","OK"
"8insm","26","OK"
"8insr","3","OK"
"8intf","25","OK"
"8inu8","6","OK"
"8inum","115","OK"
"8invg","1","OK"
"8inwd","114","OK"
"8inwo","110","OK"
"8inwq","28","OK"
"8inwx","1","OK"
"8inz6","45","OK"
"8inz8","174","OK"
"8io28","52","OK"
"8io3k","3","OK"
"8io3v","2","OK"
"8io4k","1","OK"
"8io4t","4","OK"
"8io5j","1002","OK"
"8io5s","1591","OK"
"8io79","1","OK"
"8io7a","3","OK"
"8io8s","130","OK"
"8io95","6","OK"
"8io9t","14","OK"
"8ioac","32","OK"
"8ioad","279","Observation"
"8ioaf","164","OK"
"8iob1","14","OK"
"8ioby","6","OK"
"8iofb","2","OK"
"8iohm","1","OK"
"8ioj0","1","OK"
"8iok5","1","OK"
"8iokr","1","OK"
"8ioml","2","OK"
"8iomw","2","OK"
"8ionb","1","OK"
"8ionh","1","OK"
"8ionj","1","OK"
"8ioo5","17","OK"
"8ioo7","8","OK"
"8ioov","1","OK"
"8ioqe","625","OK"
"8ior0","4","OK"
"8iory","2","OK"
"8iosv","1848","OK"
"8iot1","327","OK"
"8iott","1","OK"
"8iou1","16","OK"
"8iou5","2","OK"
"8iou8","83","OK"
"8ioui","2","OK"
"8ioul","3","OK"
"8iow5","7","OK"
"8iowu","52","OK"
"8ioyh","3","OK"
"8ioyz","1","OK"
"8iozi","20","OK"
"8ip10","3","OK"
"8ip1i","1","OK"
"8ip1v","539","OK"
"8ip45","917","OK"
"8ip46","6","OK"
"8ip4d","1332","OK"
"8ip5p","1121","OK"
"8ip5q","163","OK"
"8ip65","1","OK"
"8ip71","833","Observation"
"8ip85","1","OK"
"8ip8o","3","OK"
"8ipat","3","OK"
"8ipcr","4","OK"
"8ipdk","1","OK"
"8ipdp","2","OK"
"8ipdr","3","OK"
"8ipeq","4","OK"
"8ipg0","3","OK"
"8ipg1","3","OK"
"8ipgq","18","OK"
"8ipgz","1","OK"
"8iph1","1","OK"
"8ipif","3","OK"
"8ipiu","6","OK"
"8ipks","12","OK"
"8ipls","76","OK"
"8ipm4","4","OK"
"8ipn0","6","OK"
"8ipoi","2","OK"
"8ipoo","517","OK"
"8ippe","7","OK"
"8ippl","4","OK"
"8ipr3","66","OK"
"8iprx","1","OK"
"8ipxe","153","OK"
"8ipxf","3","OK"
"8iq0e","119","OK"
"8iq0h","1","OK"
"8iq0l","36","OK"
"8iq0m","2","OK"
"8iq0q","16","OK"
"8iq0r","3","OK"
"8iq11","1","OK"
"8iq1n","7","OK"
"8iq1z","293","Observation"
"8iq22","74","OK"
"8iq3b","29","OK"
"8iq4r","674","OK"
"8iq53","2602","OK"
"8iq7l","1","OK"
"8iq7q","8","OK"
"8iq85","23","OK"
"8iqbs","5","OK"
"8iqd8","1","OK"
"8iqde","27","OK"
"8iqe6","6","OK"
"8iqec","1","OK"
"8iqee","1","OK"
"8iqez","1","OK"
"8iqfg","4","OK"
"8iqhl","1","OK"
"8iqip","1","OK"
"8iqjj","1","OK"
"8iqk3","6","OK"
"8iqks","5","OK"
"8iqni","9","OK"
"8iqnn","4","OK"
"8iqnv","1780","OK"
"8iqp5","1","OK"
"8iqqe","5","OK"
"8iqr5","1","OK"
"8iqsf","1","OK"
"8iqsw","1","OK"
"8iqtd","2","OK"
"8iqth","25","OK"
"8iqu0","1","OK"
"8iqu4","1","OK"
"8iqu5","1","OK"
"8iqua","1","OK"
"8iqug","492","OK"
"8iqur","1","OK"
"8iquu","1","OK"
"8iqvd","1","OK"
"8iqvi","14","OK"
"8iqvo","5","OK"
"8iqvp","7","OK"
"8iqvs","5","OK"
"8iqw0","1","OK"
"8iqw1","344","OK"
"8iqw2","32","OK"
"8iqw6","109","OK"
"8iqw8","52","OK"
"8iqw9","7","OK"
"8iqwa","14","OK"
"8iqwb","4","OK"
"8iqwc","32","OK"
"8iqwe","1","OK"
"8iqwf","1","OK"
"8iqwy","1","OK"
"8iqx9","5","OK"
"8iqxa","22","OK"
"8iqxb","2","OK"
"8iqxi","1","OK"
"8iqym","1","OK"
"8iqyw","121","OK"
"8iqzc","79","OK"
"8iqzg","21","OK"
"8iqzh","65","OK"
"8iqzi","1980","OK"
"8iqzk","671","OK"
"8iqzl","43","OK"
"8iqzm","24","OK"
"8iqzn","20","OK"
"8iqzo","138","OK"
"8iqzp","194","OK"
"8iqzs","266","OK"
"8iqzu","14","OK"
"8iqzw","1073","OK"
"8iqzz","49","OK"
"8ir00","330","OK"
"8ir01","875","OK"
"8ir05","959","Fraud"
"8ir06","302","OK"
"8ir07","945","OK"
"8ir09","318","OK"
"8ir0d","56","OK"
"8ir0f","304","OK"
"8ir0i","6","OK"
"8ir0v","2","OK"
"8ir0z","2","OK"
"8ir14","38","OK"
"8ir16","109","OK"
"8ir1o","2","OK"
"8ir25","6","OK"
"8ir28","2","OK"
"8ir2b","6","OK"
"8ir2e","26","OK"
"8ir2l","5","OK"
"8ir2o","1","OK"
"8ir2s","1","OK"
"8ir3v","8","OK"
"8ir4d","1","OK"
"8ir6j","1","OK"
"8ir6k","1","OK"
"8ir6w","1","OK"
"8ir7h","1","OK"
"8ir96","194","OK"
"8irab","7129","OK"
"8irb0","14","OK"
"8irbp","268","OK"
"8irck","9","OK"
"8ircl","18","OK"
"8ircq","37","OK"
"8ircw","2","OK"
"8ircy","2","OK"
"8irdq","2","OK"
"8irdv","6","OK"
"8ire4","6","OK"
"8irek","1","OK"
"8irgx","5","OK"
"8irid","2","OK"
"8irih","679","OK"
"8iriv","28","OK"
"8irjv","4","OK"
"8irk4","110","OK"
"8irkm","12","OK"
"8irl1","1","OK"
"8irlc","629","OK"
"8irle","57","OK"
"8irll","94","Observation"
"8irob","12088","OK"
"8irot","651","OK"
"8irq0","351","OK"
"8irqh","1","OK"
"8irqi","1","OK"
"8irqk","2","OK"
"8irr8","2","OK"
"8irr9","7","OK"
"8irrl","1","OK"
"8irrw","1","OK"
"8irrx","212","Observation"
"8irs5","57","OK"
"8irsq","3","OK"
"8irsy","31","OK"
"8irt8","31","OK"
"8irtb","1","OK"
"8irtc","9","OK"
"8irti","4","OK"
"8irtu","1","OK"
"8iru0","10","OK"
"8iru3","1","OK"
"8irui","92","OK"
"8iruq","1","OK"
"8irvj","227","OK"
"8irwu","2","OK"
"8irzv","1","OK"
"8is01","365","OK"
"8is0l","7","OK"
"8is1d","15","OK"
"8is20","26","OK"
"8is2b","487","OK"
"8is2k","517","Fraud"
"8is2p","3","OK"
"8is30","1","OK"
"8is32","1","OK"
"8is41","1","OK"
"8is47","5","OK"
"8is4p","1","OK"
"8is4w","56","OK"
"8is4x","4","OK"
"8is5e","528","OK"
"8is5f","1","OK"
"8is5h","513","Observation"
"8is5o","24","OK"
"8is5q","45","OK"
"8is5r","18","OK"
"8is6u","2","OK"
"8is82","948","OK"
"8is85","3","OK"
"8is87","17","OK"
"8is8g","26","OK"
"8isas","1947","OK"
"8isat","1126","OK"
"8isau","3","OK"
"8isbh","38","OK"
"8isbo","2","OK"
"8isbr","1","OK"
"8isbz","76","OK"
"8isch","593","Observation"
"8iscw","38","OK"
"8iscy","57","OK"
"8isd4","1","OK"
"8isd6","1","OK"
"8isdb","52","OK"
"8isdq","7","OK"
"8ise8","11","OK"
"8isei","8","OK"
"8ises","507","OK"
"8iseu","13","OK"
"8isf7","35","OK"
"8isfp","1","OK"
"8isfs","1","OK"
"8isgu","8","OK"
"8ish6","460","OK"
"8ishk","19","OK"
"8ishn","5","OK"
"8isi3","1","OK"
"8isj3","1212","OK"
"8isj9","36","OK"
"8isje","47","OK"
"8isk1","1","OK"
"8isk6","1","OK"
"8islr","22","OK"
"8isme","5","OK"
"8ismw","3","OK"
"8isp2","1","OK"
"8isrm","171","OK"
"8isrt","1","OK"
"8issu","77","OK"
"8isvf","1","OK"
"8isxs","3","OK"
"8isxw","1","OK"
"8isyx","1","OK"
"8isz2","4","OK"
"8isz4","1","OK"
"8it0b","18","OK"
"8it0m","1","OK"
"8it0v","10","OK"
"8it18","11","OK"
"8it2h","80","OK"
"8it36","626","Fraud"
"8it3p","65","OK"
"8it4b","3","OK"
"8it51","159","OK"
"8it52","29","OK"
"8it54","33","OK"
"8it55","142","OK"
"8it57","7","OK"
"8it59","5","OK"
"8it5a","7","OK"
"8it5b","3","OK"
"8it5c","18","OK"
"8it5d","10","OK"
"8it5e","58","OK"
"8it5i","15","OK"
"8it5k","26","OK"
"8it5n","31","OK"
"8it5o","5","OK"
"8it5q","5","OK"
"8it5r","6","OK"
"8it5t","109","OK"
"8it63","1","OK"
"8it65","1","OK"
"8it66","2","OK"
"8it6j","6","OK"
"8it7k","6","OK"
"8it7m","1","OK"
"8it7o","12","OK"
"8it7p","5","OK"
"8it8j","73","OK"
"8it8l","1","OK"
"8it8q","2","OK"
"8it9g","1556","OK"
"8it9n","3","OK"
"8it9p","320","OK"
"8it9w","187","OK"
"8itaa","8","OK"
"8itap","3562","Observation"
"8itat","1","OK"
"8itb0","2273","OK"
"8itb1","1817","OK"
"8itcr","1026","OK"
"8itcx","1","OK"
"8itdr","3","OK"
"8itdx","1","OK"
"8ite3","5378","OK"
"8iteu","3","OK"
"8itf4","18","OK"
"8itfc","1","OK"
"8itgs","14","OK"
"8ith0","15","OK"
"8ith4","3328","OK"
"8ith6","1","OK"
"8ithb","1","OK"
"8ithf","1678","Observation"
"8ithn","4","OK"
"8ithu","143","OK"
"8ithz","2","OK"
"8itif","5","OK"
"8itio","1","OK"
"8itiu","41","OK"
"8itj5","12","OK"
"8itji","1690","OK"
"8itk7","35","OK"
"8itka","1","OK"
"8itkq","8","OK"
"8itks","3","OK"
"8itkt","69","OK"
"8itl2","1","OK"
"8itl8","2","OK"
"8itla","1","OK"
"8itlh","97","OK"
"8itli","7","OK"
"8itlt","32","OK"
"8itly","140","OK"
"8itm2","1","OK"
"8itme","11","OK"
"8itmi","2303","OK"
"8itmu","13","OK"
"8itnb","1","OK"
"8itod","123","OK"
"8itoe","4","OK"
"8itof","779","OK"
"8itop","318","OK"
"8itos","1","OK"
"8itoz","6","OK"
"8itp0","5","OK"
"8itpk","48","OK"
"8itq3","2","OK"
"8itql","2","OK"
"8itqs","1","OK"
"8itrb","58","OK"
"8itre","118","OK"
"8itrn","31","OK"
"8itro","1","OK"
"8itrq","19","OK"
"8its6","3","OK"
"8itsg","2","OK"
"8itsw","7","OK"
"8itt6","1","OK"
"8ittc","79","OK"
"8itth","1","OK"
"8ittq","1","OK"
"8ittu","4","OK"
"8ittv","2","OK"
"8ituk","2","OK"
"8itvb","1","OK"
"8itww","1","OK"
"8itx1","9","OK"
"8itx5","824","OK"
"8itxs","4","OK"
"8itxx","5","OK"
"8ityd","10","OK"
"8itzi","15","OK"
"8iu02","1","OK"
"8iu0k","4","OK"
"8iu23","12","OK"
"8iu2c","4691","Observation"
"8iu38","1","OK"
"8iu3e","143","OK"
"8iu3h","401","OK"
"8iu4c","175","OK"
"8iu57","1","OK"
"8iu5r","2","OK"
"8iu66","46","OK"
"8iu6m","1","OK"
"8iu6x","5","OK"
"8iu74","2","OK"
"8iu76","723","Observation"
"8iu77","21","OK"
"8iu7b","2","OK"
"8iu7d","1054","OK"
"8iu7w","1","OK"
"8iu82","2","OK"
"8iua3","12","OK"
"8iuan","3089","Observation"
"8iuav","7","OK"
"8iub1","3","OK"
"8iucx","10","OK"
"8iufj","32","OK"
"8iufr","1","OK"
"8iufs","50","OK"
"8iufv","2","OK"
"8iugo","1","OK"
"8iuhr","1","OK"
"8iui3","1","OK"
"8iuia","2046","OK"
"8iuip","1","OK"
"8iujq","6","OK"
"8iujx","82","OK"
"8iukd","1","OK"
"8iuls","16","OK"
"8ium6","1","OK"
"8iumc","20","OK"
"8iume","228","OK"
"8iumx","6","OK"
"8iun9","397","OK"
"8iuna","5","OK"
"8iunk","2","OK"
"8iuo8","309","OK"
"8iuok","45","OK"
"8iuqb","2","OK"
"8iuqh","18","OK"
"8iuqk","345","OK"
"8iuqp","1","OK"
"8iuqv","1","OK"
"8iurr","7","OK"
"8iuuw","2","OK"
"8iuv4","5","OK"
"8iuv6","69","OK"
"8iuv8","6","OK"
"8iuv9","41","OK"
"8iuva","25","OK"
"8iuwa","1","OK"
"8iuxg","2","OK"
"8iuxk","4","OK"
"8iuxq","54","OK"
"8iuy6","1","OK"
"8iuyv","23","OK"
"8iv07","4","OK"
"8iv0i","1","OK"
"8iv0s","1","OK"
"8iv0x","81","OK"
"8iv1g","2","OK"
"8iv1m","2","OK"
"8iv1x","30","OK"
"8iv2t","1","OK"
"8iv3o","1","OK"
"8iv48","1","OK"
"8iv4d","1","OK"
"8iv4h","2","OK"
"8iv4j","92","OK"
"8iv58","1","OK"
"8iv5f","2","OK"
"8iv5p","1","OK"
"8iv65","12","OK"
"8iv6j","2","OK"
"8iv7e","304","OK"
"8iv7j","279","OK"
"8iv8i","1","OK"
"8iv9n","183","OK"
"8ivbf","150","Observation"
"8ivbn","104","OK"
"8ivbx","1","OK"
"8ivcn","2","OK"
"8ivdi","48","OK"
"8ivdx","5","OK"
"8ive3","7","OK"
"8ive5","1","OK"
"8ivea","29","OK"
"8iveg","16","OK"
"8ivf6","48","OK"
"8ivfj","2","OK"
"8ivfk","991","OK"
"8ivge","7","OK"
"8ivhg","1","OK"
"8ivhr","92","OK"
"8ivir","5280","OK"
"8iviz","1","OK"
"8ivj4","1","OK"
"8ivjv","2272","OK"
"8ivkm","1","OK"
"8ivkn","433","OK"
"8ivlh","1250","Fraud"
"8ivlp","41","Observation"
"8ivm9","1","OK"
"8ivmk","16","OK"
"8ivnj","1","OK"
"8ivnk","5","OK"
"8ivnx","2","OK"
"8ivny","1","OK"
"8ivo7","129","OK"
"8ivof","824","OK"
"8ivp6","2","OK"
"8ivpt","1","OK"
"8ivpv","192","OK"
"8ivql","1","OK"
"8ivsv","1","OK"
"8ivsx","159","OK"
"8ivti","10","OK"
"8ivtm","2","OK"
"8ivtv","1","OK"
"8ivwj","322","OK"
"8ivwr","18","OK"
"8ivwv","4","OK"
"8ivxp","1","OK"
"8ivy4","240","OK"
"8ivy5","1","OK"
"8ivyc","18","OK"
"8ivyu","1","OK"
"8iw0a","1","OK"
"8iw0n","15","OK"
"8iw0r","802","OK"
"8iw1f","15","OK"
"8iw1v","3","OK"
"8iw21","2","OK"
"8iw29","14","OK"
"8iw31","2","OK"
"8iw3u","1","OK"
"8iw46","12","OK"
"8iw4a","6","OK"
"8iw55","1","OK"
"8iw5p","12","OK"
"8iw5r","1","OK"
"8iw6k","1","OK"
"8iw6v","1","OK"
"8iw7e","25","OK"
"8iw7i","13","OK"
"8iw84","45","OK"
"8iw9s","24","OK"
"8iwaa","2","OK"
"8iwac","1","OK"
"8iwag","1","OK"
"8iwak","4","OK"
"8iwau","1","OK"
"8iwav","2","OK"
"8iwbt","4","OK"
"8iwe6","15","OK"
"8iweh","1","OK"
"8iwf2","1","OK"
"8iwfs","14","OK"
"8iwg3","29","OK"
"8iwh3","6","OK"
"8iwhf","1","OK"
"8iwhh","1","OK"
"8iwhi","74","OK"
"8iwid","3114","OK"
"8iwii","25","OK"
"8iwj3","1","OK"
"8iwjs","14","OK"
"8iwky","2","OK"
"8iwl4","240","OK"
"8iwl5","32","OK"
"8iwmb","815","OK"
"8iwn7","1","OK"
"8iwnh","2","OK"
"8iwo2","515","OK"
"8iwos","48","Fraud"
"8iwp2","140","Fraud"
"8iwp3","426","OK"
"8iwpy","1","OK"
"8iwq4","45","OK"
"8iwq6","4","OK"
"8iwqm","6","OK"
"8iwqv","2","OK"
"8iwrl","51","OK"
"8iwrx","71","OK"
"8iws2","7","OK"
"8iws4","1","OK"
"8iws7","9","OK"
"8iwsa","2","OK"
"8iwsc","8","OK"
"8iwu7","333","OK"
"8iwug","20","OK"
"8iwv8","45","OK"
"8iwvi","3","OK"
"8iwvl","76","OK"
"8iwx5","7","OK"
"8iwxs","2","OK"
"8iwxv","5","OK"
"8iwy8","1700","OK"
"8iwz0","2","OK"
"8ix09","1","OK"
"8ix0c","1","OK"
"8ix2h","219","OK"
"8ix3h","1","OK"
"8ix6h","6","OK"
"8ix6p","343","Fraud"
"8ix86","1","OK"
"8ix89","2","OK"
"8ixdk","3","OK"
"8ixgd","82","OK"
"8ixgl","6","OK"
"8ixl3","18","OK"
"8ixly","5","OK"
"8ixlz","25","OK"
"8ixoq","172","OK"
"8ixor","613","OK"
"8ixp4","1","OK"
"8ixq4","2135","OK"
"8ixq5","4684","OK"
"8ixs1","20","OK"
"8ixsd","659","OK"
"8ixue","1","OK"
"8ixuj","1","OK"
"8ixvg","76","OK"
"8ixvu","1751","OK"
"8ixy5","1","OK"
"8ixzl","1","OK"
"8ixzs","1598","OK"
"8ixzt","335","OK"
"8iy03","3700","OK"
"8iy0v","197","Observation"
"8iy1m","1","OK"
"8iy36","110","OK"
"8iy4x","4","OK"
"8iy5g","1296","OK"
"8iy6x","1","OK"
"8iy7x","10","OK"
"8iy9b","8","OK"
"8iyb9","2","OK"
"8iyc8","2664","OK"
"8iydk","1","OK"
"8iyea","2","OK"
"8iyfx","42","OK"
"8iyi9","59","OK"
"8iyj6","17","OK"
"8iyo2","1","OK"
"8iysb","300","OK"
"8iyvp","221","OK"
"8iywe","1","OK"
"8iyxe","34","OK"
"8iz0o","1","OK"
"8iz1c","5808","OK"
"8iz2a","159","OK"
"8iz2c","108","OK"
"8iz2e","29","OK"
"8iz2m","157","OK"
"8iz2n","186","OK"
"8iz48","82","OK"
"8iz6y","7","OK"
"8iz7h","3","OK"
"8iz7i","4850","OK"
"8iz80","1","OK"
"8iz8t","1","OK"
"8iz91","71","OK"
"8izah","14","OK"
"8izak","1","OK"
"8izam","1","OK"
"8izan","1","OK"
"8izao","1","OK"
"8izar","5","OK"
"8izau","31","OK"
"8izav","34","OK"
"8izaw","9","OK"
"8izay","1","OK"
"8izbp","2","OK"
"8izbt","26","OK"
"8ize1","1","OK"
"8izgi","5","OK"
"8izjs","1","OK"
"8izkp","1","OK"
"8izlr","4","OK"
"8iznj","2117","OK"
"8izot","1","OK"
"8izpa","298","OK"
"8izsa","5","OK"
"8izt5","959","Observation"
"8izt6","1930","Observation"
"8iztc","122","OK"
"8iztd","2","OK"
"8iztj","39","OK"
"8izts","1","OK"
"8izu7","2","OK"
"8izv8","6","OK"
"8izwb","148","OK"
"8izwe","400","Fraud"
"8izxr","55","OK"
"8izzv","176","OK"
"8j00e","26","OK"
"8j01d","2","OK"
"8j029","3","OK"
"8j07i","92","OK"
"8j07s","26","OK"
"8j085","5","OK"
"8j08y","3637","OK"
"8j094","1","OK"
"8j096","6","OK"
"8j09p","4","OK"
"8j0a9","58","OK"
"8j0ao","12","OK"
"8j0b4","387","OK"
"8j0b5","782","OK"
"8j0bs","229","OK"
"8j0bz","1","OK"
"8j0da","10","OK"
"8j0dl","2","OK"
"8j0eq","35","OK"
"8j0fj","440","OK"
"8j0g9","38","OK"
"8j0h6","2","OK"
"8j0hb","139","OK"
"8j0j9","40","OK"
"8j0m9","1","OK"
"8j0mk","11","OK"
"8j0mw","14","OK"
"8j0n4","143","OK"
"8j0ov","254","OK"
"8j0oz","3","OK"
"8j0pl","1893","Fraud"
"8j0py","1","OK"
"8j0qc","199","OK"
"8j0qr","2","OK"
"8j0su","6","OK"
"8j0tb","5","OK"
"8j0tg","8","OK"
"8j0w1","2503","Observation"
"8j0wb","19","OK"
"8j0ww","98","OK"
"8j0x3","132","OK"
"8j0x9","3855","Observation"
"8j0z9","2","OK"
"8j10c","16451","OK"
"8j11k","6","OK"
"8j121","15","OK"
"8j12n","23","OK"
"8j15b","8","OK"
"8j16r","5","OK"
"8j18g","3","OK"
"8j197","24","OK"
"8j19d","48","OK"
"8j19f","446","OK"
"8j19x","2188","OK"
"8j1a0","29","OK"
"8j1a1","441","OK"
"8j1a2","125","OK"
"8j1a3","4","OK"
"8j1a6","5","OK"
"8j1a7","5","OK"
"8j1aj","1130","OK"
"8j1di","17","OK"
"8j1fp","3","OK"
"8j1h7","1","OK"
"8j1j6","3","OK"
"8j1lc","73","OK"
"8j1od","1321","OK"
"8j1pb","53","OK"
"8j1pd","4922","OK"
"8j1q5","1","OK"
"8j1qi","1","OK"
"8j1rc","3","OK"
"8j1s7","1","OK"
"8j1se","115","OK"
"8j1so","24","OK"
"8j1sp","15","OK"
"8j1sw","98","OK"
"8j1t4","543","OK"
"8j1ti","7526","OK"
"8j1u4","4","OK"
"8j1u5","23","OK"
"8j1uw","4","OK"
"8j1x0","4","OK"
"8j1xv","4","OK"
"8j1y0","1","OK"
"8j1y6","5","OK"
"8j20z","1264","OK"
"8j22j","9","OK"
"8j22t","3","OK"
"8j23z","8","OK"
"8j240","2","OK"
"8j24h","1","OK"
"8j26k","37","OK"
"8j279","51","OK"
"8j27p","5","OK"
"8j295","1","OK"
"8j29y","12","OK"
"8j2b6","18","OK"
"8j2b9","24","OK"
"8j2dz","1","OK"
"8j2e0","12153","OK"
"8j2e9","1","OK"
"8j2er","4","OK"
"8j2f8","15","OK"
"8j2hf","569","Observation"
"8j2i2","59","OK"
"8j2ix","360","Observation"
"8j2kd","3","OK"
"8j2ki","5","OK"
"8j2li","1","OK"
"8j2m4","8173","Observation"
"8j2nt","70","OK"
"8j2pr","38","OK"
"8j2r9","28","OK"
"8j2s6","1106","OK"
"8j2s7","5620","OK"
"8j2td","130","OK"
"8j2to","2","OK"
"8j2tr","1","OK"
"8j2uy","431","Fraud"
"8j2z5","28","OK"
"8j2zn","1","OK"
"8j307","29","OK"
"8j30b","7","OK"
"8j30i","1","OK"
"8j30r","138","Fraud"
"8j311","69","OK"
"8j319","2","OK"
"8j31t","1944","Observation"
"8j31u","88","OK"
"8j326","1","OK"
"8j329","1","OK"
"8j32k","51","OK"
"8j32l","105","OK"
"8j32m","340","OK"
"8j34p","3","OK"
"8j368","1148","Observation"
"8j369","5670","Observation"
"8j36c","1","OK"
"8j36d","1468","Observation"
"8j36e","3348","OK"
"8j36f","84","OK"
"8j36t","1520","OK"
"8j38c","1","OK"
"8j398","1","OK"
"8j39n","98","OK"
"8j39x","453","OK"
"8j3e7","1","OK"
"8j3ej","13","OK"
"8j3fg","35","OK"
"8j3fs","4","OK"
"8j3gw","34346","OK"
"8j3j2","1","OK"
"8j3kg","25","OK"
"8j3l0","1","OK"
"8j3ln","1","OK"
"8j3nw","120","OK"
"8j3oy","1","OK"
"8j3th","2","OK"
"8j3u4","120","OK"
"8j3xi","200","OK"
"8j3xm","1","OK"
"8j3z1","6","OK"
"8j3zu","8","OK"
"8j416","1149","OK"
"8j41t","1","OK"
"8j42p","1","OK"
"8j437","8","OK"
"8j43i","2","OK"
"8j46c","14179","OK"
"8j470","1","OK"
"8j49w","79","OK"
"8j4ap","1","OK"
"8j4ch","44","OK"
"8j4dw","1","OK"
"8j4fc","161","OK"
"8j4fe","6","OK"
"8j4gq","1008","OK"
"8j4gr","7167","OK"
"8j4hv","2","OK"
"8j4li","4","OK"
"8j4mp","388","OK"
"8j4nq","2","OK"
"8j4o3","1","OK"
"8j4og","2","OK"
"8j4pk","2","OK"
"8j4pp","3118","OK"
"8j4qz","4489","OK"
"8j4sj","1","OK"
"8j4tc","26","OK"
"8j4tl","5","OK"
"8j4tm","1","OK"
"8j4uo","879","OK"
"8j4uq","15","OK"
"8j4v5","54","OK"
"8j4vg","31","OK"
"8j4vj","1","OK"
"8j4ye","298","OK"
"8j507","1315","OK"
"8j510","4","OK"
"8j51f","179","Observation"
"8j522","30","OK"
"8j523","28","OK"
"8j52r","97","OK"
"8j53q","9","OK"
"8j53t","862","OK"
"8j54k","6","OK"
"8j54x","1","OK"
"8j55y","13305","OK"
"8j55z","5272","OK"
"8j57g","3","OK"
"8j59e","8","OK"
"8j5a2","20","OK"
"8j5an","2494","OK"
"8j5bx","127","OK"
"8j5cg","145","OK"
"8j5d0","81","OK"
"8j5dj","333","OK"
"8j5dk","3","OK"
"8j5dn","1","OK"
"8j5ey","3","OK"
"8j5f7","15","OK"
"8j5fu","220","OK"
"8j5gg","402","OK"
"8j5gh","2241","OK"
"8j5gi","168","OK"
"8j5gj","867","OK"
"8j5h0","9","OK"
"8j5hb","1","OK"
"8j5hx","1","OK"
"8j5ig","4","OK"
"8j5ix","3","OK"
"8j5lq","4","OK"
"8j5lt","16075","OK"
"8j5n1","2","OK"
"8j5n8","3","OK"
"8j5ne","3","OK"
"8j5oc","10","OK"
"8j5od","15","OK"
"8j5ol","5","OK"
"8j5qz","1","OK"
"8j5r6","84","OK"
"8j5rx","1","OK"
"8j5t5","12","OK"
"8j5wq","1","OK"
"8j5xt","1","OK"
"8j5zr","7","OK"
"8j5zs","11","OK"
"8j5zz","6809","OK"
"8j603","3","OK"
"8j60b","149","OK"
"8j60m","95","OK"
"8j60q","9","OK"
"8j62o","9","OK"
"8j62v","7","OK"
"8j638","98","OK"
"8j64i","5","OK"
"8j65y","1357","OK"
"8j67b","44","OK"
"8j67c","50","OK"
"8j696","1378","OK"
"8j69h","1","OK"
"8j69s","2","OK"
"8j6ac","3","OK"
"8j6ae","10","OK"
"8j6b8","1","OK"
"8j6em","554","OK"
"8j6en","169","OK"
"8j6eq","1","OK"
"8j6es","1294","OK"
"8j6f7","132","OK"
"8j6fg","104","OK"
"8j6go","16","OK"
"8j6he","44","OK"
"8j6jw","33","OK"
"8j6mc","2","OK"
"8j6nz","6","OK"
"8j6oi","752","OK"
"8j6p7","2","OK"
"8j6pj","2","OK"
"8j6pm","1759","OK"
"8j6ze","1","OK"
"8j6zf","257","OK"
"8j70l","148","OK"
"8j72c","1","OK"
"8j732","1","OK"
"8j73t","2142","OK"
"8j76o","4111","OK"
"8j77b","368","OK"
"8j78u","320","OK"
"8j79o","220","OK"
"8j7ao","1","OK"
"8j7ba","1","OK"
"8j7ct","40","OK"
"8j7dc","1","OK"
"8j7ia","1","OK"
"8j7ic","3","OK"
"8j7iy","7","OK"
"8j7jh","11","OK"
"8j7mj","4","OK"
"8j7si","2","OK"
"8j7t8","23","OK"
"8j7tm","927","Fraud"
"8j7tt","4","OK"
"8j7xq","5","OK"
"8j7yi","1","OK"
"8j7yr","185","OK"
"8j80q","2","OK"
"8j82j","38","OK"
"8j839","1","OK"
"8j83j","39","OK"
"8j83r","2","OK"
"8j83y","5","OK"
"8j87g","504","OK"
"8j87i","5","OK"
"8j8b5","2","OK"
"8j8bn","5","OK"
"8j8bu","6","OK"
"8j8eb","1","OK"
"8j8eo","1","OK"
"8j8et","3","OK"
"8j8gw","1","OK"
"8j8h8","1","OK"
"8j8ho","61","OK"
"8j8hq","1","OK"
"8j8hr","9","OK"
"8j8i3","289","OK"
"8j8j4","9","OK"
"8j8jd","6617","OK"
"8j8jg","3","OK"
"8j8k3","2","OK"
"8j8mt","22","OK"
"8j8mz","418","OK"
"8j8o4","561","OK"
"8j8op","17","OK"
"8j8or","4","OK"
"8j8ou","2","OK"
"8j8q3","3","OK"
"8j8rh","1","OK"
"8j8sa","1","OK"
"8j8se","57","OK"
"8j8sf","46","OK"
"8j8sv","71","OK"
"8j8t2","587","OK"
"8j8tf","21","OK"
"8j8u2","161","OK"
"8j8wj","1","OK"
"8j8yz","514","OK"
"8j8zb","37","OK"
"8j90l","1","OK"
"8j90q","3","OK"
"8j92i","319","OK"
"8j94o","1","OK"
"8j94s","1","OK"
"8j94z","37","OK"
"8j95g","2","OK"
"8j967","483","OK"
"8j9a2","8","OK"
"8j9a5","8","OK"
"8j9aa","5","OK"
"8j9d9","74","OK"
"8j9eq","21","OK"
"8j9ey","1","OK"
"8j9ge","1","OK"
"8j9h2","2","OK"
"8j9h9","1","OK"
"8j9i6","1523","OK"
"8j9i7","149","OK"
"8j9i9","951","OK"
"8j9jc","1","OK"
"8j9m9","130","OK"
"8j9ml","22","OK"
"8j9o0","237","OK"
"8j9p4","224","Observation"
"8j9pe","57","OK"
"8j9q3","4","OK"
"8jb5v","1","OK"
"8jc3s","572","OK"
"8jc5o","82","OK"
"8jc8u","1","OK"
"8jc8v","10895","OK"
"8jccm","73","OK"
"8jcez","3","OK"
"8jcfz","1","OK"
"8jcgp","10","OK"
"8jch5","44","OK"
"8jchh","34","OK"
"8jciv","71","OK"
"8jclv","372","OK"
"8jcoh","1","OK"
"8jcru","3","OK"
"8jcuw","1","OK"
"8jg20","1432","OK"
"8jg2a","4","OK"
"8jg49","1","OK"
"8jg5r","4","OK"
"8jg82","1","OK"
"8jg8w","2","OK"
"8jg9s","18","OK"
"8jgac","152","OK"
"8jgbu","5223","OK"
"8jgcj","23","OK"
"8jgcw","78","OK"
"8jgel","2","OK"
"8jgf3","1","OK"
"8jgg3","98","OK"
"8jggg","1","OK"
"8jgk9","1","OK"
"8jgkk","816","Observation"
"8jgl8","1","OK"
"8jgls","187","OK"
"8jgok","3","OK"
"8jgq9","2","OK"
"8jgqa","8","OK"
"8jgqb","19","OK"
"8jgqr","1","OK"
"8jgt1","54","OK"
"8jgts","22","OK"
"8jgu2","1","OK"
"8jgul","30","OK"
"8jgvx","1","OK"
"8jh5s","1","OK"
"8jh5u","1","OK"
"8jh5v","1","OK"
"8jh60","3","OK"
"8jh7b","168","OK"
"8jh9c","11","OK"
"8jhbl","241","OK"
"8jhcs","2","OK"
"8jhct","2","OK"
"8jhdz","16","OK"
"8jhep","6","OK"
"8jhfv","3708","OK"
"8jhge","19","OK"
"8jhgj","1","OK"
"8jhgx","4363","OK"
"8jhh0","91","OK"
"8jhi5","3","OK"
"8jhis","4","OK"
"8jhit","19","OK"
"8jhle","1","OK"
"8jhlw","2","OK"
"8jhmk","1","OK"
"8jhnz","1253","OK"
"8jhou","25","OK"
"8jhp2","4","OK"
"8jhsv","2","OK"
"8jhtq","1","OK"
"8jhw3","42","OK"
"8jhw9","3","OK"
"8jhyg","3","OK"
"8ji11","3","OK"
"8ji1d","3","OK"
"8ji1k","510","OK"
"8ji1l","2667","OK"
"8ji1s","562","OK"
"8ji1u","155","Observation"
"8ji2e","1","OK"
"8ji49","13","OK"
"8ji4k","454","OK"
"8ji4m","23","OK"
"8ji4n","3","OK"
"8ji60","1","OK"
"8ji8h","110","OK"
"8ji8l","2","OK"
"8ji9t","1","OK"
"8jiak","1","OK"
"8jiam","1","OK"
"8jian","2","OK"
"8jibl","34","OK"
"8jibp","1","OK"
"8jict","52","OK"
"8jid2","1","OK"
"8jiex","247","OK"
"8jif4","3","OK"
"8jifa","5","OK"
"8jiff","41","OK"
"8jigh","60","OK"
"8jik8","1","OK"
"8jil2","3","OK"
"8jim2","2","OK"
"8jin3","4","OK"
"8jior","212","OK"
"8jisx","55","OK"
"8jith","3","OK"
"8jiu2","1","OK"
"8jiuc","134","OK"
"8jiwm","1","OK"
"8jiy2","61","OK"
"8jiy8","5","OK"
"8jiz8","2","OK"
"8jj05","1","OK"
"8jj1n","263","OK"
"8jj1s","1","OK"
"8jj35","1","OK"
"8jj3f","6","OK"
"8jj6m","46","OK"
"8jj7t","18952","OK"
"8jj80","1","OK"
"8jj96","2","OK"
"8jj9d","7","OK"
"8jjao","248","Observation"
"8jjap","1663","OK"
"8jjc5","6642","OK"
"8jjds","41","OK"
"8jjhc","1","OK"
"8jjji","6092","OK"
"8jjo9","89","OK"
"8jjph","1","OK"
"8jjs6","1530","Fraud"
"8jjsg","20","OK"
"8jjve","9","OK"
"8jjvh","6","OK"
"8jjxl","2","OK"
"8jk01","2434","OK"
"8jk02","106","OK"
"8jk0d","227","Fraud"
"8jk15","2349","OK"
"8jk1x","753","OK"
"8jk3i","171","OK"
"8jk4m","13998","OK"
"8jk57","63","OK"
"8jk7c","3","OK"
"8jk8e","3","OK"
"8jk8g","23768","OK"
"8jk8n","1","OK"
"8jka2","3","OK"
"8jkce","11","OK"
"8jkdf","414","OK"
"8jkdr","49","OK"
"8jkea","9640","OK"
"8jkec","216","OK"
"8jked","1203","OK"
"8jkfd","1399","OK"
"8jkff","78","OK"
"8jkh1","993","Observation"
"8jkhu","2","OK"
"8jkhv","1","OK"
"8jkij","2278","OK"
"8jkk9","1","OK"
"8jkmi","108","OK"
"8jkof","307","OK"
"8jkor","756","OK"
"8jkp0","844","OK"
"8jkp1","4398","OK"
"8jkqn","120","OK"
"8jkrj","74","OK"
"8jks4","11","OK"
"8jksm","33","OK"
"8jkt3","1","OK"
"8jktn","4110","OK"
"8jku2","1","OK"
"8jkul","3511","OK"
"8jkv1","201","OK"
"8jkv9","19","OK"
"8jkve","1494","OK"
"8jkwc","1477","OK"
"8jkwu","13","OK"
"8jky9","195","OK"
"8jl02","16","OK"
"8jl05","70","OK"
"8jl0l","9000","OK"
"8jl0o","1","OK"
"8jl1o","114","OK"
"8jl1u","39","OK"
"8jl23","7","OK"
"8jl39","1","OK"
"8jl3n","87","OK"
"8jl3y","322","Fraud"
"8jl43","6","OK"
"8jl4l","2","OK"
"8jl61","24","OK"
"8jl6e","3293","OK"
"8jl7q","613","OK"
"8jla6","455","OK"
"8jlad","1","OK"
"8jlah","2","OK"
"8jlc5","156","OK"
"8jli0","5933","OK"
"8jlic","68","OK"
"8jlii","94","OK"
"8jlis","15791","OK"
"8jljk","2","OK"
"8jljl","1","OK"
"8jljm","75","OK"
"8jljq","6","OK"
"8jljr","148474","OK"
"8jlju","51","OK"
"8jlk3","2838","OK"
"8jlkt","20","OK"
"8jlms","51","OK"
"8jlmv","15","OK"
"8jlmz","1","OK"
"8jln6","67","OK"
"8jlnl","99","OK"
"8jlos","2253","OK"
"8jlpw","2757","OK"
"8jlpz","95","OK"
"8jlr2","2","OK"
"8jlru","2","OK"
"8jlt1","3113","OK"
"8jlu6","678","Fraud"
"8jlus","905","OK"
"8jlyt","2","OK"
"8jlzr","594","OK"
"8jm0h","2","OK"
"8jm0y","1","OK"
"8jm18","12","OK"
"8jm4d","123","OK"
"8jm4h","10148","OK"
"8jm4p","1","OK"
"8jm4v","454","OK"
"8jm5b","9","OK"
"8jm5w","1725","OK"
"8jm90","880","OK"
"8jm9p","2113","OK"
"8jmbn","2","OK"
"8jmch","744","OK"
"8kuma","2","OK"
"8kump","71","OK"
"8kumu","644","Fraud"
"8kun0","2","OK"
"8kun1","67","OK"
"8kun5","10","Fraud"
"8kuno","1","OK"
"8kunr","24","OK"
"8kunx","32","OK"
"8kuo4","1","OK"
"8kuo5","93","OK"
"8kuov","7","OK"
"8kuph","1","OK"
"8kupw","1","OK"
"8kupz","1","OK"
"8kuq2","13","OK"
"8kuqa","87","OK"
"8kuqd","17","OK"
"8kuql","11","OK"
"8kuro","5","OK"
"8kus3","352","OK"
"8kus9","687","OK"
"8kusa","1744","OK"
"8kusb","4531","OK"
"8kusi","2","OK"
"8kusr","15","OK"
"8kuti","2","OK"
"8kuto","926","OK"
"8kutv","2","OK"
"8kuuh","1","OK"
"8kuv3","1","OK"
"8kuv8","1","OK"
"8kuv9","560","Observation"
"8kuva","185","OK"
"8kuvb","2119","Fraud"
"8kuvj","121","OK"
"8kuvn","10","OK"
"8kuvt","25134","OK"
"8kuvy","1","OK"
"8kux8","18","OK"
"8kuxa","19094","Observation"
"8kuxc","1","OK"
"8kuxg","3","OK"
"8kuxh","13","OK"
"8kuxi","4","OK"
"8kuxj","13","OK"
"8kuxk","1","OK"
"8kuxp","1","OK"
"8kuy3","1","OK"
"8kuy4","1","OK"
"8kuy9","1","OK"
"8kuyg","1076","OK"
"8kuyp","1","OK"
"8kuys","72","OK"
"8kuze","3","OK"
"8kuzg","15","OK"
"8kuzj","38","OK"
"8kuzl","15","OK"
"8kv08","2931","OK"
"8kv0e","50","OK"
"8kv0o","3","OK"
"8kv0s","10762","Observation"
"8kv3c","11","OK"
"8kv3v","131","Fraud"
"8kv42","2","OK"
"8kv4a","3","OK"
"8kv4d","1","OK"
"8kv4k","10","OK"
"8kv4v","55","OK"
"8kv4x","2","OK"
"8kv5a","1","OK"
"8kv5w","152","Fraud"
"8kv5y","1","OK"
"8kv6q","1","OK"
"8kv6v","350","Fraud"
"8kv6y","16","OK"
"8kv74","136","OK"
"8kv77","3","OK"
"8kv7n","109","Fraud"
"8kv7x","105","Fraud"
"8kv80","7","OK"
"8kv8i","3","OK"
"8kv8s","17","OK"
"8kv90","55","OK"
"8kv97","45","OK"
"8kv9a","27","OK"
"8kv9b","7","OK"
"8kvad","99","OK"
"8kvas","85","OK"
"8kvax","47","OK"
"8kvb3","2","OK"
"8kvbe","7","OK"
"8kvbi","2","OK"
"8kvc4","39","OK"
"8kvc7","24","OK"
"8kvc8","3","OK"
"8kvcs","2","OK"
"8kvct","1","OK"
"8kvdh","4","OK"
"8kve7","136","OK"
"8kvec","57","OK"
"8kven","8","OK"
"8kveo","27","OK"
"8kveq","12","OK"
"8kvey","5","OK"
"8kvfl","1","OK"
"8kvfn","4","OK"
"8kvfr","712","OK"
"8kvg3","1","OK"
"8kvgc","1","OK"
"8kvgp","1","OK"
"8kvgr","8","OK"
"8kvgs","5","OK"
"8kvh1","4","OK"
"8kvh9","4","OK"
"8kvhd","9","OK"
"8kvhi","2088","OK"
"8kvhp","4","OK"
"8kvhz","1","OK"
"8kvie","4","OK"
"8kvil","2","OK"
"8kvim","677","OK"
"8kviw","254","OK"
"8kvj1","61","OK"
"8kvjl","1","OK"
"8kvkh","1","OK"
"8kvkj","9","OK"
"8kvkq","71","OK"
"8kvkw","51","OK"
"8kvl0","25","OK"
"8kvl1","64","OK"
"8kvl2","134","OK"
"8kvl6","156","OK"
"8kvl7","378","OK"
"8kvl8","1","OK"
"8kvlp","364","OK"
"8kvlq","9","OK"
"8kvm0","242","OK"
"8kvm1","166","OK"
"8kvm2","1267","OK"
"8kvm6","544","OK"
"8kvm7","63","OK"
"8kvma","1","OK"
"8kvmd","2","OK"
"8kvmf","17","OK"
"8kvmo","10","OK"
"8kvmr","257","OK"
"8kvna","327","OK"
"8kvnb","171","Observation"
"8kvnu","6","OK"
"8kvo1","79","OK"
"8kvos","2","OK"
"8kvot","4","OK"
"8kvpb","12","OK"
"8kvpc","7","OK"
"8kvpe","13","OK"
"8kvpg","5","OK"
"8kvpr","1","OK"
"8kvpw","9","OK"
"8kvq0","26","OK"
"8kvqh","18","OK"
"8kvqm","20","OK"
"8kvqp","4","OK"
"8kvr5","3","OK"
"8kvr9","1","OK"
"8kvrh","1","OK"
"8kvrr","1","OK"
"8kvry","3","OK"
"8kvs0","118","OK"
"8kvs1","1","OK"
"8kvs9","6","OK"
"8kvsu","34","OK"
"8kvtr","1","OK"
"8kvtw","1","OK"
"8kvty","491","OK"
"8kvu3","1","OK"
"8kvu7","4","OK"
"8kvug","84","OK"
"8kvuh","17","OK"
"8kvv2","290","Observation"
"8kvv3","4","OK"
"8kvv4","299","OK"
"8kvv6","3422","OK"
"8kvv7","183","OK"
"8kvv8","1","OK"
"8kvvd","1075","OK"
"8kvvh","349","Observation"
"8kvxs","1","OK"
"8kvy3","3","OK"
"8kvyf","14","OK"
"8kvyo","217","OK"
"8kvyr","24","OK"
"8kvzp","2","OK"
"8kw03","4","OK"
"8kw0f","417","Observation"
"8kw0n","10","OK"
"8kw15","3","OK"
"8kw19","255","OK"
"8kw1q","20","OK"
"8kw28","1","OK"
"8kw2n","1","OK"
"8kw39","1","OK"
"8kw3g","1214","OK"
"8kw4u","4","OK"
"8kw4v","803","Fraud"
"8kw4x","8","OK"
"8kw4z","151","OK"
"8kw53","7","OK"
"8kw5p","2","OK"
"8kw5u","508","Fraud"
"8kw6d","4","OK"
"8kw70","3","OK"
"8kwzo","50","OK"
"8kwzv","73","OK"
"8kwzx","268","Fraud"
"8kwzy","39","OK"
"8kx0a","1","OK"
"8kx0h","6","OK"
"8kx0o","143","OK"
"8kx0y","43","OK"
"8kx17","3","OK"
"8kx19","33","OK"
"8kx1q","1","OK"
"8kx1z","1","Observation"
"8kx21","1","OK"
"8kx25","11","OK"
"8kx29","1","OK"
"8kx2a","1","OK"
"8kx2d","140","Fraud"
"8kx2g","1","OK"
"8kx2r","5","OK"
"8kx2u","171","Fraud"
"8kx2w","50","OK"
"8kx31","10411","OK"
"8kx33","3","OK"
"8kx37","17","OK"
"8kx3a","32","OK"
"8kx3b","5","OK"
"8kx3c","50","OK"
"8kx3f","42","OK"
"8kx3i","20","OK"
"8kx3q","109","OK"
"8kx3r","3","OK"
"8kx47","6","OK"
"8kx4j","2","OK"
"8kx5a","343","OK"
"8kx5c","8","OK"
"8kx5g","20","OK"
"8kx5q","1","Observation"
"8kx6b","1","Observation"
"8kx86","2","Observation"
"8kxdu","20","OK"
"8kxe3","1","OK"
"8kxee","563","OK"
"8kxef","1","OK"
"8kxel","10","Fraud"
"8kxem","11","Fraud"
"8kxep","19","OK"
"8kxer","56","OK"
"8kxev","2","OK"
"8kxew","2","OK"
"8kxez","1","OK"
"8kxf2","443","OK"
"8kxf4","14","OK"
"8kxfb","35","OK"
"8kxfu","1","OK"
"8kxgk","3","OK"
"8kxgm","21","OK"
"8kxgs","667","Fraud"
"8kxgt","186","OK"
"8kxgu","542","OK"
"8kxgv","533","Fraud"
"8kxgy","14","OK"
"8kxhd","1","OK"
"8kxhn","4","OK"
"8kxhp","1","OK"
"8kxhq","5706","OK"
"8kxij","2874","Fraud"
"8kxik","4","OK"
"8kxim","1","OK"
"8kxj4","7","OK"
"8kxj8","45","OK"
"8kxjw","66","OK"
"8kxjy","71","OK"
"8kxkx","1233","Observation"
"8kxl2","1","OK"
"8kxl3","895","Fraud"
"8kxla","46","OK"
"8kxlk","436","OK"
"8kxll","492","OK"
"8kxlo","17","OK"
"8kxlp","664","OK"
"8kxlq","23","OK"
"8kxlr","975","OK"
"8kxlt","390","OK"
"8kxlv","633","Fraud"
"8kxly","1131","Fraud"
"8kxm0","20","OK"
"8kxm9","106","OK"
"8kxmh","115","Fraud"
"8kxml","22","OK"
"8kxmm","1","OK"
"8kxmo","3","OK"
"8kxn2","1","OK"
"8kxn5","31","OK"
"8kxnk","7","OK"
"8kxnl","3412","OK"
"8kxnm","693","Fraud"
"8kxnn","140","Observation"
"8kxnw","66","OK"
"8kxo5","1","OK"
"8kxoj","406","Observation"
"8kxom","34","OK"
"8kxor","9","OK"
"8kxos","2","OK"
"8kxox","9","OK"
"8kxoy","150","Fraud"
"8kxp5","1","OK"
"8kxpa","1","OK"
"8kxpd","16","OK"
"8kxpq","43","OK"
"8kxpv","124","OK"
"8kxq6","641","OK"
"8kxqd","53","OK"
"8kxqf","2","OK"
"8kxqj","76","OK"
"8kxqk","1038","Observation"
"8kxqm","111","OK"
"8kxqw","38","OK"
"8kxr9","632","Observation"
"8kxrb","63","Observation"
"8kxrc","46","OK"
"8kxre","429","Observation"
"8kxri","40","OK"
"8kxrj","28","OK"
"8kxrs","38","OK"
"8kxtp","31","OK"
"8kxvk","280","OK"
"8kxxf","30","OK"
"8kxzn","1","OK"
"8kxzu","418","OK"
"8ky0g","1","OK"
"8ky0o","4","OK"
"8ky15","36","OK"
"8ky18","1","OK"
"8ky1v","5","OK"
"8ky22","26","OK"
"8ky2b","2","OK"
"8ky2f","2","OK"
"8ky2l","3","OK"
"8ky2n","1","OK"
"8ky46","38","OK"
"8ky4j","16","OK"
"8ky4k","28","OK"
"8ky4n","7","OK"
"8ky4r","1","OK"
"8ky4x","1","OK"
"8ky50","1","OK"
"8ky5c","14","OK"
"8ky5s","1","OK"
"8ky6d","2","OK"
"8ky6h","135","Fraud"
"8ky6n","101","Fraud"
"8ky6u","7","OK"
"8ky6v","29","OK"
"8ky77","4","OK"
"8ky8n","7","OK"
"8ky8r","3","OK"
"8ky93","3","OK"
"8ky9n","1","OK"
"8kyao","1","OK"
"8kyb9","3","OK"
"8kybc","2","OK"
"8kybl","1854","OK"
"8kybu","1","OK"
"8kyc0","2","OK"
"8kycf","1","OK"
"8kycw","65","OK"
"8kydv","268","Fraud"
"8kygk","32","OK"
"8kygl","3","OK"
"8kygo","1","OK"
"8kygq","106","OK"
"8kygz","1","OK"
"8kyhj","1","OK"
"8kyiq","10","OK"
"8kyjt","9","OK"
"8kyk5","42","OK"
"8kyka","2","OK"
"8kyl4","30","OK"
"8kyl5","40","OK"
"8kyld","15","OK"
"8kymr","1","OK"
"8kynd","7","OK"
"8kynk","3","OK"
"8kyov","1330","Fraud"
"8kyow","3","OK"
"8kyoy","1","OK"
"8kyp1","78","OK"
"8kyp7","2","OK"
"8kyp8","4","OK"
"8kypd","60","OK"
"8kypr","8","OK"
"8kyqu","1","OK"
"8kyre","1","OK"
"8kysj","12","OK"
"8kyss","2","OK"
"8kytg","1","OK"
"8kyu8","5","OK"
"8kyvb","2012","OK"
"8kyvg","3","OK"
"8kyvt","2","OK"
"8kyvw","8","OK"
"8kyw0","6","OK"
"8kyw6","27","OK"
"8kywb","75","OK"
"8kywm","1","OK"
"8kywq","1","OK"
"8kywy","100","OK"
"8kyxs","1","OK"
"8kyxz","1","OK"
"8kyyv","5","OK"
"8kyz1","12","OK"
"8kyzp","11676","OK"
"8kz2d","12","OK"
"8kz2e","1","OK"
"8kz2y","1","OK"
"8kz4p","1","OK"
"8kz5j","6","OK"
"8kz64","38","OK"
"8kz6l","1","OK"
"8kz6p","661","Fraud"
"8kz6r","1","OK"
"8kz74","1","OK"
"8kz7h","1","OK"
"8kz7i","1","OK"
"8kz7z","9","OK"
"8kz81","14","OK"
"8kz84","164","OK"
"8kz8a","22","OK"
"8kz9c","7","OK"
"8kz9e","6","OK"
"8kz9f","1940","OK"
"8kz9k","1","OK"
"8kz9x","2","OK"
"8kzaf","1","OK"
"8kzbb","2757","OK"
"8kzbg","14","OK"
"8kzd5","2","OK"
"8kzds","10","OK"
"8kzen","21","OK"
"8kzep","37","OK"
"8kzer","5","OK"
"8kzes","1","OK"
"8kzf2","2","OK"
"8kzf5","1","OK"
"8kzfo","76","OK"
"8kzgc","1","OK"
"8kzgf","2","OK"
"8kzhr","5","OK"
"8kzhu","1","OK"
"8kzhz","5","OK"
"8kzi1","2","OK"
"8kzi5","1","OK"
"8kzjk","243","Fraud"
"8kzjq","28","OK"
"8kzjy","2","OK"
"8kzkc","3","OK"
"8kzkl","22","OK"
"8kzkp","4","OK"
"8kzkq","1","OK"
"8kzl3","2","OK"
"8kzl6","2","OK"
"8kzlb","1","OK"
"8kzll","85","OK"
"8kzlm","3","OK"
"8kzm1","414","Fraud"
"8kzmh","2","OK"
"8kzmx","1","OK"
"8kzmy","30","OK"
"8kzna","1958","OK"
"8kznn","187","OK"
"8kznw","24","OK"
"8kzo4","4","OK"
"8kzom","1","OK"
"8kzpi","8","OK"
"8kzq3","2","OK"
"8kzqd","375","OK"
"8kzqe","2","OK"
"8kzqo","2","OK"
"8kzr4","42","OK"
"8kzr5","50","OK"
"8kzr6","61","OK"
"8kzr7","86","OK"
"8kzr9","50","OK"
"8kzss","45","OK"
"8kzst","48","OK"
"8kzsu","38","OK"
"8kzt1","564","OK"
"8kztj","2","OK"
"8kztp","2","OK"
"8kztq","74","OK"
"8kzu3","6","OK"
"8kzuk","9","OK"
"8kzv1","89","OK"
"8kzvn","3460","OK"
"8kzw1","14","OK"
"8kzwc","9","OK"
"8kzwu","259","OK"
"8kzx6","9","OK"
"8kzxc","41","OK"
"8kzxk","87","OK"
"8kzxo","8","OK"
"8kzxz","1136","OK"
"8kzy2","3","OK"
"8kzy5","1120","OK"
"8kzyi","1912","Observation"
"8kzyz","3","OK"
"8l004","1","OK"
"8l00g","1366","OK"
"8l00h","31","Fraud"
"8l00x","1","OK"
"8l014","4","OK"
"8l01a","9","OK"
"8l01b","1","OK"
"8l01g","19","OK"
"8l01w","1","OK"
"8l01y","8","OK"
"8l029","8","OK"
"8l02e","1","OK"
"8l02g","2","OK"
"8l02m","2","OK"
"8l02n","1","OK"
"8l02t","15","OK"
"8l02x","143","OK"
"8l03g","2","OK"
"8l03j","14","OK"
"8l046","2","OK"
"8l04m","26","OK"
"8l04x","44","OK"
"8l04z","202","OK"
"8l050","40","OK"
"8l051","45","OK"
"8l052","39","OK"
"8l053","43","OK"
"8l05k","4","OK"
"8l05l","203","OK"
"8l05z","3","OK"
"8l061","26","OK"
"8l063","30","OK"
"8l06b","1","OK"
"8l071","283","OK"
"8l07i","201","OK"
"8l07n","5","OK"
"8l07q","1","OK"
"8l07t","1","OK"
"8l08l","2","OK"
"8l09b","89","OK"
"8l0a0","50","OK"
"8l0aq","4","OK"
"8l0b4","106","OK"
"8l0bl","934","Observation"
"8l0bm","4","OK"
"8l0c2","25","OK"
"8l0ca","408","OK"
"8l0cx","21","OK"
"8l0e4","39","OK"
"8l0f6","18","OK"
"8l0fs","1","OK"
"8l0fv","2","OK"
"8l0fx","1","OK"
"8l0gr","8","OK"
"8l0ho","8","OK"
"8l0i4","2","OK"
"8l0io","44","OK"
"8l0iu","31","OK"
"8l0iv","33","OK"
"8l0j8","2","OK"
"8l0jf","37","OK"
"8l0k0","1","OK"
"8l0k9","1","OK"
"8l0l8","1","OK"
"8l0lh","8","OK"
"8l0lm","1","OK"
"8l0lv","3","OK"
"8l0m2","2","OK"
"8l0m9","12","OK"
"8l0mw","7","OK"
"8l0n5","5","OK"
"8l0ng","11","OK"
"8l0nw","7","OK"
"8l0p1","27","OK"
"8l0p8","5","OK"
"8l0q6","3402","Fraud"
"8l0r9","6","OK"
"8l0rb","75","Fraud"
"8l0rp","28","OK"
"8l0rq","666","OK"
"8l0rr","40","OK"
"8l0sm","1951","OK"
"8l0sw","3","OK"
"8l0t1","17","OK"
"8l0t3","1","OK"
"8l0t6","3","OK"
"8l0td","1","OK"
"8l0ty","1","OK"
"8l0u5","1","OK"
"8l0uu","20","OK"
"8l0v8","778","Observation"
"8l0v9","6322","OK"
"8l0w0","1","OK"
"8l0wx","145","OK"
"8l0wz","5","OK"
"8l0x3","93","OK"
"8l0x4","3","OK"
"8l0x9","4","OK"
