"partnerid","MaxSameAgentCount","status"
"8i7uk","7","OK"
"8i7ux","52","OK"
"8i7va","1","OK"
"8i7vb","2","OK"
"8i7vf","2","OK"
"8i7vp","386","OK"
"8i7vq","299","OK"
"8i7vz","19","OK"
"8i7w2","33","OK"
"8i7wb","18","OK"
"8i7wi","116","OK"
"8i7wr","212","OK"
"8i7wv","95","OK"
"8i7xd","66","Observation"
"8i7yy","3","OK"
"8i7z7","31","OK"
"8i7zf","1","OK"
"8i7zk","144","OK"
"8i7zl","282","OK"
"8i804","5","OK"
"8i806","111","OK"
"8i80a","63","OK"
"8i80j","2","OK"
"8i81d","2","OK"
"8i81i","3","OK"
"8i828","501","OK"
"8i82g","3","OK"
"8i82r","2","OK"
"8i82x","1","OK"
"8i830","2","OK"
"8i833","11","OK"
"8i83a","1","OK"
"8i83y","1","OK"
"8i84n","4","OK"
"8i84o","3","OK"
"8i84w","1","OK"
"8i85v","71","OK"
"8i86i","1","OK"
"8i88w","30","OK"
"8i89m","2","OK"
"8i8ar","7","OK"
"8i8bx","4","OK"
"8i8cj","1","OK"
"8i8do","2","OK"
"8i8e5","17","OK"
"8i8e7","1","OK"
"8i8ef","7","OK"
"8i8en","3","OK"
"8i8fk","8","OK"
"8i8fm","105","Observation"
"8i8fn","9","OK"
"8i8fq","22","OK"
"8i8ft","9","OK"
"8i8g3","1","OK"
"8i8go","80","Observation"
"8i8gu","1","OK"
"8i8gx","1","OK"
"8i8gz","1","OK"
"8i8h2","1","OK"
"8i8h7","120","Fraud"
"8i8hw","5","OK"
"8i8ih","2","OK"
"8i8is","113","OK"
"8i8iv","20","OK"
"8i8j2","29","OK"
"8i8jl","2","OK"
"8i8k3","6","OK"
"8i8kg","1","OK"
"8i8ku","7","OK"
"8i8le","3","OK"
"8i8lx","1","OK"
"8i8m6","51","OK"
"8i8mq","2","OK"
"8i8mr","1","OK"
"8i8n6","2","OK"
"8i8no","16","OK"
"8i8nq","1","OK"
"8i8nr","238","OK"
"8i8oh","1","OK"
"8i8p1","3","OK"
"8i8pz","1","OK"
"8i8q4","10","OK"
"8i8qk","3","OK"
"8i8qn","1","OK"
"8i8rs","1","OK"
"8i8s9","1","OK"
"8i8t2","1","OK"
"8i8tt","16","Observation"
"8i8tw","1","OK"
"8i8u1","1","OK"
"8i8u7","1","OK"
"8i8u8","11","OK"
"8i8ub","5","OK"
"8i8ui","3","OK"
"8i8wd","3","OK"
"8i8xq","19","OK"
"8i8ye","367","OK"
"8i8yi","3","OK"
"8i8yn","9","OK"
"8i8yu","14","OK"
"8i8z4","16","OK"
"8i8zd","4","OK"
"8i8ze","11","OK"
"8i8zi","3","OK"
"8i903","7","OK"
"8i90i","1","OK"
"8i90k","153","Fraud"
"8i90m","79","OK"
"8i91i","607","OK"
"8i922","1437","OK"
"8i92t","289","OK"
"8i92u","1","OK"
"8i930","67","Observation"
"8i932","1","OK"
"8i936","48","OK"
"8i93o","3","OK"
"8i93q","31","OK"
"8i941","7","OK"
"8i949","38","OK"
"8i94e","1","OK"
"8i94n","1","OK"
"8i94y","28","OK"
"8i95z","11","OK"
"8i969","32","OK"
"8i96u","30","OK"
"8i96x","4","OK"
"8i98h","3","OK"
"8i99h","6","OK"
"8i9a2","1","OK"
"8i9at","3","OK"
"8i9aw","125","OK"
"8i9b4","2","OK"
"8i9bj","3","OK"
"8i9bm","74","OK"
"8i9bs","7","OK"
"8i9bw","8","OK"
"8i9bx","7","OK"
"8i9cn","6","OK"
"8i9co","8","OK"
"8i9cr","8","OK"
"8i9d0","2","OK"
"8i9d1","1","OK"
"8i9d5","7","OK"
"8i9da","50","OK"
"8i9db","1","OK"
"8i9dg","1","OK"
"8i9dp","1","OK"
"8i9dv","5","OK"
"8i9e1","1","OK"
"8i9e9","21","OK"
"8i9ed","1","OK"
"8i9eg","1","OK"
"8i9eq","3","OK"
"8i9f0","3","OK"
"8i9fl","1","OK"
"8i9fv","1","OK"
"8i9g2","5","OK"
"8i9gl","1","OK"
"8i9h8","1","OK"
"8i9hj","1","OK"
"8i9hm","60","OK"
"8i9hn","11","OK"
"8i9ht","149","OK"
"8i9hu","74","OK"
"8i9hw","1","OK"
"8i9hx","56","OK"
"8i9hz","1","OK"
"8i9i1","256","OK"
"8i9i3","382","OK"
"8i9i4","4","OK"
"8i9i5","66","Observation"
"8i9i7","14","OK"
"8i9i9","4","OK"
"8i9ia","83","OK"
"8i9ib","3","OK"
"8i9ic","43","OK"
"8i9id","34","OK"
"8i9ie","8","OK"
"8i9ig","41","OK"
"8i9ih","13","OK"
"8i9ii","355","Observation"
"8i9ij","29","OK"
"8i9ik","359","OK"
"8i9im","27","OK"
"8i9in","380","OK"
"8i9ip","2","OK"
"8i9j4","115","OK"
"8i9j6","2431","Observation"
"8i9jf","1","OK"
"8i9jg","38","OK"
"8i9ji","2","OK"
"8i9jj","54","OK"
"8i9jr","1","OK"
"8i9kq","12","OK"
"8i9ky","1","OK"
"8i9nd","1","OK"
"8i9ng","4","OK"
"8i9np","29","OK"
"8i9os","1","OK"
"8i9ot","38","OK"
"8i9p1","7","OK"
"8i9p3","6","OK"
"8i9p4","1","OK"
"8i9p7","7","OK"
"8i9p8","3","OK"
"8i9pt","1","OK"
"8i9q6","1","OK"
"8i9ql","627","OK"
"8i9qu","26","OK"
"8i9s9","108","OK"
"8i9sm","1","OK"
"8i9t0","3","OK"
"8i9tt","10","OK"
"8i9u6","2","OK"
"8i9vn","81","OK"
"8i9ws","291","Fraud"
"8i9xb","13","OK"
"8i9z5","6","OK"
"8i9z6","3","OK"
"8i9z7","1","OK"
"8i9zb","10","OK"
"8i9zp","74","OK"
"8i9zy","1","OK"
"8ia0j","4","OK"
"8ia0n","4","OK"
"8ia11","3","OK"
"8ia16","34","OK"
"8ia19","1","OK"
"8ia1e","2","OK"
"8ia25","2","OK"
"8ia51","6","OK"
"8ia54","1","OK"
"8ia62","3","OK"
"8ia6z","4","OK"
"8ia7h","7","OK"
"8ia7p","6","OK"
"8ia7z","1","OK"
"8ia80","93","OK"
"8ia8k","1","OK"
"8ia8u","8","OK"
"8ia99","2","OK"
"8ia9b","20","OK"
"8ia9d","1","OK"
"8ia9m","8","OK"
"8ia9n","1","OK"
"8iaa6","1","OK"
"8iaar","5","OK"
"8iaay","6","OK"
"8iaaz","3","OK"
"8iab9","22","OK"
"8iabd","7","OK"
"8iabk","6","OK"
"8iabp","13","OK"
"8iac5","1","OK"
"8iac6","25","OK"
"8iact","8","OK"
"8iadk","5","OK"
"8iadn","1","OK"
"8iadr","1033","Observation"
"8iadt","112","OK"
"8iae2","1","OK"
"8iae4","1","OK"
"8iaeq","1","OK"
"8iafg","28","OK"
"8iafi","12","OK"
"8iagk","10","OK"
"8iagn","1","OK"
"8iagp","8","OK"
"8iagv","7","OK"
"8iah0","4","OK"
"8iaim","1","OK"
"8iaj2","19","OK"
"8iajv","1","OK"
"8iak0","9","OK"
"8iaks","5","OK"
"8ial7","1","OK"
"8ialk","1","OK"
"8ialy","38","OK"
"8iam0","4","OK"
"8iam4","2","OK"
"8iamd","525","Observation"
"8iaml","2","OK"
"8iaob","1","OK"
"8iaps","1","OK"
"8iaqk","1","OK"
"8iaqp","6","OK"
"8iaqy","1","OK"
"8iar6","2","OK"
"8iark","8","OK"
"8iaru","6","OK"
"8iasq","5","OK"
"8iasz","120","Observation"
"8iata","77","OK"
"8iatv","24","OK"
"8iau4","15","OK"
"8iau5","8","OK"
"8iau7","7","OK"
"8iauu","1398","OK"
"8iavq","822","OK"
"8iavx","73","OK"
"8iawe","1","OK"
"8iawh","3","OK"
"8iaxa","1","OK"
"8iaxj","2662","Fraud"
"8iayy","1","OK"
"8iazm","50","OK"
"8ib0l","49","OK"
"8ib0m","1","OK"
"8ib12","4","OK"
"8ib14","2","OK"
"8ib16","20","OK"
"8ib1i","1","OK"
"8ib1j","1","OK"
"8ib1t","1","OK"
"8ib1v","2","OK"
"8ib1x","1","OK"
"8ib25","19","OK"
"8ib26","5","OK"
"8ib2d","1","OK"
"8ib2w","7","OK"
"8ib34","1","OK"
"8ib46","1","OK"
"8ib4v","1","OK"
"8ib4y","4","OK"
"8ib4z","49","OK"
"8ib56","192","OK"
"8ib5i","251","OK"
"8ib63","1","OK"
"8ib6f","3","OK"
"8ib6i","5","OK"
"8ib6x","33","OK"
"8ib7h","10","OK"
"8ib7i","1","OK"
"8ib9m","1","OK"
"8ib9o","3","OK"
"8ib9v","1","OK"
"8ibah","135","OK"
"8ibam","1","OK"
"8ibay","1","OK"
"8ibbr","7","OK"
"8ibbv","1","OK"
"8ibcb","1","OK"
"8ibcv","9","OK"
"8ibdg","21","OK"
"8ibdl","3","OK"
"8ibdm","266","OK"
"8iber","1","OK"
"8ibf5","1","OK"
"8ibfa","1","OK"
"8ibg2","4","OK"
"8ibg6","1","OK"
"8ibgj","6","OK"
"8ibgo","1","OK"
"8ibgx","9","OK"
"8ibhn","2","OK"
"8ibid","2","OK"
"8ibiw","4","OK"
"8ibjf","45","OK"
"8ibjo","14","OK"
"8ibke","1","OK"
"8ibkr","190","Fraud"
"8ibl1","1","OK"
"8ibmd","1","OK"
"8ibmq","1","OK"
"8ibmx","1","OK"
"8ibn2","1","OK"
"8ibnz","2","OK"
"8ibo7","2","OK"
"8ibop","1","OK"
"8ibp0","4","OK"
"8ibp7","2","OK"
"8ibp9","6","OK"
"8ibpi","2","OK"
"8ibr7","1","OK"
"8ibt9","2","OK"
"8ibtd","1","OK"
"8ibub","1","OK"
"8ibug","36","OK"
"8ibum","17","OK"
"8ibup","148","OK"
"8ibv4","227","OK"
"8ibw8","64","OK"
"8ibxb","18","OK"
"8ic07","13","OK"
"8ic0m","79","OK"
"8ic0y","5","OK"
"8ic1s","4","OK"
"8ic1t","9","OK"
"8ic1x","1","OK"
"8ic26","39","OK"
"8ic2e","3","OK"
"8ic2q","2","OK"
"8ic3a","3","OK"
"8ic3g","1","OK"
"8ic3o","8","OK"
"8ic3r","1","OK"
"8ic3w","1","OK"
"8ic46","4","OK"
"8ic4i","11","OK"
"8ic4v","67","OK"
"8ic50","1","OK"
"8ic51","3","OK"
"8ic55","1","OK"
"8ic56","295","OK"
"8ic59","1","OK"
"8ic5b","2","OK"
"8ic6b","5","OK"
"8ic6d","2","OK"
"8ic6r","1","OK"
"8ic78","1","OK"
"8ic7z","2","OK"
"8ic8g","2","OK"
"8ic9a","2","OK"
"8ic9l","4","OK"
"8ic9r","1","OK"
"8ica0","22","OK"
"8icam","3","OK"
"8icaw","9","OK"
"8icb3","1","OK"
"8icb9","1","OK"
"8icbb","5","OK"
"8iccd","20","OK"
"8iccn","11","OK"
"8icdb","22","OK"
"8icdj","4","OK"
"8ice8","39","OK"
"8icee","4","OK"
"8icef","6","OK"
"8icfc","1","OK"
"8icfe","2178","Observation"
"8icff","594","Observation"
"8icfm","1","OK"
"8icgh","2","OK"
"8ich8","1","OK"
"8ichd","26","OK"
"8ichj","3","OK"
"8ichk","49","OK"
"8ichs","1","OK"
"8ichw","11","OK"
"8icia","110","OK"
"8icim","2","OK"
"8icin","337","OK"
"8icix","1","OK"
"8icoz","3","OK"
"8icp7","29","OK"
"8icq7","5","OK"
"8ictc","2","OK"
"8ictf","1","OK"
"8ictz","8","OK"
"8icu9","10","OK"
"8icuy","50","OK"
"8icv3","1","OK"
"8icvc","8","OK"
"8icwe","2","OK"
"8icx6","1","OK"
"8icxc","2","OK"
"8icxd","1","OK"
"8icxf","2","OK"
"8icxl","17","OK"
"8icyy","2","OK"
"8icz2","30","OK"
"8iczh","137","Fraud"
"8id02","98","OK"
"8id03","37","OK"
"8id0y","2","OK"
"8id0z","23","OK"
"8id1a","7","OK"
"8id2f","1","OK"
"8id2s","2","OK"
"8id2w","2","OK"
"8id2z","3","OK"
"8id56","1","OK"
"8id57","27","OK"
"8id5b","2","OK"
"8id5p","95","Fraud"
"8id6y","135","OK"
"8id6z","4","OK"
"8id7o","18","OK"
"8id7z","1","OK"
"8id89","2","OK"
"8id8z","1","OK"
"8id9y","3","OK"
"8ida1","133","OK"
"8idam","1","OK"
"8idbx","12","OK"
"8idc4","7","OK"
"8iddj","18","OK"
"8iddv","1","OK"
"8iddw","7","OK"
"8ide1","6","OK"
"8ide5","1","OK"
"8idem","2","OK"
"8idf6","1","OK"
"8idfl","4","OK"
"8idg8","1","OK"
"8idgb","1","OK"
"8idh3","1","OK"
"8idhm","156","Fraud"
"8idhn","6","OK"
"8idhp","27","OK"
"8idhs","3","OK"
"8idht","1","OK"
"8idhw","1","OK"
"8idi0","1","OK"
"8idi1","7","OK"
"8idi4","2","OK"
"8idi5","4","OK"
"8idi7","7","OK"
"8idib","1","OK"
"8idit","272","Fraud"
"8idmr","4","OK"
"8idn9","5","OK"
"8idnv","1","OK"
"8idny","1","OK"
"8ido2","20","OK"
"8idoa","6","OK"
"8idob","1","OK"
"8idoc","3","OK"
"8idou","5","OK"
"8idp1","1","OK"
"8idp3","1","OK"
"8ie57","1","OK"
"8ie5k","2","OK"
"8ie7p","1","OK"
"8ie82","2","OK"
"8ie98","7","OK"
"8ie9s","2","OK"
"8iea1","2","OK"
"8ieaq","13","OK"
"8ieaz","46","OK"
"8ieb4","1","OK"
"8iebt","1","OK"
"8iebx","8","OK"
"8ief6","8","OK"
"8iefb","18","OK"
"8iefl","61","OK"
"8iefo","1","OK"
"8iefs","1","OK"
"8ieg2","8","OK"
"8iegi","1","OK"
"8ieh3","8","OK"
"8iehk","4","OK"
"8ieht","5198","Observation"
"8iejt","1","OK"
"8iel9","26","OK"
"8ielc","2","OK"
"8iem5","220","Fraud"
"8iemj","1","OK"
"8ien9","10","OK"
"8ieo7","2","OK"
"8ieol","10","OK"
"8ieqn","5","OK"
"8iequ","1","OK"
"8ies6","3","OK"
"8ies8","14","OK"
"8ieso","1","OK"
"8iet9","584","OK"
"8ietw","3","OK"
"8ieuh","2","OK"
"8iev9","1","OK"
"8ievj","12","OK"
"8ievt","10","OK"
"8ievz","114","Fraud"
"8iex1","11","OK"
"8iex9","356","OK"
"8iexi","7","OK"
"8iext","7","OK"
"8if13","13","OK"
"8if2b","3","OK"
"8if3m","4","OK"
"8if4w","1","OK"
"8if5c","1","OK"
"8if5p","25","OK"
"8if6n","2","OK"
"8if7b","1","OK"
"8if9o","665","Fraud"
"8ifa1","4026","Observation"
"8ifan","6","OK"
"8ifcw","54","Fraud"
"8ifem","1","OK"
"8iff5","4","OK"
"8iff6","1","OK"
"8iffk","23","OK"
"8ifg0","1","OK"
"8ifg9","3","OK"
"8ifgn","3","OK"
"8ifik","29","OK"
"8ifm5","2","OK"
"8ifma","13","OK"
"8ifmk","1","OK"
"8ifna","3","OK"
"8ifnd","1","OK"
"8ifog","10","OK"
"8ifov","5","OK"
"8ifqc","16","OK"
"8ifqi","164","Fraud"
"8ifqk","91","OK"
"8ifvn","1","OK"
"8ifwd","1","OK"
"8ifzw","2","OK"
"8ig0z","3","OK"
"8ig13","60","OK"
"8ig4x","2","OK"
"8ig5c","2","OK"
"8ig76","11","OK"
"8ig8i","8","OK"
"8igb7","5","OK"
"8igbs","6","OK"
"8igbt","7","OK"
"8igbu","7","OK"
"8igc1","5","OK"
"8igcb","1","OK"
"8igdb","4","OK"
"8igdp","1","OK"
"8igem","4","OK"
"8igew","2","OK"
"8igfs","5","OK"
"8igh8","4","OK"
"8igih","1","OK"
"8igj2","3","OK"
"8igji","7","OK"
"8igkk","2","OK"
"8igkp","2","OK"
"8igl1","5","OK"
"8igl7","1","OK"
"8iglk","10","OK"
"8igm1","1","OK"
"8igm8","8","OK"
"8igmr","6","OK"
"8ign1","1","OK"
"8ignc","2","OK"
"8igne","1","OK"
"8igo3","6","OK"
"8igo7","98","OK"
"8igox","4","OK"
"8igpd","4","OK"
"8igpr","1","OK"
"8igql","6","OK"
"8igqx","1","OK"
"8igr1","1","OK"
"8igsh","1","OK"
"8igsi","2","OK"
"8igts","2","OK"
"8igv1","7","OK"
"8igvd","1","OK"
"8igy3","4","OK"
"8igyy","115","Observation"
"8igz8","8","OK"
"8igzo","2","OK"
"8igzs","2","OK"
"8igzy","2","OK"
"8igzz","2","OK"
"8ih09","191","Fraud"
"8ih1h","4","OK"
"8ih1j","1","OK"
"8ih20","1","OK"
"8ih2n","44","OK"
"8ih3o","2","OK"
"8ih4k","3","OK"
"8ih6i","1","OK"
"8iha2","195","Observation"
"8ihab","3","OK"
"8ihac","1","OK"
"8ihaj","3","OK"
"8ihba","40","Observation"
"8ihbr","1","OK"
"8ihbx","592","OK"
"8ihc4","76","OK"
"8ihcj","1","OK"
"8ihck","4","OK"
"8ihcm","2","OK"
"8ihct","1","OK"
"8ihcu","1","OK"
"8ihd5","3","OK"
"8ihdv","4","OK"
"8ihe5","45","OK"
"8ihhk","1","OK"
"8ihij","2","OK"
"8ihik","5","OK"
"8ihk7","475","Observation"
"8ihkj","1","OK"
"8ihkt","70","OK"
"8ihl1","3","Fraud"
"8ihl9","29","OK"
"8ihlr","11","OK"
"8ihn7","8","OK"
"8ihna","12","OK"
"8ihnk","3","OK"
"8ihot","3","OK"
"8ihpi","10391","OK"
"8ihqx","72","OK"
"8ihrz","8","OK"
"8ihs5","6","OK"
"8ihsd","11","OK"
"8ihsp","9","OK"
"8ihth","4","OK"
"8ihtk","1","OK"
"8ihtv","9","OK"
"8ihue","1","OK"
"8ihuk","3","OK"
"8ihup","26","OK"
"8ihuv","1","OK"
"8ihuy","2","OK"
"8ihv1","13","OK"
"8ihvb","1","OK"
"8ihwi","1","OK"
"8ihwm","2","OK"
"8ihxc","1","OK"
"8ihxl","1","OK"
"8ihxp","1","OK"
"8ihxy","1","OK"
"8ihy6","1","OK"
"8ihyb","4","OK"
"8ihyi","1","OK"
"8ihz5","4","OK"
"8ihzv","1","OK"
"8ihzw","2","OK"
"8ihzy","44","OK"
"8ii07","3","OK"
"8ii0g","16","OK"
"8ii0i","22","OK"
"8ii0k","53","OK"
"8ii11","237","OK"
"8ii14","12","OK"
"8ii1p","9","OK"
"8ii1r","49","OK"
"8ii26","79","OK"
"8ii2b","43","OK"
"8ii2l","2","OK"
"8ii2n","2","OK"
"8ii3a","88","OK"
"8ii4l","3","OK"
"8ii4n","2","OK"
"8ii4y","1","OK"
"8ii58","8","OK"
"8ii5a","6","OK"
"8ii5u","1","OK"
"8ii6o","3","OK"
"8ii7u","179","OK"
"8ii9a","29","OK"
"8iiai","3","OK"
"8iiby","4","OK"
"8iic8","1","OK"
"8iicn","2","OK"
"8iid3","160","OK"
"8iid4","486","Fraud"
"8iidh","4","OK"
"8iidk","58","OK"
"8iidm","191","OK"
"8iidn","106","OK"
"8iidr","173","OK"
"8iie9","5","OK"
"8iieo","2","OK"
"8iig5","202","OK"
"8iigf","2","OK"
"8iigk","1","OK"
"8iigl","85","OK"
"8iigz","10","OK"
"8iih9","53","OK"
"8iiii","1","OK"
"8iiiv","4","OK"
"8iij1","1","OK"
"8iijd","2","OK"
"8iijk","12","OK"
"8iijt","132","OK"
"8iik1","101","OK"
"8iilm","1","OK"
"8iim7","1","OK"
"8iimi","1","OK"
"8iina","62","OK"
"8iinm","2","OK"
"8iiov","1","OK"
"8iiq8","1","OK"
"8iiqq","1","OK"
"8iir0","48","OK"
"8iird","11","OK"
"8iitn","1","OK"
"8iitu","43","OK"
"8iitv","21","OK"
"8iivd","79","OK"
"8iivr","99","OK"
"8iiwo","2","OK"
"8iix3","1","OK"
"8iixo","6","OK"
"8iixv","6","OK"
"8iixy","1","OK"
"8iixz","2","OK"
"8iiy4","54","OK"
"8iiyk","10","OK"
"8ij00","2","OK"
"8ij02","3","OK"
"8ij0g","1447","OK"
"8ij0y","35","OK"
"8ij1v","1","OK"
"8ij22","15","OK"
"8ij28","2","OK"
"8ij2q","13","OK"
"8ij2z","30","OK"
"8ij34","1","OK"
"8ij3p","2","OK"
"8ij42","77","OK"
"8ij4e","2","OK"
"8ij4s","1","OK"
"8ij4w","3","OK"
"8ij4y","113","OK"
"8ij4z","3","OK"
"8ij59","587","OK"
"8ij5w","48","OK"
"8ij62","1","OK"
"8ij63","2","OK"
"8ij6x","3","OK"
"8ij77","1","OK"
"8ij7g","1","OK"
"8ij8t","3","OK"
"8ij92","107","OK"
"8ij9m","36","OK"
"8ijat","5","OK"
"8ijb4","2","OK"
"8ijb7","3","OK"
"8ijb8","589","OK"
"8ijba","968","OK"
"8ijbf","126","OK"
"8ijcm","13","OK"
"8ijd3","9","OK"
"8ijdf","1","OK"
"8ije6","2","OK"
"8ijed","1","OK"
"8ijei","7","OK"
"8ijeq","2","OK"
"8ijf6","1","OK"
"8ijfb","18","OK"
"8ijfd","46","OK"
"8ijfl","1","OK"
"8ijgn","1","OK"
"8ijj1","1","OK"
"8ijjb","1","OK"
"8ijlc","3","OK"
"8ijmb","1","OK"
"8ijod","7","OK"
"8ijq9","6","OK"
"8ijql","33","Observation"
"8ijqm","1","OK"
"8ijqn","1","OK"
"8ijqw","2","OK"
"8ijro","5","OK"
"8ijs4","1","OK"
"8ijsn","2","OK"
"8ijsu","1","OK"
"8ijtd","2","OK"
"8ijub","2","OK"
"8ijva","1","OK"
"8ijw3","5","OK"
"8ijwf","1","OK"
"8ijx4","1","OK"
"8ijy9","11","OK"
"8ijyd","19","OK"
"8ijzd","211","Observation"
"8ijze","61","OK"
"8ijzf","5","OK"
"8ijzi","63","OK"
"8ijzj","173","Fraud"
"8ijzx","306","OK"
"8ik0f","1","OK"
"8ik0g","2","OK"
"8ik0y","13","OK"
"8ik15","1","OK"
"8ik16","2","OK"
"8ik1o","1","OK"
"8ik1t","2","OK"
"8ik2b","8","OK"
"8ik2u","5","OK"
"8ik4w","4","OK"
"8ik58","851","OK"
"8ik59","10","OK"
"8ik67","1","OK"
"8ik6c","2","OK"
"8ik6x","1","OK"
"8ik7d","14","OK"
"8ik7m","1","OK"
"8ik7q","1","OK"
"8ik9c","5","OK"
"8ik9l","2","OK"
"8ik9s","1","OK"
"8ik9t","49","OK"
"8ika3","5","OK"
"8ikah","56","OK"
"8ikap","1","OK"
"8ikaq","1","OK"
"8ikb5","23","OK"
"8ikba","7","OK"
"8ikc8","1","OK"
"8ikdj","3","OK"
"8ikdw","6","OK"
"8ike2","2","OK"
"8ikf1","7","OK"
"8ikfo","10","OK"
"8ikg6","4","OK"
"8ikg9","1","OK"
"8iki8","1","OK"
"8ikip","52","OK"
"8ikjp","6","OK"
"8iklg","1","OK"
"8ikm9","15","OK"
"8ikme","12","OK"
"8ikmz","1","OK"
"8ikn6","31","OK"
"8ikna","12","OK"
"8ikou","147","OK"
"8ikpq","36","Observation"
"8ikr4","87","OK"
"8iks0","7","OK"
"8ikt9","321","Fraud"
"8ikuf","1","OK"
"8ikvr","13","OK"
"8ikyc","1","OK"
"8ikzq","27","OK"
"8il0o","3689","Fraud"
"8il17","1","OK"
"8il1w","93","OK"
"8il22","11","OK"
"8il2j","8","OK"
"8il2x","66","OK"
"8il3g","45","OK"
"8il3o","1","OK"
"8il3v","26","OK"
"8il4c","20","OK"
"8il4n","49","OK"
"8il4r","3","OK"
"8il6b","31","OK"
"8il79","5","OK"
"8il7m","1","OK"
"8il8k","2","OK"
"8ilbu","30","OK"
"8ilbx","1491","OK"
"8ilc9","1","OK"
"8ildb","4","OK"
"8ildi","546","OK"
"8ildn","2","OK"
"8ilee","1","OK"
"8ilel","3","OK"
"8ilf9","16","OK"
"8ilff","3","OK"
"8ilfu","132","OK"
"8ilh8","1","OK"
"8ili5","5","OK"
"8iljx","428","OK"
"8iljy","12","OK"
"8ill4","4","OK"
"8ilm3","3","OK"
"8ilm4","2","OK"
"8ilma","2","OK"
"8ilmh","2","OK"
"8ilnq","1","OK"
"8ilnu","4","OK"
"8iloh","3","OK"
"8ilok","186","Observation"
"8ilp2","2","OK"
"8ilqt","664","OK"
"8ils4","1","OK"
"8ils9","753","Observation"
"8ilu4","1","OK"
"8iluh","2","OK"
"8iluo","1","OK"
"8iluy","695","Observation"
"8ilyg","3","OK"
"8ilzp","24","OK"
"8ilzu","1","OK"
"8im0u","50","OK"
"8im11","5","OK"
"8im12","1","OK"
"8im1a","1","OK"
"8im1j","1","OK"
"8im29","1","OK"
"8im41","21","OK"
"8im4f","124","OK"
"8im4k","6","OK"
"8im4l","5","OK"
"8im50","1","OK"
"8im59","2145","OK"
"8im6c","6","OK"
"8im6t","198","OK"
"8im78","15","OK"
"8im90","1","OK"
"8im9a","643","OK"
"8imbb","1","OK"
"8imcs","123","OK"
"8imd2","4623","OK"
"8imdp","2","OK"
"8imdt","17","OK"
"8ime3","22","OK"
"8ime7","14","OK"
"8imef","5","OK"
"8imfu","1","OK"
"8img5","1","OK"
"8imgt","261","OK"
"8imh7","1","OK"
"8imho","2","OK"
"8imhp","1","OK"
"8imhz","2","OK"
"8imi0","2","OK"
"8imib","4","OK"
"8imik","1","OK"
"8imk8","78","Observation"
"8imkc","19","Observation"
"8imkd","29","OK"
"8imko","3","OK"
"8immj","2824","OK"
"8immk","7","OK"
"8immq","1","OK"
"8immu","1","OK"
"8imna","7","OK"
"8imob","77","OK"
"8impo","66","OK"
"8imqe","97","OK"
"8imqn","2","OK"
"8imrg","10","OK"
"8imrr","9","OK"
"8ims6","31","Fraud"
"8imt7","1","OK"
"8imtk","3","OK"
"8imtz","1","OK"
"8imu3","7","OK"
"8imv2","35","OK"
"8imvn","128","OK"
"8imvu","2","OK"
"8imw6","2","OK"
"8imwm","5","OK"
"8imwn","5","OK"
"8imwx","301","OK"
"8imxk","1","OK"
"8imxz","2","OK"
"8imy8","1","OK"
"8imyq","1","OK"
"8imyz","2","OK"
"8imz2","4","OK"
"8imza","3","OK"
"8imzd","316","OK"
"8imze","16","OK"
"8imzr","29","OK"
"8imzv","19","OK"
"8in00","1","OK"
"8in07","5","OK"
"8in0d","532","OK"
"8in0q","1","OK"
"8in1c","4","OK"
"8in1d","24","OK"
"8in1s","967","OK"
"8in1t","253","OK"
"8in1y","1","OK"
"8in20","1","OK"
"8in2d","2","OK"
"8in2g","2","OK"
"8in34","3","OK"
"8in35","13","OK"
"8in36","1","OK"
"8in3c","559","OK"
"8in41","1","OK"
"8in43","1","OK"
"8in49","2","OK"
"8in4e","1","OK"
"8in66","5","OK"
"8in69","1930","OK"
"8in6a","2049","OK"
"8in7f","35","OK"
"8in80","4","OK"
"8in8e","21","Fraud"
"8in8l","2","OK"
"8in8z","6","OK"
"8in9f","1","OK"
"8in9m","4","OK"
"8ina8","1","OK"
"8inag","3","OK"
"8inat","1","OK"
"8inay","1309","OK"
"8inbg","1","OK"
"8inca","1","OK"
"8incg","2","OK"
"8inch","1","OK"
"8inck","21","OK"
"8ind9","1","OK"
"8indc","15","OK"
"8inei","21","OK"
"8inf7","18","OK"
"8ingg","8","OK"
"8ings","44","OK"
"8inhr","120","OK"
"8ini4","5","OK"
"8ini5","1","OK"
"8inig","9","OK"
"8inil","3","OK"
"8injc","4","OK"
"8injo","3","OK"
"8inkd","2","OK"
"8inld","1","OK"
"8inn7","86","OK"
"8ino6","208","OK"
"8inp3","3","OK"
"8inrc","4","OK"
"8ins1","16","OK"
"8insm","6","OK"
"8insr","3","OK"
"8intf","4","OK"
"8inu8","2","OK"
"8inum","32","OK"
"8invg","1","OK"
"8inwd","44","OK"
"8inwo","33","OK"
"8inwq","27","OK"
"8inwx","1","OK"
"8inz6","10","OK"
"8inz8","44","OK"
"8io28","14","OK"
"8io3k","3","OK"
"8io3v","2","OK"
"8io4k","1","OK"
"8io4t","3","OK"
"8io5j","238","OK"
"8io5s","240","OK"
"8io79","1","OK"
"8io7a","2","OK"
"8io8s","22","OK"
"8io95","4","OK"
"8io9t","3","OK"
"8ioac","30","OK"
"8ioad","172","Observation"
"8ioaf","131","OK"
"8iob1","9","OK"
"8ioby","2","OK"
"8iofb","1","OK"
"8iohm","1","OK"
"8ioj0","1","OK"
"8iok5","1","OK"
"8iokr","1","OK"
"8ioml","1","OK"
"8iomw","1","OK"
"8ionb","1","OK"
"8ionh","1","OK"
"8ionj","1","OK"
"8ioo5","4","OK"
"8ioo7","3","OK"
"8ioov","1","OK"
"8ioqe","99","OK"
"8ior0","3","OK"
"8iory","1","OK"
"8iosv","299","OK"
"8iot1","61","OK"
"8iott","1","OK"
"8iou1","4","OK"
"8iou5","2","OK"
"8iou8","15","OK"
"8ioui","2","OK"
"8ioul","3","OK"
"8iow5","7","OK"
"8iowu","5","OK"
"8ioyh","3","OK"
"8ioyz","1","OK"
"8iozi","4","OK"
"8ip10","2","OK"
"8ip1i","1","OK"
"8ip1v","76","OK"
"8ip45","979","OK"
"8ip46","2","OK"
"8ip4d","2392","OK"
"8ip5p","120","OK"
"8ip5q","22","OK"
"8ip65","1","OK"
"8ip71","891","Observation"
"8ip85","1","OK"
"8ip8o","2","OK"
"8ipat","3","OK"
"8ipcr","3","OK"
"8ipdk","1","OK"
"8ipdp","2","OK"
"8ipdr","1","OK"
"8ipeq","1","OK"
"8ipg0","2","OK"
"8ipg1","2","OK"
"8ipgq","8","OK"
"8ipgz","1","OK"
"8iph1","1","OK"
"8ipif","1","OK"
"8ipiu","2","OK"
"8ipks","3","OK"
"8ipls","21","OK"
"8ipm4","2","OK"
"8ipn0","1","OK"
"8ipoi","2","OK"
"8ipoo","45","OK"
"8ippe","3","OK"
"8ippl","1","OK"
"8ipr3","33","OK"
"8iprx","1","OK"
"8ipxe","25","OK"
"8ipxf","2","OK"
"8iq0e","34","OK"
"8iq0h","1","OK"
"8iq0l","11","OK"
"8iq0m","2","OK"
"8iq0q","12","OK"
"8iq0r","3","OK"
"8iq11","1","OK"
"8iq1n","1","OK"
"8iq1z","65","Observation"
"8iq22","14","OK"
"8iq3b","5","OK"
"8iq4r","115","OK"
"8iq53","462","OK"
"8iq7l","1","OK"
"8iq7q","4","OK"
"8iq85","3","OK"
"8iqbs","2","OK"
"8iqd8","1","OK"
"8iqde","6","OK"
"8iqe6","2","OK"
"8iqec","1","OK"
"8iqee","1","OK"
"8iqez","1","OK"
"8iqfg","4","OK"
"8iqhl","1","OK"
"8iqip","1","OK"
"8iqjj","1","OK"
"8iqk3","4","OK"
"8iqks","1","OK"
"8iqni","3","OK"
"8iqnn","4","OK"
"8iqnv","482","OK"
"8iqp5","1","OK"
"8iqqe","1","OK"
"8iqr5","1","OK"
"8iqsf","1","OK"
"8iqsw","1","OK"
"8iqtd","2","OK"
"8iqth","5","OK"
"8iqu0","1","OK"
"8iqu4","1","OK"
"8iqu5","1","OK"
"8iqua","1","OK"
"8iqug","93","OK"
"8iqur","1","OK"
"8iquu","1","OK"
"8iqvd","1","OK"
"8iqvi","10","OK"
"8iqvo","1","OK"
"8iqvp","3","OK"
"8iqvs","5","OK"
"8iqw0","1","OK"
"8iqw1","50","OK"
"8iqw2","5","OK"
"8iqw6","22","OK"
"8iqw8","10","OK"
"8iqw9","2","OK"
"8iqwa","19","OK"
"8iqwb","4","OK"
"8iqwc","5","OK"
"8iqwe","1","OK"
"8iqwf","1","OK"
"8iqwy","1","OK"
"8iqx9","3","OK"
"8iqxa","15","OK"
"8iqxb","2","OK"
"8iqxi","1","OK"
"8iqym","1","OK"
"8iqyw","19","OK"
"8iqzc","32","OK"
"8iqzg","14","OK"
"8iqzh","34","OK"
"8iqzi","245","OK"
"8iqzk","163","OK"
"8iqzl","13","OK"
"8iqzm","12","OK"
"8iqzn","24","OK"
"8iqzo","31","OK"
"8iqzp","71","OK"
"8iqzs","189","OK"
"8iqzu","8","OK"
"8iqzw","175","OK"
"8iqzz","27","OK"
"8ir00","52","OK"
"8ir01","128","OK"
"8ir05","239","Fraud"
"8ir06","34","OK"
"8ir07","236","OK"
"8ir09","49","OK"
"8ir0d","23","OK"
"8ir0f","61","OK"
"8ir0i","4","OK"
"8ir0v","2","OK"
"8ir0z","1","OK"
"8ir14","14","OK"
"8ir16","38","OK"
"8ir1o","1","OK"
"8ir25","8","OK"
"8ir28","1","OK"
"8ir2b","5","OK"
"8ir2e","7","OK"
"8ir2l","5","OK"
"8ir2o","1","OK"
"8ir2s","1","OK"
"8ir3v","3","OK"
"8ir4d","1","OK"
"8ir6j","1","OK"
"8ir6k","1","OK"
"8ir6w","1","OK"
"8ir7h","1","OK"
"8ir96","95","OK"
"8irab","1629","OK"
"8irb0","10","OK"
"8irbp","37","OK"
"8irck","3","OK"
"8ircl","6","OK"
"8ircq","7","OK"
"8ircw","2","OK"
"8ircy","1","OK"
"8irdq","1","OK"
"8irdv","6","OK"
"8ire4","6","OK"
"8irek","1","OK"
"8irgx","3","OK"
"8irid","2","OK"
"8irih","91","OK"
"8iriv","28","OK"
"8irjv","4","OK"
"8irk4","135","OK"
"8irkm","4","OK"
"8irl1","1","OK"
"8irlc","273","OK"
"8irle","18","OK"
"8irll","62","Observation"
"8irob","6282","OK"
"8irot","124","OK"
"8irq0","303","OK"
"8irqh","1","OK"
"8irqi","1","OK"
"8irqk","1","OK"
"8irr8","2","OK"
"8irr9","6","OK"
"8irrl","1","OK"
"8irrw","1","OK"
"8irrx","38","Observation"
"8irs5","13","OK"
"8irsq","2","OK"
"8irsy","12","OK"
"8irt8","17","OK"
"8irtb","1","OK"
"8irtc","4","OK"
"8irti","2","OK"
"8irtu","1","OK"
"8iru0","2","OK"
"8iru3","1","OK"
"8irui","92","OK"
"8iruq","1","OK"
"8irvj","45","OK"
"8irwu","1","OK"
"8irzv","1","OK"
"8is01","34","OK"
"8is0l","2","OK"
"8is1d","7","OK"
"8is20","5","OK"
"8is2b","66","OK"
"8is2k","53","Fraud"
"8is2p","2","OK"
"8is30","1","OK"
"8is32","1","OK"
"8is41","1","OK"
"8is47","5","OK"
"8is4p","1","OK"
"8is4w","50","OK"
"8is4x","4","OK"
"8is5e","28","OK"
"8is5f","1","OK"
"8is5h","36","Observation"
"8is5o","7","OK"
"8is5q","8","OK"
"8is5r","4","OK"
"8is6u","2","OK"
"8is82","129","OK"
"8is85","1","OK"
"8is87","9","OK"
"8is8g","12","OK"
"8isas","529","OK"
"8isat","201","OK"
"8isau","3","OK"
"8isbh","8","OK"
"8isbo","2","OK"
"8isbr","1","OK"
"8isbz","13","OK"
"8isch","1228","Observation"
"8iscw","10","OK"
"8iscy","13","OK"
"8isd4","1","OK"
"8isd6","1","OK"
"8isdb","10","OK"
"8isdq","3","OK"
"8ise8","3","OK"
"8isei","3","OK"
"8ises","204","OK"
"8iseu","8","OK"
"8isf7","10","OK"
"8isfp","1","OK"
"8isfs","1","OK"
"8isgu","3","OK"
"8ish6","51","OK"
"8ishk","13","OK"
"8ishn","4","OK"
"8isi3","1","OK"
"8isj3","655","OK"
"8isj9","19","OK"
"8isje","8","OK"
"8isk1","1","OK"
"8isk6","1","OK"
"8islr","7","OK"
"8isme","2","OK"
"8ismw","1","OK"
"8isp2","1","OK"
"8isrm","14","OK"
"8isrt","1","OK"
"8issu","53","OK"
"8isvf","1","OK"
"8isxs","3","OK"
"8isxw","1","OK"
"8isyx","1","OK"
"8isz2","1","OK"
"8isz4","1","OK"
"8it0b","5","OK"
"8it0m","1","OK"
"8it0v","3","OK"
"8it18","5","OK"
"8it2h","38","OK"
"8it36","1299","Fraud"
"8it3p","13","OK"
"8it4b","1","OK"
"8it51","38","OK"
"8it52","8","OK"
"8it54","4","OK"
"8it55","9","OK"
"8it57","2","OK"
"8it59","2","OK"
"8it5a","2","OK"
"8it5b","2","OK"
"8it5c","3","OK"
"8it5d","1","OK"
"8it5e","6","OK"
"8it5i","3","OK"
"8it5k","3","OK"
"8it5n","4","OK"
"8it5o","3","OK"
"8it5q","2","OK"
"8it5r","2","OK"
"8it5t","19","OK"
"8it63","1","OK"
"8it65","1","OK"
"8it66","1","OK"
"8it6j","6","OK"
"8it7k","2","OK"
"8it7m","1","OK"
"8it7o","2","OK"
"8it7p","1","OK"
"8it8j","14","OK"
"8it8l","1","OK"
"8it8q","2","OK"
"8it9g","227","OK"
"8it9n","3","OK"
"8it9p","64","OK"
"8it9w","40","OK"
"8itaa","3","OK"
"8itap","446","Observation"
"8itat","1","OK"
"8itb0","1748","OK"
"8itb1","914","OK"
"8itcr","171","OK"
"8itcx","1","OK"
"8itdr","3","OK"
"8itdx","1","OK"
"8ite3","823","OK"
"8iteu","2","OK"
"8itf4","6","OK"
"8itfc","1","OK"
"8itgs","10","OK"
"8ith0","5","OK"
"8ith4","893","OK"
"8ith6","1","OK"
"8ithb","1","OK"
"8ithf","429","Observation"
"8ithn","1","OK"
"8ithu","50","OK"
"8ithz","1","OK"
"8itif","5","OK"
"8itio","1","OK"
"8itiu","9","OK"
"8itj5","8","OK"
"8itji","542","OK"
"8itk7","7","OK"
"8itka","1","OK"
"8itkq","4","OK"
"8itks","2","OK"
"8itkt","8","OK"
"8itl2","1","OK"
"8itl8","1","OK"
"8itla","1","OK"
"8itlh","15","OK"
"8itli","2","OK"
"8itlt","7","OK"
"8itly","66","OK"
"8itm2","1","OK"
"8itme","11","OK"
"8itmi","470","OK"
"8itmu","4","OK"
"8itnb","1","OK"
"8itod","6","OK"
"8itoe","1","OK"
"8itof","52","OK"
"8itop","64","OK"
"8itos","1","OK"
"8itoz","3","OK"
"8itp0","3","OK"
"8itpk","5","OK"
"8itq3","1","OK"
"8itql","3","OK"
"8itqs","1","OK"
"8itrb","16","OK"
"8itre","51","OK"
"8itrn","3","OK"
"8itro","1","OK"
"8itrq","8","OK"
"8its6","3","OK"
"8itsg","1","OK"
"8itsw","2","OK"
"8itt6","1","OK"
"8ittc","70","OK"
"8itth","1","OK"
"8ittq","1","OK"
"8ittu","1","OK"
"8ittv","2","OK"
"8ituk","1","OK"
"8itvb","1","OK"
"8itww","1","OK"
"8itx1","10","OK"
"8itx5","239","OK"
"8itxs","3","OK"
"8itxx","5","OK"
"8ityd","6","OK"
"8itzi","5","OK"
"8iu02","1","OK"
"8iu0k","3","OK"
"8iu23","9","OK"
"8iu2c","438","Observation"
"8iu38","1","OK"
"8iu3e","18","OK"
"8iu3h","56","OK"
"8iu4c","26","OK"
"8iu57","1","OK"
"8iu5r","2","OK"
"8iu66","11","OK"
"8iu6m","1","OK"
"8iu6x","5","OK"
"8iu74","1","OK"
"8iu76","312","Observation"
"8iu77","8","OK"
"8iu7b","1","OK"
"8iu7d","559","OK"
"8iu7w","1","OK"
"8iu82","1","OK"
"8iua3","6","OK"
"8iuan","502","Observation"
"8iuav","2","OK"
"8iub1","2","OK"
"8iucx","10","OK"
"8iufj","4","OK"
"8iufr","1","OK"
"8iufs","7","OK"
"8iufv","2","OK"
"8iugo","1","OK"
"8iuhr","1","OK"
"8iui3","1","OK"
"8iuia","1123","OK"
"8iuip","1","OK"
"8iujq","3","OK"
"8iujx","33","OK"
"8iukd","1","OK"
"8iuls","5","OK"
"8ium6","1","OK"
"8iumc","5","OK"
"8iume","50","OK"
"8iumx","4","OK"
"8iun9","46","OK"
"8iuna","3","OK"
"8iunk","1","OK"
"8iuo8","37","OK"
"8iuok","7","OK"
"8iuqb","2","OK"
"8iuqh","4","OK"
"8iuqk","37","OK"
"8iuqp","1","OK"
"8iuqv","1","OK"
"8iurr","3","OK"
"8iuuw","1","OK"
"8iuv4","2","OK"
"8iuv6","15","OK"
"8iuv8","4","OK"
"8iuv9","16","OK"
"8iuva","3","OK"
"8iuwa","1","OK"
"8iuxg","1","OK"
"8iuxk","2","OK"
"8iuxq","22","OK"
"8iuy6","1","OK"
"8iuyv","12","OK"
"8iv07","2","OK"
"8iv0i","1","OK"
"8iv0s","1","OK"
"8iv0x","7","OK"
"8iv1g","1","OK"
"8iv1m","2","OK"
"8iv1x","15","OK"
"8iv2t","1","OK"
"8iv3o","1","OK"
"8iv48","1","OK"
"8iv4d","1","OK"
"8iv4h","1","OK"
"8iv4j","16","OK"
"8iv58","1","OK"
"8iv5f","1","OK"
"8iv5p","1","OK"
"8iv65","4","OK"
"8iv6j","2","OK"
"8iv7e","105","OK"
"8iv7j","41","OK"
"8iv8i","1","OK"
"8iv9n","22","OK"
"8ivbf","104","Observation"
"8ivbn","13","OK"
"8ivbx","1","OK"
"8ivcn","1","OK"
"8ivdi","15","OK"
"8ivdx","5","OK"
"8ive3","1","OK"
"8ive5","1","OK"
"8ivea","5","OK"
"8iveg","2","OK"
"8ivf6","13","OK"
"8ivfj","1","OK"
"8ivfk","178","OK"
"8ivge","2","OK"
"8ivhg","1","OK"
"8ivhr","41","OK"
"8ivir","1556","OK"
"8iviz","1","OK"
"8ivj4","1","OK"
"8ivjv","323","OK"
"8ivkm","1","OK"
"8ivkn","70","OK"
"8ivlh","300","Fraud"
"8ivlp","9","Observation"
"8ivm9","1","OK"
"8ivmk","3","OK"
"8ivnj","1","OK"
"8ivnk","2","OK"
"8ivnx","1","OK"
"8ivny","1","OK"
"8ivo7","15","OK"
"8ivof","206","OK"
"8ivp6","2","OK"
"8ivpt","1","OK"
"8ivpv","220","OK"
"8ivql","1","OK"
"8ivsv","1","OK"
"8ivsx","89","OK"
"8ivti","10","OK"
"8ivtm","2","OK"
"8ivtv","1","OK"
"8ivwj","233","OK"
"8ivwr","5","OK"
"8ivwv","1","OK"
"8ivxp","1","OK"
"8ivy4","103","OK"
"8ivy5","1","OK"
"8ivyc","7","OK"
"8ivyu","1","OK"
"8iw0a","1","OK"
"8iw0n","3","OK"
"8iw0r","747","OK"
"8iw1f","2","OK"
"8iw1v","2","OK"
"8iw21","2","OK"
"8iw29","6","OK"
"8iw31","1","OK"
"8iw3u","1","OK"
"8iw46","4","OK"
"8iw4a","4","OK"
"8iw55","1","OK"
"8iw5p","4","OK"
"8iw5r","1","OK"
"8iw6k","1","OK"
"8iw6v","1","OK"
"8iw7e","4","OK"
"8iw7i","3","OK"
"8iw84","31","OK"
"8iw9s","12","OK"
"8iwaa","2","OK"
"8iwac","1","OK"
"8iwag","1","OK"
"8iwak","4","OK"
"8iwau","1","OK"
"8iwav","2","OK"
"8iwbt","4","OK"
"8iwe6","3","OK"
"8iweh","1","OK"
"8iwf2","1","OK"
"8iwfs","3","OK"
"8iwg3","9","OK"
"8iwh3","2","OK"
"8iwhf","1","OK"
"8iwhh","1","OK"
"8iwhi","74","OK"
"8iwid","692","OK"
"8iwii","7","OK"
"8iwj3","1","OK"
"8iwjs","4","OK"
"8iwky","2","OK"
"8iwl4","84","OK"
"8iwl5","7","OK"
"8iwmb","147","OK"
"8iwn7","1","OK"
"8iwnh","2","OK"
"8iwo2","132","OK"
"8iwos","58","Fraud"
"8iwp2","39","Fraud"
"8iwp3","348","OK"
"8iwpy","1","OK"
"8iwq4","31","OK"
"8iwq6","1","OK"
"8iwqm","2","OK"
"8iwqv","2","OK"
"8iwrl","18","OK"
"8iwrx","7","OK"
"8iws2","2","OK"
"8iws4","1","OK"
"8iws7","4","OK"
"8iwsa","2","OK"
"8iwsc","5","OK"
"8iwu7","65","OK"
"8iwug","3","OK"
"8iwv8","8","OK"
"8iwvi","3","OK"
"8iwvl","17","OK"
"8iwx5","2","OK"
"8iwxs","2","OK"
"8iwxv","4","OK"
"8iwy8","194","OK"
"8iwz0","1","OK"
"8ix09","1","OK"
"8ix0c","1","OK"
"8ix2h","26","OK"
"8ix3h","1","OK"
"8ix6h","1","OK"
"8ix6p","162","Fraud"
"8ix86","1","OK"
"8ix89","2","OK"
"8ixdk","1","OK"
"8ixgd","21","OK"
"8ixgl","4","OK"
"8ixl3","18","OK"
"8ixly","5","OK"
"8ixlz","8","OK"
"8ixoq","100","OK"
"8ixor","336","OK"
"8ixp4","1","OK"
"8ixq4","674","OK"
"8ixq5","1192","OK"
"8ixs1","4","OK"
"8ixsd","324","OK"
"8ixue","1","OK"
"8ixuj","1","OK"
"8ixvg","33","OK"
"8ixvu","306","OK"
"8ixy5","1","OK"
"8ixzl","1","OK"
"8ixzs","501","OK"
"8ixzt","389","OK"
"8iy03","1747","OK"
"8iy0v","74","Observation"
"8iy1m","1","OK"
"8iy36","13","OK"
"8iy4x","1","OK"
"8iy5g","164","OK"
"8iy6x","1","OK"
"8iy7x","9","OK"
"8iy9b","3","OK"
"8iyb9","2","OK"
"8iyc8","241","OK"
"8iydk","1","OK"
"8iyea","1","OK"
"8iyfx","8","OK"
"8iyi9","12","OK"
"8iyj6","5","OK"
"8iyo2","1","OK"
"8iysb","264","OK"
"8iyvp","61","OK"
"8iywe","1","OK"
"8iyxe","6","OK"
"8iz0o","1","OK"
"8iz1c","1599","OK"
"8iz2a","63","OK"
"8iz2c","19","OK"
"8iz2e","7","OK"
"8iz2m","49","OK"
"8iz2n","68","OK"
"8iz48","18","OK"
"8iz6y","2","OK"
"8iz7h","2","OK"
"8iz7i","484","OK"
"8iz80","1","OK"
"8iz8t","1","OK"
"8iz91","11","OK"
"8izah","5","OK"
"8izak","1","OK"
"8izam","1","OK"
"8izan","1","OK"
"8izao","1","OK"
"8izar","3","OK"
"8izau","12","OK"
"8izav","6","OK"
"8izaw","3","OK"
"8izay","1","OK"
"8izbp","1","OK"
"8izbt","7","OK"
"8ize1","1","OK"
"8izgi","4","OK"
"8izjs","1","OK"
"8izkp","1","OK"
"8izlr","4","OK"
"8iznj","841","OK"
"8izot","1","OK"
"8izpa","44","OK"
"8izsa","1","OK"
"8izt5","255","Observation"
"8izt6","280","Observation"
"8iztc","25","OK"
"8iztd","2","OK"
"8iztj","12","OK"
"8izts","1","OK"
"8izu7","2","OK"
"8izv8","5","OK"
"8izwb","19","OK"
"8izwe","33","Fraud"
"8izxr","11","OK"
"8izzv","152","OK"
"8j00e","3","OK"
"8j01d","1","OK"
"8j029","1","OK"
"8j07i","21","OK"
"8j07s","8","OK"
"8j085","4","OK"
"8j08y","1779","OK"
"8j094","1","OK"
"8j096","2","OK"
"8j09p","2","OK"
"8j0a9","4","OK"
"8j0ao","1","OK"
"8j0b4","191","OK"
"8j0b5","239","OK"
"8j0bs","17","OK"
"8j0bz","1","OK"
"8j0da","2","OK"
"8j0dl","1","OK"
"8j0eq","5","OK"
"8j0fj","60","OK"
"8j0g9","9","OK"
"8j0h6","2","OK"
"8j0hb","16","OK"
"8j0j9","8","OK"
"8j0m9","1","OK"
"8j0mk","7","OK"
"8j0mw","5","OK"
"8j0n4","63","OK"
"8j0ov","91","OK"
"8j0oz","1","OK"
"8j0pl","656","Fraud"
"8j0py","1","OK"
"8j0qc","105","OK"
"8j0qr","1","OK"
"8j0su","2","OK"
"8j0tb","1","OK"
"8j0tg","2","OK"
"8j0w1","1121","Observation"
"8j0wb","4","OK"
"8j0ww","20","OK"
"8j0x3","44","OK"
"8j0x9","410","Observation"
"8j0z9","1","OK"
"8j10c","13511","OK"
"8j11k","3","OK"
"8j121","6","OK"
"8j12n","5","OK"
"8j15b","6","OK"
"8j16r","1","OK"
"8j18g","2","OK"
"8j197","23","OK"
"8j19d","15","OK"
"8j19f","261","OK"
"8j19x","491","OK"
"8j1a0","4","OK"
"8j1a1","185","OK"
"8j1a2","97","OK"
"8j1a3","2","OK"
"8j1a6","3","OK"
"8j1a7","2","OK"
"8j1aj","170","OK"
"8j1di","4","OK"
"8j1fp","2","OK"
"8j1h7","1","OK"
"8j1j6","2","OK"
"8j1lc","28","OK"
"8j1od","297","OK"
"8j1pb","13","OK"
"8j1pd","2278","OK"
"8j1q5","1","OK"
"8j1qi","1","OK"
"8j1rc","3","OK"
"8j1s7","1","OK"
"8j1se","12","OK"
"8j1so","7","OK"
"8j1sp","14","OK"
"8j1sw","10","OK"
"8j1t4","75","OK"
"8j1ti","2218","OK"
"8j1u4","3","OK"
"8j1u5","9","OK"
"8j1uw","4","OK"
"8j1x0","2","OK"
"8j1xv","2","OK"
"8j1y0","1","OK"
"8j1y6","2","OK"
"8j20z","191","OK"
"8j22j","3","OK"
"8j22t","2","OK"
"8j23z","8","OK"
"8j240","1","OK"
"8j24h","1","OK"
"8j26k","22","OK"
"8j279","6","OK"
"8j27p","2","OK"
"8j295","1","OK"
"8j29y","4","OK"
"8j2b6","8","OK"
"8j2b9","10","OK"
"8j2dz","1","OK"
"8j2e0","2670","OK"
"8j2e9","1","OK"
"8j2er","1","OK"
"8j2f8","7","OK"
"8j2hf","625","Observation"
"8j2i2","14","OK"
"8j2ix","361","Observation"
"8j2kd","1","OK"
"8j2ki","1","OK"
"8j2li","1","OK"
"8j2m4","1022","Observation"
"8j2nt","74","OK"
"8j2pr","6","OK"
"8j2r9","6","OK"
"8j2s6","230","OK"
"8j2s7","1023","OK"
"8j2td","18","OK"
"8j2to","2","OK"
"8j2tr","1","OK"
"8j2uy","91","Fraud"
"8j2z5","7","OK"
"8j2zn","1","OK"
"8j307","5","OK"
"8j30b","7","OK"
"8j30i","1","OK"
"8j30r","17","Fraud"
"8j311","30","OK"
"8j319","2","OK"
"8j31t","1084","Observation"
"8j31u","23","OK"
"8j326","1","OK"
"8j329","1","OK"
"8j32k","11","OK"
"8j32l","34","OK"
"8j32m","95","OK"
"8j34p","3","OK"
"8j368","2142","Observation"
"8j369","556","Observation"
"8j36c","1","OK"
"8j36d","1586","Observation"
"8j36e","1199","OK"
"8j36f","22","OK"
"8j36t","142","OK"
"8j38c","1","OK"
"8j398","1","OK"
"8j39n","13","OK"
"8j39x","66","OK"
"8j3e7","1","OK"
"8j3ej","6","OK"
"8j3fg","27","OK"
"8j3fs","2","OK"
"8j3gw","6874","OK"
"8j3j2","1","OK"
"8j3kg","9","OK"
"8j3l0","1","OK"
"8j3ln","1","OK"
"8j3nw","23","OK"
"8j3oy","1","OK"
"8j3th","1","OK"
"8j3u4","34","OK"
"8j3xi","41","OK"
"8j3xm","2","OK"
"8j3z1","6","OK"
"8j3zu","9","OK"
"8j416","141","OK"
"8j41t","1","OK"
"8j42p","1","OK"
"8j437","8","OK"
"8j43i","2","OK"
"8j46c","2793","OK"
"8j470","1","OK"
"8j49w","13","OK"
"8j4ap","1","OK"
"8j4ch","39","OK"
"8j4dw","1","OK"
"8j4fc","14","OK"
"8j4fe","2","OK"
"8j4gq","282","OK"
"8j4gr","1462","OK"
"8j4hv","2","OK"
"8j4li","3","OK"
"8j4mp","131","OK"
"8j4nq","2","OK"
"8j4o3","1","OK"
"8j4og","2","OK"
"8j4pk","2","OK"
"8j4pp","373","OK"
"8j4qz","233","OK"
"8j4sj","1","OK"
"8j4tc","6","OK"
"8j4tl","1","OK"
"8j4tm","2","OK"
"8j4uo","219","OK"
"8j4uq","6","OK"
"8j4v5","13","OK"
"8j4vg","8","OK"
"8j4vj","1","OK"
"8j4ye","75","OK"
"8j507","131","OK"
"8j510","4","OK"
"8j51f","60","Observation"
"8j522","9","OK"
"8j523","22","OK"
"8j52r","14","OK"
"8j53q","9","OK"
"8j53t","140","OK"
"8j54k","5","OK"
"8j54x","1","OK"
"8j55y","8021","OK"
"8j55z","6837","OK"
"8j57g","2","OK"
"8j59e","3","OK"
"8j5a2","3","OK"
"8j5an","436","OK"
"8j5bx","59","OK"
"8j5cg","17","OK"
"8j5d0","54","OK"
"8j5dj","92","OK"
"8j5dk","1","OK"
"8j5dn","1","OK"
"8j5ey","3","OK"
"8j5f7","4","OK"
"8j5fu","45","OK"
"8j5gg","448","OK"
"8j5gh","1004","OK"
"8j5gi","132","OK"
"8j5gj","810","OK"
"8j5h0","6","OK"
"8j5hb","1","OK"
"8j5hx","1","OK"
"8j5ig","4","OK"
"8j5ix","2","OK"
"8j5lq","2","OK"
"8j5lt","3608","OK"
"8j5n1","2","OK"
"8j5n8","2","OK"
"8j5ne","1","OK"
"8j5oc","2","OK"
"8j5od","2","OK"
"8j5ol","5","OK"
"8j5qz","1","OK"
"8j5r6","53","OK"
"8j5rx","1","OK"
"8j5t5","8","OK"
"8j5wq","1","OK"
"8j5xt","1","OK"
"8j5zr","3","OK"
"8j5zs","7","OK"
"8j5zz","1032","OK"
"8j603","3","OK"
"8j60b","26","OK"
"8j60m","11","OK"
"8j60q","6","OK"
"8j62o","2","OK"
"8j62v","3","OK"
"8j638","11","OK"
"8j64i","2","OK"
"8j65y","183","OK"
"8j67b","14","OK"
"8j67c","42","OK"
"8j696","213","OK"
"8j69h","1","OK"
"8j69s","1","OK"
"8j6ac","3","OK"
"8j6ae","8","OK"
"8j6b8","1","OK"
"8j6em","79","OK"
"8j6en","27","OK"
"8j6eq","1","OK"
"8j6es","588","OK"
"8j6f7","17","OK"
"8j6fg","13","OK"
"8j6go","6","OK"
"8j6he","8","OK"
"8j6jw","7","OK"
"8j6mc","1","OK"
"8j6nz","5","OK"
"8j6oi","165","OK"
"8j6p7","1","OK"
"8j6pj","2","OK"
"8j6pm","305","OK"
"8j6ze","1","OK"
"8j6zf","162","OK"
"8j70l","27","OK"
"8j72c","1","OK"
"8j732","1","OK"
"8j73t","497","OK"
"8j76o","466","OK"
"8j77b","54","OK"
"8j78u","49","OK"
"8j79o","40","OK"
"8j7ao","1","OK"
"8j7ba","1","OK"
"8j7ct","22","OK"
"8j7dc","1","OK"
"8j7ia","1","OK"
"8j7ic","3","OK"
"8j7iy","3","OK"
"8j7jh","2","OK"
"8j7mj","4","OK"
"8j7si","2","OK"
"8j7t8","9","OK"
"8j7tm","129","Fraud"
"8j7tt","2","OK"
"8j7xq","2","OK"
"8j7yi","1","OK"
"8j7yr","79","OK"
"8j80q","2","OK"
"8j82j","9","OK"
"8j839","1","OK"
"8j83j","7","OK"
"8j83r","2","OK"
"8j83y","2","OK"
"8j87g","202","OK"
"8j87i","4","OK"
"8j8b5","2","OK"
"8j8bn","5","OK"
"8j8bu","5","OK"
"8j8eb","1","OK"
"8j8eo","1","OK"
"8j8et","2","OK"
"8j8gw","1","OK"
"8j8h8","1","OK"
"8j8ho","11","OK"
"8j8hq","1","OK"
"8j8hr","2","OK"
"8j8i3","101","OK"
"8j8j4","3","OK"
"8j8jd","2075","OK"
"8j8jg","3","OK"
"8j8k3","2","OK"
"8j8mt","3","OK"
"8j8mz","67","OK"
"8j8o4","99","OK"
"8j8op","6","OK"
"8j8or","4","OK"
"8j8ou","2","OK"
"8j8q3","2","OK"
"8j8rh","1","OK"
"8j8sa","1","OK"
"8j8se","13","OK"
"8j8sf","9","OK"
"8j8sv","31","OK"
"8j8t2","201","OK"
"8j8tf","3","OK"
"8j8u2","46","OK"
"8j8wj","1","OK"
"8j8yz","107","OK"
"8j8zb","9","OK"
"8j90l","1","OK"
"8j90q","3","OK"
"8j92i","28","OK"
"8j94o","1","OK"
"8j94s","1","OK"
"8j94z","5","OK"
"8j95g","2","OK"
"8j967","37","OK"
"8j9a2","2","OK"
"8j9a5","6","OK"
"8j9aa","4","OK"
"8j9d9","30","OK"
"8j9eq","6","OK"
"8j9ey","1","OK"
"8j9ge","1","OK"
"8j9h2","1","OK"
"8j9h9","1","OK"
"8j9i6","588","OK"
"8j9i7","27","OK"
"8j9i9","170","OK"
"8j9jc","1","OK"
"8j9m9","23","OK"
"8j9ml","5","OK"
"8j9o0","95","OK"
"8j9p4","49","Observation"
"8j9pe","7","OK"
"8j9q3","2","OK"
"8jb5v","1","OK"
"8jc3s","145","OK"
"8jc5o","12","OK"
"8jc8u","1","OK"
"8jc8v","6362","OK"
"8jccm","8","OK"
"8jcez","3","OK"
"8jcfz","1","OK"
"8jcgp","7","OK"
"8jch5","11","OK"
"8jchh","16","OK"
"8jciv","7","OK"
"8jclv","384","OK"
"8jcoh","1","OK"
"8jcru","2","OK"
"8jcuw","1","OK"
"8jg20","203","OK"
"8jg2a","1","OK"
"8jg49","1","OK"
"8jg5r","4","OK"
"8jg82","1","OK"
"8jg8w","1","OK"
"8jg9s","5","OK"
"8jgac","26","OK"
"8jgbu","951","OK"
"8jgcj","6","OK"
"8jgcw","20","OK"
"8jgel","1","OK"
"8jgf3","1","OK"
"8jgg3","17","OK"
"8jggg","1","OK"
"8jgk9","1","OK"
"8jgkk","102","Observation"
"8jgl8","1","OK"
"8jgls","87","OK"
"8jgok","2","OK"
"8jgq9","2","OK"
"8jgqa","3","OK"
"8jgqb","15","OK"
"8jgqr","1","OK"
"8jgt1","6","OK"
"8jgts","16","OK"
"8jgu2","1","OK"
"8jgul","7","OK"
"8jgvx","1","OK"
"8jh5s","1","OK"
"8jh5u","1","OK"
"8jh5v","1","OK"
"8jh60","3","OK"
"8jh7b","26","OK"
"8jh9c","3","OK"
"8jhbl","58","OK"
"8jhcs","1","OK"
"8jhct","1","OK"
"8jhdz","16","OK"
"8jhep","4","OK"
"8jhfv","913","OK"
"8jhge","6","OK"
"8jhgj","1","OK"
"8jhgx","420","OK"
"8jhh0","113","OK"
"8jhi5","2","OK"
"8jhis","2","OK"
"8jhit","3","OK"
"8jhle","1","OK"
"8jhlw","2","OK"
"8jhmk","1","OK"
"8jhnz","142","OK"
"8jhou","11","OK"
"8jhp2","2","OK"
"8jhsv","1","OK"
"8jhtq","1","OK"
"8jhw3","6","OK"
"8jhw9","1","OK"
"8jhyg","3","OK"
"8ji11","2","OK"
"8ji1d","1","OK"
"8ji1k","70","OK"
"8ji1l","2500","OK"
"8ji1s","55","OK"
"8ji1u","75","Observation"
"8ji2e","1","OK"
"8ji49","2","OK"
"8ji4k","205","OK"
"8ji4m","10","OK"
"8ji4n","3","OK"
"8ji60","1","OK"
"8ji8h","37","OK"
"8ji8l","1","OK"
"8ji9t","2","OK"
"8jiak","1","OK"
"8jiam","2","OK"
"8jian","4","OK"
"8jibl","5","OK"
"8jibp","1","OK"
"8jict","36","OK"
"8jid2","1","OK"
"8jiex","57","OK"
"8jif4","1","OK"
"8jifa","5","OK"
"8jiff","16","OK"
"8jigh","11","OK"
"8jik8","1","OK"
"8jil2","2","OK"
"8jim2","1","OK"
"8jin3","6","OK"
"8jior","40","OK"
"8jisx","20","OK"
"8jith","3","OK"
"8jiu2","1","OK"
"8jiuc","28","OK"
"8jiwm","2","OK"
"8jiy2","18","OK"
"8jiy8","2","OK"
"8jiz8","2","OK"
"8jj05","1","OK"
"8jj1n","54","OK"
"8jj1s","1","OK"
"8jj35","1","OK"
"8jj3f","2","OK"
"8jj6m","40","OK"
"8jj7t","8332","OK"
"8jj80","1","OK"
"8jj96","1","OK"
"8jj9d","4","OK"
"8jjao","43","Observation"
"8jjap","379","OK"
"8jjc5","766","OK"
"8jjds","16","OK"
"8jjhc","1","OK"
"8jjji","6901","OK"
"8jjo9","63","OK"
"8jjph","1","OK"
"8jjs6","268","Fraud"
"8jjsg","5","OK"
"8jjve","5","OK"
"8jjvh","6","OK"
"8jjxl","2","OK"
"8jk01","632","OK"
"8jk02","12","OK"
"8jk0d","227","Fraud"
"8jk15","853","OK"
"8jk1x","83","OK"
"8jk3i","41","OK"
"8jk4m","6224","OK"
"8jk57","21","OK"
"8jk7c","1","OK"
"8jk8e","3","OK"
"8jk8g","17158","OK"
"8jk8n","1","OK"
"8jka2","4","OK"
"8jkce","4","OK"
"8jkdf","70","OK"
"8jkdr","21","OK"
"8jkea","11959","OK"
"8jkec","50","OK"
"8jked","100","OK"
"8jkfd","258","OK"
"8jkff","9","OK"
"8jkh1","807","Observation"
"8jkhu","2","OK"
"8jkhv","1","OK"
"8jkij","1926","OK"
"8jkk9","1","OK"
"8jkmi","12","OK"
"8jkof","40","OK"
"8jkor","79","OK"
"8jkp0","777","OK"
"8jkp1","2111","OK"
"8jkqn","16","OK"
"8jkrj","14","OK"
"8jks4","5","OK"
"8jksm","6","OK"
"8jkt3","1","OK"
"8jktn","453","OK"
"8jku2","1","OK"
"8jkul","904","OK"
"8jkv1","64","OK"
"8jkv9","5","OK"
"8jkve","137","OK"
"8jkwc","975","OK"
"8jkwu","9","OK"
"8jky9","62","OK"
"8jl02","2","OK"
"8jl05","17","OK"
"8jl0l","3453","OK"
"8jl0o","1","OK"
"8jl1o","29","OK"
"8jl1u","20","OK"
"8jl23","3","OK"
"8jl39","1","OK"
"8jl3n","19","OK"
"8jl3y","28","Fraud"
"8jl43","5","OK"
"8jl4l","2","OK"
"8jl61","10","OK"
"8jl6e","428","OK"
"8jl7q","191","OK"
"8jla6","47","OK"
"8jlad","1","OK"
"8jlah","1","OK"
"8jlc5","14","OK"
"8jli0","788","OK"
"8jlic","33","OK"
"8jlii","26","OK"
"8jlis","4471","OK"
"8jljk","2","OK"
"8jljl","1","OK"
"8jljm","8","OK"
"8jljq","6","OK"
"8jljr","57201","OK"
"8jlju","8","OK"
"8jlk3","181","OK"
"8jlkt","5","OK"
"8jlms","3","OK"
"8jlmv","4","OK"
"8jlmz","1","OK"
"8jln6","35","OK"
"8jlnl","14","OK"
"8jlos","1011","OK"
"8jlpw","558","OK"
"8jlpz","67","OK"
"8jlr2","2","OK"
"8jlru","2","OK"
"8jlt1","336","OK"
"8jlu6","64","Fraud"
"8jlus","110","OK"
"8jlyt","1","OK"
"8jlzr","96","OK"
"8jm0h","1","OK"
"8jm0y","1","OK"
"8jm18","4","OK"
"8jm4d","122","OK"
"8jm4h","1903","OK"
"8jm4p","1","OK"
"8jm4v","39","OK"
"8jm5b","7","OK"
"8jm5w","421","OK"
"8jm90","283","OK"
"8jm9p","298","OK"
"8jmbn","1","OK"
"8jmch","179","OK"
"8kuma","1","OK"
"8kump","26","OK"
"8kumu","239","Fraud"
"8kun0","2","OK"
"8kun1","37","OK"
"8kun5","4","Fraud"
"8kuno","1","OK"
"8kunr","3","OK"
"8kunx","18","OK"
"8kuo4","1","OK"
"8kuo5","14","OK"
"8kuov","3","OK"
"8kuph","1","OK"
"8kupw","1","OK"
"8kupz","1","OK"
"8kuq2","6","OK"
"8kuqa","7","OK"
"8kuqd","15","OK"
"8kuql","10","OK"
"8kuro","3","OK"
"8kus3","65","OK"
"8kus9","178","OK"
"8kusa","321","OK"
"8kusb","494","OK"
"8kusi","1","OK"
"8kusr","7","OK"
"8kuti","2","OK"
"8kuto","926","OK"
"8kutv","1","OK"
"8kuuh","1","OK"
"8kuv3","1","OK"
"8kuv8","1","OK"
"8kuv9","783","Observation"
"8kuva","31","OK"
"8kuvb","491","Fraud"
"8kuvj","19","OK"
"8kuvn","3","OK"
"8kuvt","10275","OK"
"8kuvy","1","OK"
"8kux8","7","OK"
"8kuxa","5850","Observation"
"8kuxc","1","OK"
"8kuxg","1","OK"
"8kuxh","2","OK"
"8kuxi","2","OK"
"8kuxj","5","OK"
"8kuxk","1","OK"
"8kuxp","1","OK"
"8kuy3","1","OK"
"8kuy4","1","OK"
"8kuy9","1","OK"
"8kuyg","131","OK"
"8kuyp","1","OK"
"8kuys","5","OK"
"8kuze","2","OK"
"8kuzg","11","OK"
"8kuzj","22","OK"
"8kuzl","4","OK"
"8kv08","2931","OK"
"8kv0e","15","OK"
"8kv0o","5","OK"
"8kv0s","2303","Observation"
"8kv3c","6","OK"
"8kv3v","22","Fraud"
"8kv42","2","OK"
"8kv4a","2","OK"
"8kv4d","1","OK"
"8kv4k","20","OK"
"8kv4v","29","OK"
"8kv4x","1","OK"
"8kv5a","1","OK"
"8kv5w","110","Fraud"
"8kv5y","1","OK"
"8kv6q","1","OK"
"8kv6v","51","Fraud"
"8kv6y","7","OK"
"8kv74","27","OK"
"8kv77","3","OK"
"8kv7n","159","Fraud"
"8kv7x","142","Fraud"
"8kv80","7","OK"
"8kv8i","1","OK"
"8kv8s","3","OK"
"8kv90","30","OK"
"8kv97","14","OK"
"8kv9a","6","OK"
"8kv9b","2","OK"
"8kvad","9","OK"
"8kvas","9","OK"
"8kvax","7","OK"
"8kvb3","2","OK"
"8kvbe","3","OK"
"8kvbi","1","OK"
"8kvc4","39","OK"
"8kvc7","24","OK"
"8kvc8","2","OK"
"8kvcs","1","OK"
"8kvct","1","OK"
"8kvdh","3","OK"
"8kve7","37","OK"
"8kvec","6","OK"
"8kven","5","OK"
"8kveo","24","OK"
"8kveq","3","OK"
"8kvey","3","OK"
"8kvfl","1","OK"
"8kvfn","2","OK"
"8kvfr","143","OK"
"8kvg3","1","OK"
"8kvgc","1","OK"
"8kvgp","1","OK"
"8kvgr","2","OK"
"8kvgs","9","OK"
"8kvh1","2","OK"
"8kvh9","4","OK"
"8kvhd","4","OK"
"8kvhi","471","OK"
"8kvhp","1","OK"
"8kvhz","1","OK"
"8kvie","1","OK"
"8kvil","2","OK"
"8kvim","55","OK"
"8kviw","48","OK"
"8kvj1","11","OK"
"8kvjl","1","OK"
"8kvkh","1","OK"
"8kvkj","3","OK"
"8kvkq","8","OK"
"8kvkw","21","OK"
"8kvl0","16","OK"
"8kvl1","50","OK"
"8kvl2","54","OK"
"8kvl6","33","OK"
"8kvl7","194","OK"
"8kvl8","1","OK"
"8kvlp","42","OK"
"8kvlq","2","OK"
"8kvm0","63","OK"
"8kvm1","26","OK"
"8kvm2","118","OK"
"8kvm6","85","OK"
"8kvm7","20","OK"
"8kvma","1","OK"
"8kvmd","1","OK"
"8kvmf","7","OK"
"8kvmo","10","OK"
"8kvmr","37","OK"
"8kvna","41","OK"
"8kvnb","101","Observation"
"8kvnu","2","OK"
"8kvo1","12","OK"
"8kvos","2","OK"
"8kvot","2","OK"
"8kvpb","32","OK"
"8kvpc","3","OK"
"8kvpe","9","OK"
"8kvpg","5","OK"
"8kvpr","1","OK"
"8kvpw","4","OK"
"8kvq0","5","OK"
"8kvqh","3","OK"
"8kvqm","5","OK"
"8kvqp","4","OK"
"8kvr5","1","OK"
"8kvr9","1","OK"
"8kvrh","1","OK"
"8kvrr","3","OK"
"8kvry","2","OK"
"8kvs0","33","OK"
"8kvs1","1","OK"
"8kvs9","9","OK"
"8kvsu","7","OK"
"8kvtr","1","OK"
"8kvtw","1","OK"
"8kvty","87","OK"
"8kvu3","1","OK"
"8kvu7","3","OK"
"8kvug","74","OK"
"8kvuh","3","OK"
"8kvv2","40","Observation"
"8kvv3","2","OK"
"8kvv4","53","OK"
"8kvv6","517","OK"
"8kvv7","52","OK"
"8kvv8","1","OK"
"8kvvd","165","OK"
"8kvvh","55","Observation"
"8kvxs","1","OK"
"8kvy3","3","OK"
"8kvyf","4","OK"
"8kvyo","51","OK"
"8kvyr","3","OK"
"8kvzp","1","OK"
"8kw03","4","OK"
"8kw0f","42","Observation"
"8kw0n","3","OK"
"8kw15","8","OK"
"8kw19","68","OK"
"8kw1q","5","OK"
"8kw28","1","OK"
"8kw2n","1","OK"
"8kw39","1","OK"
"8kw3g","226","OK"
"8kw4u","2","OK"
"8kw4v","1550","Fraud"
"8kw4x","2","OK"
"8kw4z","109","OK"
"8kw53","3","OK"
"8kw5p","2","OK"
"8kw5u","171","Fraud"
"8kw6d","2","OK"
"8kw70","1","OK"
"8kwzo","33","OK"
"8kwzv","7","OK"
"8kwzx","268","Fraud"
"8kwzy","27","OK"
"8kx0a","1","OK"
"8kx0h","8","OK"
"8kx0o","132","OK"
"8kx0y","43","OK"
"8kx17","1","OK"
"8kx19","6","OK"
"8kx1q","1","OK"
"8kx1z","1","Observation"
"8kx21","1","OK"
"8kx25","8","OK"
"8kx29","1","OK"
"8kx2a","1","OK"
"8kx2d","65","Fraud"
"8kx2g","1","OK"
"8kx2r","3","OK"
"8kx2u","35","Fraud"
"8kx2w","49","OK"
"8kx31","3663","OK"
"8kx33","2","OK"
"8kx37","7","OK"
"8kx3a","6","OK"
"8kx3b","4","OK"
"8kx3c","50","OK"
"8kx3f","40","OK"
"8kx3i","20","OK"
"8kx3q","13","OK"
"8kx3r","2","OK"
"8kx47","6","OK"
"8kx4j","2","OK"
"8kx5a","342","OK"
"8kx5c","4","OK"
"8kx5g","4","OK"
"8kx5q","1","Observation"
"8kx6b","1","Observation"
"8kx86","2","Observation"
"8kxdu","3","OK"
"8kxe3","1","OK"
"8kxee","72","OK"
"8kxef","1","OK"
"8kxel","10","Fraud"
"8kxem","11","Fraud"
"8kxep","19","OK"
"8kxer","12","OK"
"8kxev","1","OK"
"8kxew","1","OK"
"8kxez","1","OK"
"8kxf2","443","OK"
"8kxf4","5","OK"
"8kxfb","12","OK"
"8kxfu","1","OK"
"8kxgk","3","OK"
"8kxgm","30","OK"
"8kxgs","295","Fraud"
"8kxgt","91","OK"
"8kxgu","53","OK"
"8kxgv","315","Fraud"
"8kxgy","14","OK"
"8kxhd","1","OK"
"8kxhn","3","OK"
"8kxhp","1","OK"
"8kxhq","5706","OK"
"8kxij","2874","Fraud"
"8kxik","3","OK"
"8kxim","1","OK"
"8kxj4","3","OK"
"8kxj8","45","OK"
"8kxjw","41","OK"
"8kxjy","11","OK"
"8kxkx","1231","Observation"
"8kxl2","1","OK"
"8kxl3","597","Fraud"
"8kxla","10","OK"
"8kxlk","76","OK"
"8kxll","52","OK"
"8kxlo","4","OK"
"8kxlp","654","OK"
"8kxlq","14","OK"
"8kxlr","103","OK"
"8kxlt","389","OK"
"8kxlv","630","Fraud"
"8kxly","1129","Fraud"
"8kxm0","28","OK"
"8kxm9","106","OK"
"8kxmh","61","Fraud"
"8kxml","31","OK"
"8kxmm","1","OK"
"8kxmo","2","OK"
"8kxn2","1","OK"
"8kxn5","26","OK"
"8kxnk","7","OK"
"8kxnl","3412","OK"
"8kxnm","693","Fraud"
"8kxnn","140","Observation"
"8kxnw","13","OK"
"8kxo5","1","OK"
"8kxoj","37","Observation"
"8kxom","12","OK"
"8kxor","9","OK"
"8kxos","1","OK"
"8kxox","2","OK"
"8kxoy","84","Fraud"
"8kxp5","1","OK"
"8kxpa","1","OK"
"8kxpd","6","OK"
"8kxpq","26","OK"
"8kxpv","124","OK"
"8kxq6","76","OK"
"8kxqd","13","OK"
"8kxqf","1","OK"
"8kxqj","18","OK"
"8kxqk","854","Observation"
"8kxqm","89","OK"
"8kxqw","11","OK"
"8kxr9","94","Observation"
"8kxrb","43","Observation"
"8kxrc","46","OK"
"8kxre","116","Observation"
"8kxri","5","OK"
"8kxrj","6","OK"
"8kxrs","25","OK"
"8kxtp","5","OK"
"8kxvk","29","OK"
"8kxxf","27","OK"
"8kxzn","1","OK"
"8kxzu","79","OK"
"8ky0g","1","OK"
"8ky0o","2","OK"
"8ky15","5","OK"
"8ky18","1","OK"
"8ky1v","2","OK"
"8ky22","5","OK"
"8ky2b","1","OK"
"8ky2f","1","OK"
"8ky2l","1","OK"
"8ky2n","1","OK"
"8ky46","11","OK"
"8ky4j","6","OK"
"8ky4k","5","OK"
"8ky4n","6","OK"
"8ky4r","1","OK"
"8ky4x","1","OK"
"8ky50","1","OK"
"8ky5c","7","OK"
"8ky5s","1","OK"
"8ky6d","2","OK"
"8ky6h","51","Fraud"
"8ky6n","22","Fraud"
"8ky6u","5","OK"
"8ky6v","66","OK"
"8ky77","4","OK"
"8ky8n","2","OK"
"8ky8r","1","OK"
"8ky93","1","OK"
"8ky9n","1","OK"
"8kyao","2","OK"
"8kyb9","1","OK"
"8kybc","1","OK"
"8kybl","1087","OK"
"8kybu","1","OK"
"8kyc0","2","OK"
"8kycf","1","OK"
"8kycw","21","OK"
"8kydv","53","Fraud"
"8kygk","6","OK"
"8kygl","1","OK"
"8kygo","1","OK"
"8kygq","45","OK"
"8kygz","1","OK"
"8kyhj","1","OK"
"8kyiq","2","OK"
"8kyjt","2","OK"
"8kyk5","11","OK"
"8kyka","1","OK"
"8kyl4","6","OK"
"8kyl5","34","OK"
"8kyld","6","OK"
"8kymr","1","OK"
"8kynd","2","OK"
"8kynk","1","OK"
"8kyov","992","Fraud"
"8kyow","3","OK"
"8kyoy","1","OK"
"8kyp1","25","OK"
"8kyp7","2","OK"
"8kyp8","3","OK"
"8kypd","20","OK"
"8kypr","4","OK"
"8kyqu","1","OK"
"8kyre","1","OK"
"8kysj","2","OK"
"8kyss","2","OK"
"8kytg","1","OK"
"8kyu8","4","OK"
"8kyvb","330","OK"
"8kyvg","3","OK"
"8kyvt","2","OK"
"8kyvw","4","OK"
"8kyw0","2","OK"
"8kyw6","10","OK"
"8kywb","14","OK"
"8kywm","1","OK"
"8kywq","1","OK"
"8kywy","8","OK"
"8kyxs","1","OK"
"8kyxz","1","OK"
"8kyyv","2","OK"
"8kyz1","7","OK"
"8kyzp","7757","OK"
"8kz2d","10","OK"
"8kz2e","1","OK"
"8kz2y","1","OK"
"8kz4p","1","OK"
"8kz5j","2","OK"
"8kz64","7","OK"
"8kz6l","1","OK"
"8kz6p","85","Fraud"
"8kz6r","1","OK"
"8kz74","1","OK"
"8kz7h","1","OK"
"8kz7i","1","OK"
"8kz7z","3","OK"
"8kz81","11","OK"
"8kz84","93","OK"
"8kz8a","4","OK"
"8kz9c","2","OK"
"8kz9e","3","OK"
"8kz9f","203","OK"
"8kz9k","1","OK"
"8kz9x","2","OK"
"8kzaf","1","OK"
"8kzbb","3192","OK"
"8kzbg","6","OK"
"8kzd5","1","OK"
"8kzds","2","OK"
"8kzen","4","OK"
"8kzep","5","OK"
"8kzer","3","OK"
"8kzes","1","OK"
"8kzf2","1","OK"
"8kzf5","1","OK"
"8kzfo","8","OK"
"8kzgc","1","OK"
"8kzgf","1","OK"
"8kzhr","2","OK"
"8kzhu","1","OK"
"8kzhz","3","OK"
"8kzi1","1","OK"
"8kzi5","1","OK"
"8kzjk","131","Fraud"
"8kzjq","17","OK"
"8kzjy","2","OK"
"8kzkc","2","OK"
"8kzkl","6","OK"
"8kzkp","2","OK"
"8kzkq","1","OK"
"8kzl3","2","OK"
"8kzl6","1","OK"
"8kzlb","1","OK"
"8kzll","18","OK"
"8kzlm","1","OK"
"8kzm1","33","Fraud"
"8kzmh","1","OK"
"8kzmx","1","OK"
"8kzmy","5","OK"
"8kzna","217","OK"
"8kznn","43","OK"
"8kznw","8","OK"
"8kzo4","2","OK"
"8kzom","1","OK"
"8kzpi","4","OK"
"8kzq3","2","OK"
"8kzqd","83","OK"
"8kzqe","2","OK"
"8kzqo","2","OK"
"8kzr4","7","OK"
"8kzr5","16","OK"
"8kzr6","12","OK"
"8kzr7","12","OK"
"8kzr9","6","OK"
"8kzss","11","OK"
"8kzst","8","OK"
"8kzsu","5","OK"
"8kzt1","611","OK"
"8kztj","1","OK"
"8kztp","1","OK"
"8kztq","52","OK"
"8kzu3","2","OK"
"8kzuk","6","OK"
"8kzv1","17","OK"
"8kzvn","425","OK"
"8kzw1","4","OK"
"8kzwc","4","OK"
"8kzwu","102","OK"
"8kzx6","3","OK"
"8kzxc","32","OK"
"8kzxk","15","OK"
"8kzxo","8","OK"
"8kzxz","1164","OK"
"8kzy2","3","OK"
"8kzy5","146","OK"
"8kzyi","203","Observation"
"8kzyz","3","OK"
"8l004","1","OK"
"8l00g","529","OK"
"8l00h","10","Fraud"
"8l00x","1","OK"
"8l014","4","OK"
"8l01a","2","OK"
"8l01b","1","OK"
"8l01g","66","OK"
"8l01w","1","OK"
"8l01y","3","OK"
"8l029","2","OK"
"8l02e","1","OK"
"8l02g","2","OK"
"8l02m","2","OK"
"8l02n","1","OK"
"8l02t","6","OK"
"8l02x","21","OK"
"8l03g","1","OK"
"8l03j","11","OK"
"8l046","1","OK"
"8l04m","9","OK"
"8l04x","11","OK"
"8l04z","37","OK"
"8l050","9","OK"
"8l051","9","OK"
"8l052","9","OK"
"8l053","12","OK"
"8l05k","5","OK"
"8l05l","61","OK"
"8l05z","2","OK"
"8l061","14","OK"
"8l063","6","OK"
"8l06b","1","OK"
"8l071","81","OK"
"8l07i","38","OK"
"8l07n","2","OK"
"8l07q","1","OK"
"8l07t","1","OK"
"8l08l","2","OK"
"8l09b","24","OK"
"8l0a0","6","OK"
"8l0aq","2","OK"
"8l0b4","16","OK"
"8l0bl","175","Observation"
"8l0bm","9","OK"
"8l0c2","5","OK"
"8l0ca","44","OK"
"8l0cx","11","OK"
"8l0e4","20","OK"
"8l0f6","2","OK"
"8l0fs","1","OK"
"8l0fv","1","OK"
"8l0fx","1","OK"
"8l0gr","6","OK"
"8l0ho","2","OK"
"8l0i4","2","OK"
"8l0io","10","OK"
"8l0iu","8","OK"
"8l0iv","9","OK"
"8l0j8","2","OK"
"8l0jf","7","OK"
"8l0k0","1","OK"
"8l0k9","1","OK"
"8l0l8","1","OK"
"8l0lh","4","OK"
"8l0lm","1","OK"
"8l0lv","4","OK"
"8l0m2","1","OK"
"8l0m9","6","OK"
"8l0mw","3","OK"
"8l0n5","1","OK"
"8l0ng","6","OK"
"8l0nw","2","OK"
"8l0p1","5","OK"
"8l0p8","3","OK"
"8l0q6","232","Fraud"
"8l0r9","6","OK"
"8l0rb","15","Fraud"
"8l0rp","39","OK"
"8l0rq","572","OK"
"8l0rr","16","OK"
"8l0sm","396","OK"
"8l0sw","4","OK"
"8l0t1","6","OK"
"8l0t3","1","OK"
"8l0t6","2","OK"
"8l0td","1","OK"
"8l0ty","2","OK"
"8l0u5","1","OK"
"8l0uu","12","OK"
"8l0v8","195","Observation"
"8l0v9","693","OK"
"8l0w0","1","OK"
"8l0wx","34","OK"
"8l0wz","2","OK"
"8l0x3","29","OK"
"8l0x4","3","OK"
"8l0x9","1","OK"
