"partnerid","NoOfUniqueAgent","status"
"8i7uk","57","OK"
"8i7ux","93","OK"
"8i7va","8","OK"
"8i7vb","8","OK"
"8i7vf","1","OK"
"8i7vp","416","OK"
"8i7vq","351","OK"
"8i7vz","131","OK"
"8i7w2","41","OK"
"8i7wb","118","OK"
"8i7wi","158","OK"
"8i7wr","117","OK"
"8i7wv","24","OK"
"8i7xd","96","Observation"
"8i7yy","1","OK"
"8i7z7","32","OK"
"8i7zf","3","OK"
"8i7zk","114","OK"
"8i7zl","109","OK"
"8i804","18","OK"
"8i806","212","OK"
"8i80a","210","OK"
"8i80j","1","OK"
"8i81d","12","OK"
"8i81i","7","OK"
"8i828","258","OK"
"8i82g","11","OK"
"8i82r","5","OK"
"8i82x","3","OK"
"8i830","1","OK"
"8i833","22","OK"
"8i83a","2","OK"
"8i83y","1","OK"
"8i84n","9","OK"
"8i84o","17","OK"
"8i84w","1","OK"
"8i85v","30","OK"
"8i86i","1","OK"
"8i88w","8","OK"
"8i89m","3","OK"
"8i8ar","5","OK"
"8i8bx","51","OK"
"8i8cj","1","OK"
"8i8do","1","OK"
"8i8e5","9","OK"
"8i8e7","1","OK"
"8i8ef","2","OK"
"8i8en","1","OK"
"8i8fk","12","OK"
"8i8fm","15","Observation"
"8i8fn","9","OK"
"8i8fq","11","OK"
"8i8ft","9","OK"
"8i8g3","2","OK"
"8i8go","10","Observation"
"8i8gu","1","OK"
"8i8gx","1","OK"
"8i8gz","1","OK"
"8i8h2","2","OK"
"8i8h7","8","Fraud"
"8i8hw","3","OK"
"8i8ih","1","OK"
"8i8is","14","OK"
"8i8iv","8","OK"
"8i8j2","8","OK"
"8i8jl","2","OK"
"8i8k3","3","OK"
"8i8kg","1","OK"
"8i8ku","1","OK"
"8i8le","12","OK"
"8i8lx","1","OK"
"8i8m6","94","OK"
"8i8mq","2","OK"
"8i8mr","2","OK"
"8i8n6","8","OK"
"8i8no","30","OK"
"8i8nq","1","OK"
"8i8nr","162","OK"
"8i8oh","1","OK"
"8i8p1","15","OK"
"8i8pz","1","OK"
"8i8q4","20","OK"
"8i8qk","3","OK"
"8i8qn","1","OK"
"8i8rs","1","OK"
"8i8s9","1","OK"
"8i8t2","2","OK"
"8i8tt","53","Observation"
"8i8tw","3","OK"
"8i8u1","3","OK"
"8i8u7","1","OK"
"8i8u8","26","OK"
"8i8ub","20","OK"
"8i8ui","5","OK"
"8i8wd","4","OK"
"8i8xq","319","OK"
"8i8ye","555","OK"
"8i8yi","7","OK"
"8i8yn","25","OK"
"8i8yu","13","OK"
"8i8z4","93","OK"
"8i8zd","1","OK"
"8i8ze","54","OK"
"8i8zi","13","OK"
"8i903","25","OK"
"8i90i","2","OK"
"8i90k","273","Fraud"
"8i90m","223","OK"
"8i91i","723","OK"
"8i922","865","OK"
"8i92t","875","OK"
"8i92u","1","OK"
"8i930","83","Observation"
"8i932","5","OK"
"8i936","199","OK"
"8i93o","16","OK"
"8i93q","166","OK"
"8i941","81","OK"
"8i949","192","OK"
"8i94e","2","OK"
"8i94n","1","OK"
"8i94y","7","OK"
"8i95z","52","OK"
"8i969","136","OK"
"8i96u","33","OK"
"8i96x","9","OK"
"8i98h","3","OK"
"8i99h","13","OK"
"8i9a2","1","OK"
"8i9at","10","OK"
"8i9aw","112","OK"
"8i9b4","5","OK"
"8i9bj","13","OK"
"8i9bm","74","OK"
"8i9bs","2","OK"
"8i9bw","11","OK"
"8i9bx","4","OK"
"8i9cn","40","OK"
"8i9co","15","OK"
"8i9cr","16","OK"
"8i9d0","3","OK"
"8i9d1","1","OK"
"8i9d5","32","OK"
"8i9da","60","OK"
"8i9db","1","OK"
"8i9dg","3","OK"
"8i9dp","1","OK"
"8i9dv","13","OK"
"8i9e1","1","OK"
"8i9e9","70","OK"
"8i9ed","1","OK"
"8i9eg","1","OK"
"8i9eq","1","OK"
"8i9f0","2","OK"
"8i9fl","5","OK"
"8i9fv","1","OK"
"8i9g2","27","OK"
"8i9gl","4","OK"
"8i9h8","1","OK"
"8i9hj","1","OK"
"8i9hm","25","OK"
"8i9hn","8","OK"
"8i9ht","102","OK"
"8i9hu","71","OK"
"8i9hw","2","OK"
"8i9hx","99","OK"
"8i9hz","1","OK"
"8i9i1","294","OK"
"8i9i3","261","OK"
"8i9i4","15","OK"
"8i9i5","127","Observation"
"8i9i7","43","OK"
"8i9i9","17","OK"
"8i9ia","170","OK"
"8i9ib","13","OK"
"8i9ic","131","OK"
"8i9id","59","OK"
"8i9ie","38","OK"
"8i9ig","157","OK"
"8i9ih","46","OK"
"8i9ii","201","Observation"
"8i9ij","13","OK"
"8i9ik","54","OK"
"8i9im","162","OK"
"8i9in","139","OK"
"8i9ip","4","OK"
"8i9j4","239","OK"
"8i9j6","576","Observation"
"8i9jf","2","OK"
"8i9jg","133","OK"
"8i9ji","17","OK"
"8i9jj","133","OK"
"8i9jr","2","OK"
"8i9kq","86","OK"
"8i9ky","1","OK"
"8i9nd","3","OK"
"8i9ng","9","OK"
"8i9np","51","OK"
"8i9os","1","OK"
"8i9ot","568","OK"
"8i9p1","2","OK"
"8i9p3","4","OK"
"8i9p4","5","OK"
"8i9p7","22","OK"
"8i9p8","16","OK"
"8i9pt","2","OK"
"8i9q6","6","OK"
"8i9ql","421","OK"
"8i9qu","20","OK"
"8i9s9","55","OK"
"8i9sm","23","OK"
"8i9t0","1","OK"
"8i9tt","26","OK"
"8i9u6","4","OK"
"8i9vn","137","OK"
"8i9ws","2","Fraud"
"8i9xb","17","OK"
"8i9z5","36","OK"
"8i9z6","5","OK"
"8i9z7","2","OK"
"8i9zb","25","OK"
"8i9zp","183","OK"
"8i9zy","11","OK"
"8ia0j","20","OK"
"8ia0n","15","OK"
"8ia11","17","OK"
"8ia16","72","OK"
"8ia19","5","OK"
"8ia1e","8","OK"
"8ia25","1","OK"
"8ia51","6","OK"
"8ia54","1","OK"
"8ia62","6","OK"
"8ia6z","26","OK"
"8ia7h","23","OK"
"8ia7p","32","OK"
"8ia7z","5","OK"
"8ia80","161","OK"
"8ia8k","1","OK"
"8ia8u","71","OK"
"8ia99","3","OK"
"8ia9b","15","OK"
"8ia9d","1","OK"
"8ia9m","83","OK"
"8ia9n","2","OK"
"8iaa6","1","OK"
"8iaar","16","OK"
"8iaay","69","OK"
"8iaaz","14","OK"
"8iab9","56","OK"
"8iabd","38","OK"
"8iabk","3","OK"
"8iabp","9","OK"
"8iac5","1","OK"
"8iac6","132","OK"
"8iact","10","OK"
"8iadk","26","OK"
"8iadn","1","OK"
"8iadr","689","Observation"
"8iadt","311","OK"
"8iae2","1","OK"
"8iae4","1","OK"
"8iaeq","1","OK"
"8iafg","23","OK"
"8iafi","88","OK"
"8iagk","27","OK"
"8iagn","1","OK"
"8iagp","7","OK"
"8iagv","27","OK"
"8iah0","11","OK"
"8iaim","1","OK"
"8iaj2","79","OK"
"8iajv","1","OK"
"8iak0","48","OK"
"8iaks","3","OK"
"8ial7","1","OK"
"8ialk","2","OK"
"8ialy","111","OK"
"8iam0","6","OK"
"8iam4","10","OK"
"8iamd","534","Observation"
"8iaml","5","OK"
"8iaob","2","OK"
"8iaps","2","OK"
"8iaqk","2","OK"
"8iaqp","17","OK"
"8iaqy","3","OK"
"8iar6","6","OK"
"8iark","10","OK"
"8iaru","14","OK"
"8iasq","9","OK"
"8iasz","121","Observation"
"8iata","34","OK"
"8iatv","83","OK"
"8iau4","19","OK"
"8iau5","12","OK"
"8iau7","17","OK"
"8iauu","499","OK"
"8iavq","147","OK"
"8iavx","36","OK"
"8iawe","2","OK"
"8iawh","19","OK"
"8iaxa","4","OK"
"8iaxj","781","Fraud"
"8iayy","1","OK"
"8iazm","128","OK"
"8ib0l","125","OK"
"8ib0m","1","OK"
"8ib12","30","OK"
"8ib14","5","OK"
"8ib16","96","OK"
"8ib1i","2","OK"
"8ib1j","2","OK"
"8ib1t","13","OK"
"8ib1v","2","OK"
"8ib1x","1","OK"
"8ib25","6","OK"
"8ib26","6","OK"
"8ib2d","1","OK"
"8ib2w","16","OK"
"8ib34","3","OK"
"8ib46","2","OK"
"8ib4v","3","OK"
"8ib4y","11","OK"
"8ib4z","116","OK"
"8ib56","247","OK"
"8ib5i","187","OK"
"8ib63","4","OK"
"8ib6f","3","OK"
"8ib6i","2","OK"
"8ib6x","137","OK"
"8ib7h","17","OK"
"8ib7i","1","OK"
"8ib9m","1","OK"
"8ib9o","1","OK"
"8ib9v","2","OK"
"8ibah","288","OK"
"8ibam","1","OK"
"8ibay","1","OK"
"8ibbr","32","OK"
"8ibbv","1","OK"
"8ibcb","1","OK"
"8ibcv","39","OK"
"8ibdg","64","OK"
"8ibdl","7","OK"
"8ibdm","410","OK"
"8iber","2","OK"
"8ibf5","2","OK"
"8ibfa","1","OK"
"8ibg2","12","OK"
"8ibg6","1","OK"
"8ibgj","4","OK"
"8ibgo","5","OK"
"8ibgx","30","OK"
"8ibhn","6","OK"
"8ibid","7","OK"
"8ibiw","5","OK"
"8ibjf","142","OK"
"8ibjo","37","OK"
"8ibke","1","OK"
"8ibkr","92","Fraud"
"8ibl1","1","OK"
"8ibmd","2","OK"
"8ibmq","1","OK"
"8ibmx","7","OK"
"8ibn2","1","OK"
"8ibnz","1","OK"
"8ibo7","5","OK"
"8ibop","7","OK"
"8ibp0","35","OK"
"8ibp7","1","OK"
"8ibp9","7","OK"
"8ibpi","2","OK"
"8ibr7","2","OK"
"8ibt9","29","OK"
"8ibtd","2","OK"
"8ibub","2","OK"
"8ibug","25","OK"
"8ibum","43","OK"
"8ibup","185","OK"
"8ibv4","375","OK"
"8ibw8","131","OK"
"8ibxb","43","OK"
"8ic07","20","OK"
"8ic0m","250","OK"
"8ic0y","54","OK"
"8ic1s","11","OK"
"8ic1t","73","OK"
"8ic1x","1","OK"
"8ic26","289","OK"
"8ic2e","1","OK"
"8ic2q","2","OK"
"8ic3a","13","OK"
"8ic3g","1","OK"
"8ic3o","32","OK"
"8ic3r","1","OK"
"8ic3w","4","OK"
"8ic46","29","OK"
"8ic4i","12","OK"
"8ic4v","234","OK"
"8ic50","1","OK"
"8ic51","4","OK"
"8ic55","2","OK"
"8ic56","386","OK"
"8ic59","1","OK"
"8ic5b","9","OK"
"8ic6b","52","OK"
"8ic6d","8","OK"
"8ic6r","1","OK"
"8ic78","1","OK"
"8ic7z","2","OK"
"8ic8g","5","OK"
"8ic9a","4","OK"
"8ic9l","15","OK"
"8ic9r","3","OK"
"8ica0","3","OK"
"8icam","13","OK"
"8icaw","27","OK"
"8icb3","4","OK"
"8icb9","2","OK"
"8icbb","16","OK"
"8iccd","98","OK"
"8iccn","53","OK"
"8icdb","82","OK"
"8icdj","1","OK"
"8ice8","267","OK"
"8icee","19","OK"
"8icef","33","OK"
"8icfc","1","OK"
"8icfe","264","Observation"
"8icff","246","Observation"
"8icfm","1","OK"
"8icgh","1","OK"
"8ich8","2","OK"
"8ichd","111","OK"
"8ichj","5","OK"
"8ichk","138","OK"
"8ichs","1","OK"
"8ichw","1","OK"
"8icia","51","OK"
"8icim","12","OK"
"8icin","350","OK"
"8icix","2","OK"
"8icoz","1","OK"
"8icp7","151","OK"
"8icq7","10","OK"
"8ictc","19","OK"
"8ictf","1","OK"
"8ictz","78","OK"
"8icu9","7","OK"
"8icuy","11","OK"
"8icv3","1","OK"
"8icvc","15","OK"
"8icwe","6","OK"
"8icx6","1","OK"
"8icxc","8","OK"
"8icxd","2","OK"
"8icxf","6","OK"
"8icxl","42","OK"
"8icyy","11","OK"
"8icz2","156","OK"
"8iczh","173","Fraud"
"8id02","273","OK"
"8id03","110","OK"
"8id0y","9","OK"
"8id0z","18","OK"
"8id1a","3","OK"
"8id2f","1","OK"
"8id2s","1","OK"
"8id2w","9","OK"
"8id2z","29","OK"
"8id56","1","OK"
"8id57","149","OK"
"8id5b","2","OK"
"8id5p","78","Fraud"
"8id6y","193","OK"
"8id6z","14","OK"
"8id7o","61","OK"
"8id7z","1","OK"
"8id89","4","OK"
"8id8z","1","OK"
"8id9y","26","OK"
"8ida1","351","OK"
"8idam","2","OK"
"8idbx","37","OK"
"8idc4","2","OK"
"8iddj","7","OK"
"8iddv","1","OK"
"8iddw","7","OK"
"8ide1","5","OK"
"8ide5","1","OK"
"8idem","3","OK"
"8idf6","1","OK"
"8idfl","3","OK"
"8idg8","2","OK"
"8idgb","1","OK"
"8idh3","1","OK"
"8idhm","15","Fraud"
"8idhn","9","OK"
"8idhp","10","OK"
"8idhs","5","OK"
"8idht","1","OK"
"8idhw","2","OK"
"8idi0","2","OK"
"8idi1","6","OK"
"8idi4","2","OK"
"8idi5","4","OK"
"8idi7","8","OK"
"8idib","1","OK"
"8idit","15","Fraud"
"8idmr","3","OK"
"8idn9","5","OK"
"8idnv","1","OK"
"8idny","1","OK"
"8ido2","6","OK"
"8idoa","4","OK"
"8idob","3","OK"
"8idoc","3","OK"
"8idou","5","OK"
"8idp1","2","OK"
"8idp3","1","OK"
"8ie57","1","OK"
"8ie5k","1","OK"
"8ie7p","3","OK"
"8ie82","3","OK"
"8ie98","1","OK"
"8ie9s","3","OK"
"8iea1","4","OK"
"8ieaq","7","OK"
"8ieaz","5","OK"
"8ieb4","4","OK"
"8iebt","1","OK"
"8iebx","2","OK"
"8ief6","2","OK"
"8iefb","50","OK"
"8iefl","151","OK"
"8iefo","1","OK"
"8iefs","4","OK"
"8ieg2","43","OK"
"8iegi","1","OK"
"8ieh3","2","OK"
"8iehk","11","OK"
"8ieht","1141","Observation"
"8iejt","4","OK"
"8iel9","149","OK"
"8ielc","12","OK"
"8iem5","18","Fraud"
"8iemj","1","OK"
"8ien9","2","OK"
"8ieo7","1","OK"
"8ieol","9","OK"
"8ieqn","11","OK"
"8iequ","1","OK"
"8ies6","7","OK"
"8ies8","106","OK"
"8ieso","1","OK"
"8iet9","480","OK"
"8ietw","6","OK"
"8ieuh","1","OK"
"8iev9","1","OK"
"8ievj","2","OK"
"8ievt","11","OK"
"8ievz","6","Fraud"
"8iex1","16","OK"
"8iex9","320","OK"
"8iexi","2","OK"
"8iext","2","OK"
"8if13","30","OK"
"8if2b","2","OK"
"8if3m","17","OK"
"8if4w","1","OK"
"8if5c","1","OK"
"8if5p","1","OK"
"8if6n","1","OK"
"8if7b","1","OK"
"8if9o","120","Fraud"
"8ifa1","1066","Observation"
"8ifan","21","OK"
"8ifcw","174","Fraud"
"8ifem","3","OK"
"8iff5","2","OK"
"8iff6","1","OK"
"8iffk","111","OK"
"8ifg0","1","OK"
"8ifg9","1","OK"
"8ifgn","3","OK"
"8ifik","69","OK"
"8ifm5","2","OK"
"8ifma","67","OK"
"8ifmk","2","OK"
"8ifna","6","OK"
"8ifnd","1","OK"
"8ifog","67","OK"
"8ifov","26","OK"
"8ifqc","41","OK"
"8ifqi","250","Fraud"
"8ifqk","24","OK"
"8ifvn","1","OK"
"8ifwd","4","OK"
"8ifzw","6","OK"
"8ig0z","2","OK"
"8ig13","1","OK"
"8ig4x","3","OK"
"8ig5c","6","OK"
"8ig76","83","OK"
"8ig8i","13","OK"
"8igb7","11","OK"
"8igbs","1","OK"
"8igbt","2","OK"
"8igbu","2","OK"
"8igc1","25","OK"
"8igcb","11","OK"
"8igdb","1","OK"
"8igdp","1","OK"
"8igem","6","OK"
"8igew","2","OK"
"8igfs","32","OK"
"8igh8","4","OK"
"8igih","2","OK"
"8igj2","35","OK"
"8igji","1","OK"
"8igkk","1","OK"
"8igkp","24","OK"
"8igl1","25","OK"
"8igl7","5","OK"
"8iglk","4","OK"
"8igm1","4","OK"
"8igm8","3","OK"
"8igmr","5","OK"
"8ign1","1","OK"
"8ignc","2","OK"
"8igne","5","OK"
"8igo3","6","OK"
"8igo7","11","OK"
"8igox","13","OK"
"8igpd","1","OK"
"8igpr","5","OK"
"8igql","5","OK"
"8igqx","2","OK"
"8igr1","1","OK"
"8igsh","1","OK"
"8igsi","4","OK"
"8igts","2","OK"
"8igv1","12","OK"
"8igvd","5","OK"
"8igy3","13","OK"
"8igyy","252","Observation"
"8igz8","4","OK"
"8igzo","1","OK"
"8igzs","1","OK"
"8igzy","1","OK"
"8igzz","1","OK"
"8ih09","17","Fraud"
"8ih1h","3","OK"
"8ih1j","1","OK"
"8ih20","13","OK"
"8ih2n","3","OK"
"8ih3o","3","OK"
"8ih4k","3","OK"
"8ih6i","3","OK"
"8iha2","199","Observation"
"8ihab","10","OK"
"8ihac","6","OK"
"8ihaj","17","OK"
"8ihba","164","Observation"
"8ihbr","1","OK"
"8ihbx","551","OK"
"8ihc4","290","OK"
"8ihcj","1","OK"
"8ihck","18","OK"
"8ihcm","1","OK"
"8ihct","3","OK"
"8ihcu","17","OK"
"8ihd5","4","OK"
"8ihdv","31","OK"
"8ihe5","120","OK"
"8ihhk","2","OK"
"8ihij","5","OK"
"8ihik","34","OK"
"8ihk7","421","Observation"
"8ihkj","1","OK"
"8ihkt","70","OK"
"8ihl1","1","Fraud"
"8ihl9","90","OK"
"8ihlr","21","OK"
"8ihn7","41","OK"
"8ihna","79","OK"
"8ihnk","11","OK"
"8ihot","4","OK"
"8ihpi","1630","OK"
"8ihqx","8","OK"
"8ihrz","5","OK"
"8ihs5","22","OK"
"8ihsd","32","OK"
"8ihsp","28","OK"
"8ihth","10","OK"
"8ihtk","1","OK"
"8ihtv","47","OK"
"8ihue","3","OK"
"8ihuk","2","OK"
"8ihup","110","OK"
"8ihuv","1","OK"
"8ihuy","2","OK"
"8ihv1","40","OK"
"8ihvb","1","OK"
"8ihwi","1","OK"
"8ihwm","3","OK"
"8ihxc","1","OK"
"8ihxl","2","OK"
"8ihxp","1","OK"
"8ihxy","1","OK"
"8ihy6","3","OK"
"8ihyb","5","OK"
"8ihyi","1","OK"
"8ihz5","8","OK"
"8ihzv","2","OK"
"8ihzw","6","OK"
"8ihzy","48","OK"
"8ii07","10","OK"
"8ii0g","58","OK"
"8ii0i","53","OK"
"8ii0k","17","OK"
"8ii11","32","OK"
"8ii14","18","OK"
"8ii1p","2","OK"
"8ii1r","116","OK"
"8ii26","16","OK"
"8ii2b","173","OK"
"8ii2l","2","OK"
"8ii2n","1","OK"
"8ii3a","52","OK"
"8ii4l","5","OK"
"8ii4n","1","OK"
"8ii4y","2","OK"
"8ii58","34","OK"
"8ii5a","22","OK"
"8ii5u","1","OK"
"8ii6o","4","OK"
"8ii7u","2","OK"
"8ii9a","104","OK"
"8iiai","1","OK"
"8iiby","3","OK"
"8iic8","2","OK"
"8iicn","5","OK"
"8iid3","206","OK"
"8iid4","342","Fraud"
"8iidh","27","OK"
"8iidk","246","OK"
"8iidm","347","OK"
"8iidn","345","OK"
"8iidr","377","OK"
"8iie9","6","OK"
"8iieo","2","OK"
"8iig5","299","OK"
"8iigf","1","OK"
"8iigk","1","OK"
"8iigl","313","OK"
"8iigz","29","OK"
"8iih9","45","OK"
"8iiii","3","OK"
"8iiiv","1","OK"
"8iij1","1","OK"
"8iijd","2","OK"
"8iijk","86","OK"
"8iijt","260","OK"
"8iik1","417","OK"
"8iilm","2","OK"
"8iim7","2","OK"
"8iimi","2","OK"
"8iina","239","OK"
"8iinm","1","OK"
"8iiov","9","OK"
"8iiq8","5","OK"
"8iiqq","2","OK"
"8iir0","2","OK"
"8iird","30","OK"
"8iitn","1","OK"
"8iitu","99","OK"
"8iitv","5","OK"
"8iivd","124","OK"
"8iivr","7","OK"
"8iiwo","3","OK"
"8iix3","1","OK"
"8iixo","27","OK"
"8iixv","19","OK"
"8iixy","6","OK"
"8iixz","3","OK"
"8iiy4","166","OK"
"8iiyk","24","OK"
"8ij00","2","OK"
"8ij02","11","OK"
"8ij0g","627","OK"
"8ij0y","33","OK"
"8ij1v","1","OK"
"8ij22","6","OK"
"8ij28","2","OK"
"8ij2q","96","OK"
"8ij2z","21","OK"
"8ij34","2","OK"
"8ij3p","1","OK"
"8ij42","175","OK"
"8ij4e","4","OK"
"8ij4s","1","OK"
"8ij4w","4","OK"
"8ij4y","2","OK"
"8ij4z","6","OK"
"8ij59","3","OK"
"8ij5w","14","OK"
"8ij62","1","OK"
"8ij63","10","OK"
"8ij6x","10","OK"
"8ij77","1","OK"
"8ij7g","1","OK"
"8ij8t","1","OK"
"8ij92","195","OK"
"8ij9m","145","OK"
"8ijat","9","OK"
"8ijb4","11","OK"
"8ijb7","22","OK"
"8ijb8","703","OK"
"8ijba","388","OK"
"8ijbf","397","OK"
"8ijcm","82","OK"
"8ijd3","7","OK"
"8ijdf","1","OK"
"8ije6","6","OK"
"8ijed","2","OK"
"8ijei","5","OK"
"8ijeq","3","OK"
"8ijf6","6","OK"
"8ijfb","104","OK"
"8ijfd","99","OK"
"8ijfl","1","OK"
"8ijgn","3","OK"
"8ijj1","1","OK"
"8ijjb","5","OK"
"8ijlc","2","OK"
"8ijmb","1","OK"
"8ijod","39","OK"
"8ijq9","10","OK"
"8ijql","12","Observation"
"8ijqm","3","OK"
"8ijqn","1","OK"
"8ijqw","4","OK"
"8ijro","22","OK"
"8ijs4","1","OK"
"8ijsn","8","OK"
"8ijsu","5","OK"
"8ijtd","1","OK"
"8ijub","18","OK"
"8ijva","4","OK"
"8ijw3","31","OK"
"8ijwf","4","OK"
"8ijx4","10","OK"
"8ijy9","7","OK"
"8ijyd","122","OK"
"8ijzd","188","Observation"
"8ijze","3","OK"
"8ijzf","3","OK"
"8ijzi","129","OK"
"8ijzj","114","Fraud"
"8ijzx","376","OK"
"8ik0f","3","OK"
"8ik0g","1","OK"
"8ik0y","3","OK"
"8ik15","1","OK"
"8ik16","7","OK"
"8ik1o","1","OK"
"8ik1t","6","OK"
"8ik2b","23","OK"
"8ik2u","19","OK"
"8ik4w","14","OK"
"8ik58","650","OK"
"8ik59","26","OK"
"8ik67","1","OK"
"8ik6c","11","OK"
"8ik6x","1","OK"
"8ik7d","60","OK"
"8ik7m","1","OK"
"8ik7q","1","OK"
"8ik9c","2","OK"
"8ik9l","3","OK"
"8ik9s","8","OK"
"8ik9t","2","OK"
"8ika3","5","OK"
"8ikah","139","OK"
"8ikap","3","OK"
"8ikaq","4","OK"
"8ikb5","41","OK"
"8ikba","18","OK"
"8ikc8","1","OK"
"8ikdj","14","OK"
"8ikdw","26","OK"
"8ike2","15","OK"
"8ikf1","18","OK"
"8ikfo","2","OK"
"8ikg6","8","OK"
"8ikg9","4","OK"
"8iki8","4","OK"
"8ikip","167","OK"
"8ikjp","4","OK"
"8iklg","1","OK"
"8ikm9","130","OK"
"8ikme","41","OK"
"8ikmz","2","OK"
"8ikn6","67","OK"
"8ikna","10","OK"
"8ikou","1","OK"
"8ikpq","108","Observation"
"8ikr4","130","OK"
"8iks0","22","OK"
"8ikt9","284","Fraud"
"8ikuf","1","OK"
"8ikvr","32","OK"
"8ikyc","2","OK"
"8ikzq","199","OK"
"8il0o","237","Fraud"
"8il17","4","OK"
"8il1w","316","OK"
"8il22","20","OK"
"8il2j","9","OK"
"8il2x","177","OK"
"8il3g","148","OK"
"8il3o","5","OK"
"8il3v","83","OK"
"8il4c","15","OK"
"8il4n","148","OK"
"8il4r","5","OK"
"8il6b","23","OK"
"8il79","34","OK"
"8il7m","2","OK"
"8il8k","7","OK"
"8ilbu","61","OK"
"8ilbx","268","OK"
"8ilc9","3","OK"
"8ildb","19","OK"
"8ildi","576","OK"
"8ildn","9","OK"
"8ilee","1","OK"
"8ilel","8","OK"
"8ilf9","54","OK"
"8ilff","15","OK"
"8ilfu","187","OK"
"8ilh8","2","OK"
"8ili5","36","OK"
"8iljx","616","OK"
"8iljy","62","OK"
"8ill4","3","OK"
"8ilm3","1","OK"
"8ilm4","27","OK"
"8ilma","3","OK"
"8ilmh","2","OK"
"8ilnq","1","OK"
"8ilnu","24","OK"
"8iloh","5","OK"
"8ilok","314","Observation"
"8ilp2","6","OK"
"8ilqt","280","OK"
"8ils4","3","OK"
"8ils9","125","Observation"
"8ilu4","1","OK"
"8iluh","2","OK"
"8iluo","3","OK"
"8iluy","30","Observation"
"8ilyg","6","OK"
"8ilzp","57","OK"
"8ilzu","1","OK"
"8im0u","179","OK"
"8im11","1","OK"
"8im12","2","OK"
"8im1a","1","OK"
"8im1j","1","OK"
"8im29","4","OK"
"8im41","57","OK"
"8im4f","11","OK"
"8im4k","2","OK"
"8im4l","1","OK"
"8im50","1","OK"
"8im59","120","OK"
"8im6c","11","OK"
"8im6t","304","OK"
"8im78","83","OK"
"8im90","1","OK"
"8im9a","400","OK"
"8imbb","1","OK"
"8imcs","15","OK"
"8imd2","1218","OK"
"8imdp","1","OK"
"8imdt","2","OK"
"8ime3","73","OK"
"8ime7","77","OK"
"8imef","2","OK"
"8imfu","1","OK"
"8img5","1","OK"
"8imgt","314","OK"
"8imh7","6","OK"
"8imho","2","OK"
"8imhp","2","OK"
"8imhz","24","OK"
"8imi0","3","OK"
"8imib","13","OK"
"8imik","1","OK"
"8imk8","95","Observation"
"8imkc","109","Observation"
"8imkd","108","OK"
"8imko","1","OK"
"8immj","259","OK"
"8immk","53","OK"
"8immq","2","OK"
"8immu","7","OK"
"8imna","21","OK"
"8imob","252","OK"
"8impo","37","OK"
"8imqe","163","OK"
"8imqn","2","OK"
"8imrg","1","OK"
"8imrr","39","OK"
"8ims6","166","Fraud"
"8imt7","1","OK"
"8imtk","5","OK"
"8imtz","1","OK"
"8imu3","16","OK"
"8imv2","66","OK"
"8imvn","365","OK"
"8imvu","5","OK"
"8imw6","5","OK"
"8imwm","53","OK"
"8imwn","27","OK"
"8imwx","328","OK"
"8imxk","1","OK"
"8imxz","12","OK"
"8imy8","1","OK"
"8imyq","1","OK"
"8imyz","3","OK"
"8imz2","21","OK"
"8imza","17","OK"
"8imzd","369","OK"
"8imze","48","OK"
"8imzr","100","OK"
"8imzv","32","OK"
"8in00","1","OK"
"8in07","2","OK"
"8in0d","202","OK"
"8in0q","1","OK"
"8in1c","10","OK"
"8in1d","13","OK"
"8in1s","334","OK"
"8in1t","318","OK"
"8in1y","2","OK"
"8in20","1","OK"
"8in2d","16","OK"
"8in2g","1","OK"
"8in34","17","OK"
"8in35","42","OK"
"8in36","1","OK"
"8in3c","215","OK"
"8in41","1","OK"
"8in43","1","OK"
"8in49","7","OK"
"8in4e","2","OK"
"8in66","20","OK"
"8in69","766","OK"
"8in6a","887","OK"
"8in7f","85","OK"
"8in80","5","OK"
"8in8e","137","Fraud"
"8in8l","2","OK"
"8in8z","1","OK"
"8in9f","2","OK"
"8in9m","11","OK"
"8ina8","2","OK"
"8inag","7","OK"
"8inat","5","OK"
"8inay","956","OK"
"8inbg","2","OK"
"8inca","1","OK"
"8incg","1","OK"
"8inch","1","OK"
"8inck","83","OK"
"8ind9","1","OK"
"8indc","29","OK"
"8inei","136","OK"
"8inf7","41","OK"
"8ingg","17","OK"
"8ings","20","OK"
"8inhr","270","OK"
"8ini4","14","OK"
"8ini5","2","OK"
"8inig","24","OK"
"8inil","33","OK"
"8injc","17","OK"
"8injo","2","OK"
"8inkd","8","OK"
"8inld","3","OK"
"8inn7","140","OK"
"8ino6","360","OK"
"8inp3","9","OK"
"8inrc","22","OK"
"8ins1","81","OK"
"8insm","13","OK"
"8insr","1","OK"
"8intf","38","OK"
"8inu8","6","OK"
"8inum","122","OK"
"8invg","4","OK"
"8inwd","87","OK"
"8inwo","56","OK"
"8inwq","3","OK"
"8inwx","6","OK"
"8inz6","17","OK"
"8inz8","64","OK"
"8io28","28","OK"
"8io3k","1","OK"
"8io3v","1","OK"
"8io4k","1","OK"
"8io4t","5","OK"
"8io5j","222","OK"
"8io5s","303","OK"
"8io79","1","OK"
"8io7a","2","OK"
"8io8s","55","OK"
"8io95","19","OK"
"8io9t","9","OK"
"8ioac","2","OK"
"8ioad","99","Observation"
"8ioaf","52","OK"
"8iob1","14","OK"
"8ioby","7","OK"
"8iofb","6","OK"
"8iohm","1","OK"
"8ioj0","1","OK"
"8iok5","1","OK"
"8iokr","1","OK"
"8ioml","2","OK"
"8iomw","2","OK"
"8ionb","3","OK"
"8ionh","1","OK"
"8ionj","5","OK"
"8ioo5","12","OK"
"8ioo7","10","OK"
"8ioov","1","OK"
"8ioqe","161","OK"
"8ior0","4","OK"
"8iory","3","OK"
"8iosv","416","OK"
"8iot1","191","OK"
"8iott","1","OK"
"8iou1","14","OK"
"8iou5","1","OK"
"8iou8","65","OK"
"8ioui","1","OK"
"8ioul","1","OK"
"8iow5","1","OK"
"8iowu","35","OK"
"8ioyh","1","OK"
"8ioyz","1","OK"
"8iozi","17","OK"
"8ip10","2","OK"
"8ip1i","1","OK"
"8ip1v","201","OK"
"8ip45","796","OK"
"8ip46","5","OK"
"8ip4d","819","OK"
"8ip5p","306","OK"
"8ip5q","111","OK"
"8ip65","1","OK"
"8ip71","177","Observation"
"8ip85","1","OK"
"8ip8o","4","OK"
"8ipat","2","OK"
"8ipcr","5","OK"
"8ipdk","2","OK"
"8ipdp","5","OK"
"8ipdr","4","OK"
"8ipeq","6","OK"
"8ipg0","4","OK"
"8ipg1","4","OK"
"8ipgq","13","OK"
"8ipgz","1","OK"
"8iph1","1","OK"
"8ipif","3","OK"
"8ipiu","8","OK"
"8ipks","23","OK"
"8ipls","27","OK"
"8ipm4","14","OK"
"8ipn0","7","OK"
"8ipoi","1","OK"
"8ipoo","189","OK"
"8ippe","3","OK"
"8ippl","4","OK"
"8ipr3","32","OK"
"8iprx","1","OK"
"8ipxe","61","OK"
"8ipxf","2","OK"
"8iq0e","13","OK"
"8iq0h","1","OK"
"8iq0l","79","OK"
"8iq0m","2","OK"
"8iq0q","30","OK"
"8iq0r","4","OK"
"8iq11","2","OK"
"8iq1n","8","OK"
"8iq1z","184","Observation"
"8iq22","100","OK"
"8iq3b","22","OK"
"8iq4r","108","OK"
"8iq53","205","OK"
"8iq7l","1","OK"
"8iq7q","13","OK"
"8iq85","19","OK"
"8iqbs","4","OK"
"8iqd8","1","OK"
"8iqde","13","OK"
"8iqe6","7","OK"
"8iqec","1","OK"
"8iqee","1","OK"
"8iqez","1","OK"
"8iqfg","1","OK"
"8iqhl","4","OK"
"8iqip","1","OK"
"8iqjj","2","OK"
"8iqk3","12","OK"
"8iqks","5","OK"
"8iqni","7","OK"
"8iqnn","4","OK"
"8iqnv","510","OK"
"8iqp5","1","OK"
"8iqqe","7","OK"
"8iqr5","1","OK"
"8iqsf","1","OK"
"8iqsw","1","OK"
"8iqtd","1","OK"
"8iqth","31","OK"
"8iqu0","1","OK"
"8iqu4","1","OK"
"8iqu5","1","OK"
"8iqua","3","OK"
"8iqug","234","OK"
"8iqur","1","OK"
"8iquu","1","OK"
"8iqvd","1","OK"
"8iqvi","11","OK"
"8iqvo","5","OK"
"8iqvp","5","OK"
"8iqvs","1","OK"
"8iqw0","1","OK"
"8iqw1","93","OK"
"8iqw2","22","OK"
"8iqw6","35","OK"
"8iqw8","31","OK"
"8iqw9","7","OK"
"8iqwa","5","OK"
"8iqwb","3","OK"
"8iqwc","23","OK"
"8iqwe","3","OK"
"8iqwf","1","OK"
"8iqwy","2","OK"
"8iqx9","7","OK"
"8iqxa","14","OK"
"8iqxb","6","OK"
"8iqxi","1","OK"
"8iqym","1","OK"
"8iqyw","119","OK"
"8iqzc","102","OK"
"8iqzg","35","OK"
"8iqzh","86","OK"
"8iqzi","300","OK"
"8iqzk","203","OK"
"8iqzl","73","OK"
"8iqzm","94","OK"
"8iqzn","24","OK"
"8iqzo","67","OK"
"8iqzp","248","OK"
"8iqzs","97","OK"
"8iqzu","54","OK"
"8iqzw","182","OK"
"8iqzz","141","OK"
"8ir00","95","OK"
"8ir01","160","OK"
"8ir05","191","Fraud"
"8ir06","107","OK"
"8ir07","175","OK"
"8ir09","225","OK"
"8ir0d","67","OK"
"8ir0f","103","OK"
"8ir0i","3","OK"
"8ir0v","2","OK"
"8ir0z","3","OK"
"8ir14","35","OK"
"8ir16","71","OK"
"8ir1o","3","OK"
"8ir25","2","OK"
"8ir28","2","OK"
"8ir2b","6","OK"
"8ir2e","62","OK"
"8ir2l","2","OK"
"8ir2o","1","OK"
"8ir2s","2","OK"
"8ir3v","8","OK"
"8ir4d","1","OK"
"8ir6j","1","OK"
"8ir6k","1","OK"
"8ir6w","5","OK"
"8ir7h","1","OK"
"8ir96","151","OK"
"8irab","421","OK"
"8irb0","5","OK"
"8irbp","169","OK"
"8irck","8","OK"
"8ircl","15","OK"
"8ircq","22","OK"
"8ircw","1","OK"
"8ircy","2","OK"
"8irdq","2","OK"
"8irdv","1","OK"
"8ire4","1","OK"
"8irek","1","OK"
"8irgx","3","OK"
"8irid","1","OK"
"8irih","176","OK"
"8iriv","3","OK"
"8irjv","3","OK"
"8irk4","56","OK"
"8irkm","8","OK"
"8irl1","2","OK"
"8irlc","290","OK"
"8irle","81","OK"
"8irll","34","Observation"
"8irob","1308","OK"
"8irot","153","OK"
"8irq0","355","OK"
"8irqh","1","OK"
"8irqi","2","OK"
"8irqk","3","OK"
"8irr8","1","OK"
"8irr9","15","OK"
"8irrl","1","OK"
"8irrw","1","OK"
"8irrx","159","Observation"
"8irs5","28","OK"
"8irsq","2","OK"
"8irsy","16","OK"
"8irt8","49","OK"
"8irtb","1","OK"
"8irtc","6","OK"
"8irti","7","OK"
"8irtu","1","OK"
"8iru0","14","OK"
"8iru3","1","OK"
"8irui","2","OK"
"8iruq","3","OK"
"8irvj","194","OK"
"8irwu","3","OK"
"8irzv","1","OK"
"8is01","168","OK"
"8is0l","14","OK"
"8is1d","23","OK"
"8is20","21","OK"
"8is2b","105","OK"
"8is2k","172","Fraud"
"8is2p","2","OK"
"8is30","1","OK"
"8is32","1","OK"
"8is41","1","OK"
"8is47","2","OK"
"8is4p","1","OK"
"8is4w","47","OK"
"8is4x","17","OK"
"8is5e","157","OK"
"8is5f","3","OK"
"8is5h","170","Observation"
"8is5o","24","OK"
"8is5q","53","OK"
"8is5r","23","OK"
"8is6u","1","OK"
"8is82","309","OK"
"8is85","3","OK"
"8is87","35","OK"
"8is8g","31","OK"
"8isas","194","OK"
"8isat","325","OK"
"8isau","1","OK"
"8isbh","19","OK"
"8isbo","1","OK"
"8isbr","1","OK"
"8isbz","75","OK"
"8isch","2","Observation"
"8iscw","53","OK"
"8iscy","84","OK"
"8isd4","1","OK"
"8isd6","3","OK"
"8isdb","43","OK"
"8isdq","10","OK"
"8ise8","10","OK"
"8isei","6","OK"
"8ises","89","OK"
"8iseu","6","OK"
"8isf7","41","OK"
"8isfp","1","OK"
"8isfs","1","OK"
"8isgu","17","OK"
"8ish6","232","OK"
"8ishk","10","OK"
"8ishn","2","OK"
"8isi3","1","OK"
"8isj3","628","OK"
"8isj9","16","OK"
"8isje","28","OK"
"8isk1","1","OK"
"8isk6","1","OK"
"8islr","23","OK"
"8isme","7","OK"
"8ismw","3","OK"
"8isp2","1","OK"
"8isrm","74","OK"
"8isrt","2","OK"
"8issu","60","OK"
"8isvf","1","OK"
"8isxs","1","OK"
"8isxw","1","OK"
"8isyx","2","OK"
"8isz2","8","OK"
"8isz4","1","OK"
"8it0b","16","OK"
"8it0m","1","OK"
"8it0v","8","OK"
"8it18","8","OK"
"8it2h","266","OK"
"8it36","2","Fraud"
"8it3p","65","OK"
"8it4b","3","OK"
"8it51","65","OK"
"8it52","41","OK"
"8it54","30","OK"
"8it55","84","OK"
"8it57","6","OK"
"8it59","5","OK"
"8it5a","7","OK"
"8it5b","4","OK"
"8it5c","15","OK"
"8it5d","13","OK"
"8it5e","43","OK"
"8it5i","14","OK"
"8it5k","21","OK"
"8it5n","24","OK"
"8it5o","3","OK"
"8it5q","5","OK"
"8it5r","6","OK"
"8it5t","86","OK"
"8it63","1","OK"
"8it65","1","OK"
"8it66","2","OK"
"8it6j","1","OK"
"8it7k","5","OK"
"8it7m","1","OK"
"8it7o","13","OK"
"8it7p","7","OK"
"8it8j","65","OK"
"8it8l","1","OK"
"8it8q","1","OK"
"8it9g","310","OK"
"8it9n","4","OK"
"8it9p","204","OK"
"8it9w","149","OK"
"8itaa","14","OK"
"8itap","364","Observation"
"8itat","1","OK"
"8itb0","798","OK"
"8itb1","653","OK"
"8itcr","297","OK"
"8itcx","1","OK"
"8itdr","1","OK"
"8itdx","1","OK"
"8ite3","600","OK"
"8iteu","5","OK"
"8itf4","16","OK"
"8itfc","1","OK"
"8itgs","3","OK"
"8ith0","9","OK"
"8ith4","523","OK"
"8ith6","1","OK"
"8ithb","1","OK"
"8ithf","217","Observation"
"8ithn","4","OK"
"8ithu","78","OK"
"8ithz","4","OK"
"8itif","1","OK"
"8itio","1","OK"
"8itiu","47","OK"
"8itj5","25","OK"
"8itji","239","OK"
"8itk7","22","OK"
"8itka","1","OK"
"8itkq","11","OK"
"8itks","10","OK"
"8itkt","63","OK"
"8itl2","1","OK"
"8itl8","2","OK"
"8itla","1","OK"
"8itlh","53","OK"
"8itli","7","OK"
"8itlt","24","OK"
"8itly","62","OK"
"8itm2","1","OK"
"8itme","1","OK"
"8itmi","468","OK"
"8itmu","17","OK"
"8itnb","1","OK"
"8itod","72","OK"
"8itoe","4","OK"
"8itof","161","OK"
"8itop","143","OK"
"8itos","2","OK"
"8itoz","5","OK"
"8itp0","13","OK"
"8itpk","47","OK"
"8itq3","2","OK"
"8itql","3","OK"
"8itqs","1","OK"
"8itrb","52","OK"
"8itre","148","OK"
"8itrn","30","OK"
"8itro","1","OK"
"8itrq","8","OK"
"8its6","1","OK"
"8itsg","3","OK"
"8itsw","6","OK"
"8itt6","2","OK"
"8ittc","39","OK"
"8itth","1","OK"
"8ittq","1","OK"
"8ittu","4","OK"
"8ittv","1","OK"
"8ituk","3","OK"
"8itvb","1","OK"
"8itww","1","OK"
"8itx1","30","OK"
"8itx5","170","OK"
"8itxs","8","OK"
"8itxx","2","OK"
"8ityd","5","OK"
"8itzi","8","OK"
"8iu02","3","OK"
"8iu0k","2","OK"
"8iu23","4","OK"
"8iu2c","527","Observation"
"8iu38","2","OK"
"8iu3e","64","OK"
"8iu3h","222","OK"
"8iu4c","65","OK"
"8iu57","2","OK"
"8iu5r","2","OK"
"8iu66","72","OK"
"8iu6m","1","OK"
"8iu6x","2","OK"
"8iu74","2","OK"
"8iu76","96","Observation"
"8iu77","10","OK"
"8iu7b","2","OK"
"8iu7d","118","OK"
"8iu7w","1","OK"
"8iu82","3","OK"
"8iua3","12","OK"
"8iuan","451","Observation"
"8iuav","8","OK"
"8iub1","3","OK"
"8iucx","4","OK"
"8iufj","21","OK"
"8iufr","1","OK"
"8iufs","31","OK"
"8iufv","1","OK"
"8iugo","1","OK"
"8iuhr","1","OK"
"8iui3","1","OK"
"8iuia","249","OK"
"8iuip","1","OK"
"8iujq","4","OK"
"8iujx","80","OK"
"8iukd","1","OK"
"8iuls","11","OK"
"8ium6","1","OK"
"8iumc","29","OK"
"8iume","136","OK"
"8iumx","4","OK"
"8iun9","229","OK"
"8iuna","3","OK"
"8iunk","3","OK"
"8iuo8","580","OK"
"8iuok","36","OK"
"8iuqb","1","OK"
"8iuqh","19","OK"
"8iuqk","590","OK"
"8iuqp","1","OK"
"8iuqv","1","OK"
"8iurr","5","OK"
"8iuuw","2","OK"
"8iuv4","12","OK"
"8iuv6","40","OK"
"8iuv8","8","OK"
"8iuv9","6","OK"
"8iuva","21","OK"
"8iuwa","1","OK"
"8iuxg","3","OK"
"8iuxk","2","OK"
"8iuxq","19","OK"
"8iuy6","1","OK"
"8iuyv","20","OK"
"8iv07","6","OK"
"8iv0i","1","OK"
"8iv0s","1","OK"
"8iv0x","39","OK"
"8iv1g","3","OK"
"8iv1m","6","OK"
"8iv1x","30","OK"
"8iv2t","1","OK"
"8iv3o","2","OK"
"8iv48","1","OK"
"8iv4d","1","OK"
"8iv4h","2","OK"
"8iv4j","62","OK"
"8iv58","1","OK"
"8iv5f","2","OK"
"8iv5p","1","OK"
"8iv65","16","OK"
"8iv6j","13","OK"
"8iv7e","119","OK"
"8iv7j","168","OK"
"8iv8i","1","OK"
"8iv9n","454","OK"
"8ivbf","5","Observation"
"8ivbn","93","OK"
"8ivbx","1","OK"
"8ivcn","3","OK"
"8ivdi","43","OK"
"8ivdx","7","OK"
"8ive3","10","OK"
"8ive5","1","OK"
"8ivea","23","OK"
"8iveg","17","OK"
"8ivf6","26","OK"
"8ivfj","4","OK"
"8ivfk","319","OK"
"8ivge","7","OK"
"8ivhg","1","OK"
"8ivhr","49","OK"
"8ivir","460","OK"
"8iviz","2","OK"
"8ivj4","1","OK"
"8ivjv","331","OK"
"8ivkm","1","OK"
"8ivkn","190","OK"
"8ivlh","391","Fraud"
"8ivlp","92","Observation"
"8ivm9","1","OK"
"8ivmk","21","OK"
"8ivnj","1","OK"
"8ivnk","5","OK"
"8ivnx","3","OK"
"8ivny","1","OK"
"8ivo7","54","OK"
"8ivof","264","OK"
"8ivp6","2","OK"
"8ivpt","2","OK"
"8ivpv","118","OK"
"8ivql","1","OK"
"8ivsv","1","OK"
"8ivsx","104","OK"
"8ivti","18","OK"
"8ivtm","4","OK"
"8ivtv","1","OK"
"8ivwj","219","OK"
"8ivwr","9","OK"
"8ivwv","7","OK"
"8ivxp","1","OK"
"8ivy4","57","OK"
"8ivy5","1","OK"
"8ivyc","12","OK"
"8ivyu","1","OK"
"8iw0a","1","OK"
"8iw0n","12","OK"
"8iw0r","4","OK"
"8iw1f","17","OK"
"8iw1v","3","OK"
"8iw21","1","OK"
"8iw29","7","OK"
"8iw31","5","OK"
"8iw3u","1","OK"
"8iw46","9","OK"
"8iw4a","4","OK"
"8iw55","1","OK"
"8iw5p","6","OK"
"8iw5r","2","OK"
"8iw6k","1","OK"
"8iw6v","1","OK"
"8iw7e","24","OK"
"8iw7i","13","OK"
"8iw84","3","OK"
"8iw9s","34","OK"
"8iwaa","2","OK"
"8iwac","1","OK"
"8iwag","1","OK"
"8iwak","2","OK"
"8iwau","1","OK"
"8iwav","2","OK"
"8iwbt","1","OK"
"8iwe6","11","OK"
"8iweh","1","OK"
"8iwf2","1","OK"
"8iwfs","17","OK"
"8iwg3","27","OK"
"8iwh3","9","OK"
"8iwhf","1","OK"
"8iwhh","1","OK"
"8iwhi","17","OK"
"8iwid","641","OK"
"8iwii","37","OK"
"8iwj3","2","OK"
"8iwjs","24","OK"
"8iwky","1","OK"
"8iwl4","63","OK"
"8iwl5","21","OK"
"8iwmb","506","OK"
"8iwn7","1","OK"
"8iwnh","2","OK"
"8iwo2","200","OK"
"8iwos","11","Fraud"
"8iwp2","124","Fraud"
"8iwp3","118","OK"
"8iwpy","1","OK"
"8iwq4","12","OK"
"8iwq6","6","OK"
"8iwqm","7","OK"
"8iwqv","1","OK"
"8iwrl","15","OK"
"8iwrx","41","OK"
"8iws2","10","OK"
"8iws4","2","OK"
"8iws7","15","OK"
"8iwsa","1","OK"
"8iwsc","16","OK"
"8iwu7","121","OK"
"8iwug","20","OK"
"8iwv8","24","OK"
"8iwvi","1","OK"
"8iwvl","91","OK"
"8iwx5","25","OK"
"8iwxs","1","OK"
"8iwxv","14","OK"
"8iwy8","283","OK"
"8iwz0","2","OK"
"8ix09","1","OK"
"8ix0c","1","OK"
"8ix2h","154","OK"
"8ix3h","1","OK"
"8ix6h","8","OK"
"8ix6p","113","Fraud"
"8ix86","1","OK"
"8ix89","3","OK"
"8ixdk","3","OK"
"8ixgd","49","OK"
"8ixgl","10","OK"
"8ixl3","5","OK"
"8ixly","3","OK"
"8ixlz","56","OK"
"8ixoq","149","OK"
"8ixor","275","OK"
"8ixp4","1","OK"
"8ixq4","775","OK"
"8ixq5","935","OK"
"8ixs1","44","OK"
"8ixsd","453","OK"
"8ixue","1","OK"
"8ixuj","2","OK"
"8ixvg","60","OK"
"8ixvu","255","OK"
"8ixy5","4","OK"
"8ixzl","1","OK"
"8ixzs","359","OK"
"8ixzt","208","OK"
"8iy03","710","OK"
"8iy0v","51","Observation"
"8iy1m","2","OK"
"8iy36","77","OK"
"8iy4x","4","OK"
"8iy5g","412","OK"
"8iy6x","1","OK"
"8iy7x","8","OK"
"8iy9b","7","OK"
"8iyb9","9","OK"
"8iyc8","390","OK"
"8iydk","1","OK"
"8iyea","2","OK"
"8iyfx","40","OK"
"8iyi9","80","OK"
"8iyj6","26","OK"
"8iyo2","3","OK"
"8iysb","39","OK"
"8iyvp","234","OK"
"8iywe","1","OK"
"8iyxe","22","OK"
"8iz0o","1","OK"
"8iz1c","477","OK"
"8iz2a","76","OK"
"8iz2c","75","OK"
"8iz2e","37","OK"
"8iz2m","86","OK"
"8iz2n","82","OK"
"8iz48","60","OK"
"8iz6y","8","OK"
"8iz7h","4","OK"
"8iz7i","442","OK"
"8iz80","1","OK"
"8iz8t","2","OK"
"8iz91","111","OK"
"8izah","9","OK"
"8izak","1","OK"
"8izam","1","OK"
"8izan","1","OK"
"8izao","2","OK"
"8izar","4","OK"
"8izau","16","OK"
"8izav","22","OK"
"8izaw","4","OK"
"8izay","1","OK"
"8izbp","2","OK"
"8izbt","36","OK"
"8ize1","1","OK"
"8izgi","2","OK"
"8izjs","2","OK"
"8izkp","1","OK"
"8izlr","5","OK"
"8iznj","308","OK"
"8izot","1","OK"
"8izpa","140","OK"
"8izsa","8","OK"
"8izt5","351","Observation"
"8izt6","116","Observation"
"8iztc","123","OK"
"8iztd","5","OK"
"8iztj","23","OK"
"8izts","1","OK"
"8izu7","3","OK"
"8izv8","2","OK"
"8izwb","92","OK"
"8izwe","143","Fraud"
"8izxr","33","OK"
"8izzv","82","OK"
"8j00e","31","OK"
"8j01d","4","OK"
"8j029","6","OK"
"8j07i","55","OK"
"8j07s","13","OK"
"8j085","2","OK"
"8j08y","444","OK"
"8j094","1","OK"
"8j096","12","OK"
"8j09p","5","OK"
"8j0a9","39","OK"
"8j0ao","15","OK"
"8j0b4","280","OK"
"8j0b5","291","OK"
"8j0bs","173","OK"
"8j0bz","2","OK"
"8j0da","11","OK"
"8j0dl","3","OK"
"8j0eq","39","OK"
"8j0fj","252","OK"
"8j0g9","27","OK"
"8j0h6","1","OK"
"8j0hb","139","OK"
"8j0j9","29","OK"
"8j0m9","3","OK"
"8j0mk","15","OK"
"8j0mw","19","OK"
"8j0n4","63","OK"
"8j0ov","103","OK"
"8j0oz","3","OK"
"8j0pl","228","Fraud"
"8j0py","1","OK"
"8j0qc","77","OK"
"8j0qr","2","OK"
"8j0su","6","OK"
"8j0tb","7","OK"
"8j0tg","8","OK"
"8j0w1","169","Observation"
"8j0wb","12","OK"
"8j0ww","132","OK"
"8j0x3","195","OK"
"8j0x9","302","Observation"
"8j0z9","3","OK"
"8j10c","1156","OK"
"8j11k","6","OK"
"8j121","27","OK"
"8j12n","18","OK"
"8j15b","20","OK"
"8j16r","6","OK"
"8j18g","6","OK"
"8j197","3","OK"
"8j19d","49","OK"
"8j19f","528","OK"
"8j19x","767","OK"
"8j1a0","32","OK"
"8j1a1","376","OK"
"8j1a2","259","OK"
"8j1a3","10","OK"
"8j1a6","25","OK"
"8j1a7","20","OK"
"8j1aj","237","OK"
"8j1di","21","OK"
"8j1fp","3","OK"
"8j1h7","3","OK"
"8j1j6","5","OK"
"8j1lc","58","OK"
"8j1od","260","OK"
"8j1pb","71","OK"
"8j1pd","454","OK"
"8j1q5","1","OK"
"8j1qi","1","OK"
"8j1rc","3","OK"
"8j1s7","1","OK"
"8j1se","61","OK"
"8j1so","21","OK"
"8j1sp","13","OK"
"8j1sw","49","OK"
"8j1t4","172","OK"
"8j1ti","461","OK"
"8j1u4","10","OK"
"8j1u5","36","OK"
"8j1uw","2","OK"
"8j1x0","6","OK"
"8j1xv","15","OK"
"8j1y0","1","OK"
"8j1y6","4","OK"
"8j20z","252","OK"
"8j22j","7","OK"
"8j22t","7","OK"
"8j23z","1","OK"
"8j240","2","OK"
"8j24h","1","OK"
"8j26k","51","OK"
"8j279","30","OK"
"8j27p","5","OK"
"8j295","3","OK"
"8j29y","7","OK"
"8j2b6","42","OK"
"8j2b9","46","OK"
"8j2dz","1","OK"
"8j2e0","634","OK"
"8j2e9","2","OK"
"8j2er","5","OK"
"8j2f8","12","OK"
"8j2hf","35","Observation"
"8j2i2","26","OK"
"8j2ix","32","Observation"
"8j2kd","5","OK"
"8j2ki","5","OK"
"8j2li","2","OK"
"8j2m4","488","Observation"
"8j2nt","48","OK"
"8j2pr","46","OK"
"8j2r9","37","OK"
"8j2s6","484","OK"
"8j2s7","707","OK"
"8j2td","84","OK"
"8j2to","1","OK"
"8j2tr","1","OK"
"8j2uy","222","Fraud"
"8j2z5","18","OK"
"8j2zn","1","OK"
"8j307","20","OK"
"8j30b","8","OK"
"8j30i","1","OK"
"8j30r","77","Fraud"
"8j311","30","OK"
"8j319","1","OK"
"8j31t","134","Observation"
"8j31u","33","OK"
"8j326","2","OK"
"8j329","1","OK"
"8j32k","26","OK"
"8j32l","34","OK"
"8j32m","76","OK"
"8j34p","5","OK"
"8j368","444","Observation"
"8j369","471","Observation"
"8j36c","2","OK"
"8j36d","612","Observation"
"8j36e","519","OK"
"8j36f","64","OK"
"8j36t","641","OK"
"8j38c","2","OK"
"8j398","1","OK"
"8j39n","98","OK"
"8j39x","349","OK"
"8j3e7","1","OK"
"8j3ej","20","OK"
"8j3fg","30","OK"
"8j3fs","9","OK"
"8j3gw","1081","OK"
"8j3j2","2","OK"
"8j3kg","27","OK"
"8j3l0","1","OK"
"8j3ln","1","OK"
"8j3nw","56","OK"
"8j3oy","2","OK"
"8j3th","3","OK"
"8j3u4","95","OK"
"8j3xi","137","OK"
"8j3xm","3","OK"
"8j3z1","2","OK"
"8j3zu","12","OK"
"8j416","351","OK"
"8j41t","3","OK"
"8j42p","1","OK"
"8j437","1","OK"
"8j43i","2","OK"
"8j46c","605","OK"
"8j470","1","OK"
"8j49w","40","OK"
"8j4ap","1","OK"
"8j4ch","3","OK"
"8j4dw","1","OK"
"8j4fc","86","OK"
"8j4fe","7","OK"
"8j4gq","511","OK"
"8j4gr","1129","OK"
"8j4hv","1","OK"
"8j4li","10","OK"
"8j4mp","144","OK"
"8j4nq","4","OK"
"8j4o3","1","OK"
"8j4og","3","OK"
"8j4pk","12","OK"
"8j4pp","435","OK"
"8j4qz","392","OK"
"8j4sj","1","OK"
"8j4tc","28","OK"
"8j4tl","5","OK"
"8j4tm","3","OK"
"8j4uo","268","OK"
"8j4uq","11","OK"
"8j4v5","67","OK"
"8j4vg","17","OK"
"8j4vj","2","OK"
"8j4ye","15","OK"
"8j507","288","OK"
"8j510","1","OK"
"8j51f","260","Observation"
"8j522","22","OK"
"8j523","28","OK"
"8j52r","55","OK"
"8j53q","1","OK"
"8j53t","196","OK"
"8j54k","2","OK"
"8j54x","1","OK"
"8j55y","969","OK"
"8j55z","807","OK"
"8j57g","3","OK"
"8j59e","8","OK"
"8j5a2","23","OK"
"8j5an","317","OK"
"8j5bx","182","OK"
"8j5cg","88","OK"
"8j5d0","189","OK"
"8j5dj","128","OK"
"8j5dk","3","OK"
"8j5dn","1","OK"
"8j5ey","3","OK"
"8j5f7","12","OK"
"8j5fu","145","OK"
"8j5gg","244","OK"
"8j5gh","533","OK"
"8j5gi","151","OK"
"8j5gj","375","OK"
"8j5h0","6","OK"
"8j5hb","1","OK"
"8j5hx","3","OK"
"8j5ig","2","OK"
"8j5ix","14","OK"
"8j5lq","6","OK"
"8j5lt","1305","OK"
"8j5n1","1","OK"
"8j5n8","5","OK"
"8j5ne","4","OK"
"8j5oc","7","OK"
"8j5od","12","OK"
"8j5ol","2","OK"
"8j5qz","1","OK"
"8j5r6","138","OK"
"8j5rx","2","OK"
"8j5t5","14","OK"
"8j5wq","1","OK"
"8j5xt","2","OK"
"8j5zr","4","OK"
"8j5zs","6","OK"
"8j5zz","562","OK"
"8j603","9","OK"
"8j60b","58","OK"
"8j60m","53","OK"
"8j60q","4","OK"
"8j62o","8","OK"
"8j62v","12","OK"
"8j638","62","OK"
"8j64i","5","OK"
"8j65y","228","OK"
"8j67b","26","OK"
"8j67c","34","OK"
"8j696","226","OK"
"8j69h","1","OK"
"8j69s","2","OK"
"8j6ac","11","OK"
"8j6ae","6","OK"
"8j6b8","1","OK"
"8j6em","160","OK"
"8j6en","56","OK"
"8j6eq","1","OK"
"8j6es","761","OK"
"8j6f7","85","OK"
"8j6fg","64","OK"
"8j6go","8","OK"
"8j6he","29","OK"
"8j6jw","35","OK"
"8j6mc","2","OK"
"8j6nz","4","OK"
"8j6oi","359","OK"
"8j6p7","3","OK"
"8j6pj","2","OK"
"8j6pm","268","OK"
"8j6ze","2","OK"
"8j6zf","292","OK"
"8j70l","98","OK"
"8j72c","6","OK"
"8j732","3","OK"
"8j73t","574","OK"
"8j76o","234","OK"
"8j77b","178","OK"
"8j78u","193","OK"
"8j79o","58","OK"
"8j7ao","1","OK"
"8j7ba","1","OK"
"8j7ct","16","OK"
"8j7dc","1","OK"
"8j7ia","1","OK"
"8j7ic","1","OK"
"8j7iy","6","OK"
"8j7jh","10","OK"
"8j7mj","1","OK"
"8j7si","3","OK"
"8j7t8","34","OK"
"8j7tm","313","Fraud"
"8j7tt","4","OK"
"8j7xq","26","OK"
"8j7yi","1","OK"
"8j7yr","244","OK"
"8j80q","10","OK"
"8j82j","18","OK"
"8j839","1","OK"
"8j83j","16","OK"
"8j83r","1","OK"
"8j83y","4","OK"
"8j87g","78","OK"
"8j87i","4","OK"
"8j8b5","2","OK"
"8j8bn","1","OK"
"8j8bu","2","OK"
"8j8eb","1","OK"
"8j8eo","2","OK"
"8j8et","10","OK"
"8j8gw","1","OK"
"8j8h8","1","OK"
"8j8ho","61","OK"
"8j8hq","1","OK"
"8j8hr","7","OK"
"8j8i3","83","OK"
"8j8j4","19","OK"
"8j8jd","443","OK"
"8j8jg","2","OK"
"8j8k3","1","OK"
"8j8mt","13","OK"
"8j8mz","222","OK"
"8j8o4","445","OK"
"8j8op","19","OK"
"8j8or","1","OK"
"8j8ou","1","OK"
"8j8q3","5","OK"
"8j8rh","1","OK"
"8j8sa","1","OK"
"8j8se","42","OK"
"8j8sf","61","OK"
"8j8sv","59","OK"
"8j8t2","150","OK"
"8j8tf","24","OK"
"8j8u2","81","OK"
"8j8wj","2","OK"
"8j8yz","258","OK"
"8j8zb","66","OK"
"8j90l","1","OK"
"8j90q","5","OK"
"8j92i","186","OK"
"8j94o","1","OK"
"8j94s","1","OK"
"8j94z","35","OK"
"8j95g","2","OK"
"8j967","201","OK"
"8j9a2","17","OK"
"8j9a5","4","OK"
"8j9aa","5","OK"
"8j9d9","89","OK"
"8j9eq","20","OK"
"8j9ey","2","OK"
"8j9ge","1","OK"
"8j9h2","2","OK"
"8j9h9","1","OK"
"8j9i6","518","OK"
"8j9i7","145","OK"
"8j9i9","289","OK"
"8j9jc","1","OK"
"8j9m9","58","OK"
"8j9ml","18","OK"
"8j9o0","188","OK"
"8j9p4","156","Observation"
"8j9pe","35","OK"
"8j9q3","11","OK"
"8jb5v","1","OK"
"8jc3s","317","OK"
"8jc5o","43","OK"
"8jc8u","1","OK"
"8jc8v","1086","OK"
"8jccm","56","OK"
"8jcez","4","OK"
"8jcfz","1","OK"
"8jcgp","10","OK"
"8jch5","44","OK"
"8jchh","67","OK"
"8jciv","53","OK"
"8jclv","436","OK"
"8jcoh","1","OK"
"8jcru","8","OK"
"8jcuw","1","OK"
"8jg20","284","OK"
"8jg2a","6","OK"
"8jg49","1","OK"
"8jg5r","6","OK"
"8jg82","1","OK"
"8jg8w","3","OK"
"8jg9s","22","OK"
"8jgac","58","OK"
"8jgbu","615","OK"
"8jgcj","36","OK"
"8jgcw","45","OK"
"8jgel","4","OK"
"8jgf3","1","OK"
"8jgg3","95","OK"
"8jggg","1","OK"
"8jgk9","1","OK"
"8jgkk","140","Observation"
"8jgl8","1","OK"
"8jgls","94","OK"
"8jgok","2","OK"
"8jgq9","1","OK"
"8jgqa","48","OK"
"8jgqb","17","OK"
"8jgqr","1","OK"
"8jgt1","33","OK"
"8jgts","20","OK"
"8jgu2","1","OK"
"8jgul","31","OK"
"8jgvx","1","OK"
"8jh5s","1","OK"
"8jh5u","1","OK"
"8jh5v","1","OK"
"8jh60","1","OK"
"8jh7b","89","OK"
"8jh9c","35","OK"
"8jhbl","171","OK"
"8jhcs","2","OK"
"8jhct","3","OK"
"8jhdz","2","OK"
"8jhep","6","OK"
"8jhfv","754","OK"
"8jhge","42","OK"
"8jhgj","1","OK"
"8jhgx","546","OK"
"8jhh0","14","OK"
"8jhi5","2","OK"
"8jhis","2","OK"
"8jhit","13","OK"
"8jhle","1","OK"
"8jhlw","2","OK"
"8jhmk","1","OK"
"8jhnz","277","OK"
"8jhou","39","OK"
"8jhp2","10","OK"
"8jhsv","2","OK"
"8jhtq","1","OK"
"8jhw3","67","OK"
"8jhw9","4","OK"
"8jhyg","4","OK"
"8ji11","5","OK"
"8ji1d","4","OK"
"8ji1k","297","OK"
"8ji1l","352","OK"
"8ji1s","108","OK"
"8ji1u","39","Observation"
"8ji2e","1","OK"
"8ji49","24","OK"
"8ji4k","405","OK"
"8ji4m","52","OK"
"8ji4n","17","OK"
"8ji60","1","OK"
"8ji8h","76","OK"
"8ji8l","2","OK"
"8ji9t","1","OK"
"8jiak","1","OK"
"8jiam","1","OK"
"8jian","1","OK"
"8jibl","33","OK"
"8jibp","1","OK"
"8jict","41","OK"
"8jid2","1","OK"
"8jiex","158","OK"
"8jif4","3","OK"
"8jifa","6","OK"
"8jiff","52","OK"
"8jigh","51","OK"
"8jik8","1","OK"
"8jil2","8","OK"
"8jim2","2","OK"
"8jin3","12","OK"
"8jior","150","OK"
"8jisx","69","OK"
"8jith","1","OK"
"8jiu2","1","OK"
"8jiuc","59","OK"
"8jiwm","1","OK"
"8jiy2","58","OK"
"8jiy8","4","OK"
"8jiz8","2","OK"
"8jj05","2","OK"
"8jj1n","149","OK"
"8jj1s","1","OK"
"8jj35","1","OK"
"8jj3f","5","OK"
"8jj6m","46","OK"
"8jj7t","1208","OK"
"8jj80","1","OK"
"8jj96","2","OK"
"8jj9d","13","OK"
"8jjao","88","Observation"
"8jjap","367","OK"
"8jjc5","579","OK"
"8jjds","39","OK"
"8jjhc","1","OK"
"8jjji","1234","OK"
"8jjo9","151","OK"
"8jjph","1","OK"
"8jjs6","314","Fraud"
"8jjsg","39","OK"
"8jjve","15","OK"
"8jjvh","6","OK"
"8jjxl","3","OK"
"8jk01","294","OK"
"8jk02","49","OK"
"8jk0d","4","Fraud"
"8jk15","392","OK"
"8jk1x","341","OK"
"8jk3i","176","OK"
"8jk4m","1097","OK"
"8jk57","73","OK"
"8jk7c","4","OK"
"8jk8e","4","OK"
"8jk8g","1676","OK"
"8jk8n","1","OK"
"8jka2","2","OK"
"8jkce","10","OK"
"8jkdf","106","OK"
"8jkdr","102","OK"
"8jkea","1659","OK"
"8jkec","227","OK"
"8jked","456","OK"
"8jkfd","191","OK"
"8jkff","37","OK"
"8jkh1","227","Observation"
"8jkhu","1","OK"
"8jkhv","2","OK"
"8jkij","339","OK"
"8jkk9","1","OK"
"8jkmi","39","OK"
"8jkof","100","OK"
"8jkor","263","OK"
"8jkp0","706","OK"
"8jkp1","993","OK"
"8jkqn","73","OK"
"8jkrj","42","OK"
"8jks4","18","OK"
"8jksm","64","OK"
"8jkt3","2","OK"
"8jktn","314","OK"
"8jku2","1","OK"
"8jkul","577","OK"
"8jkv1","62","OK"
"8jkv9","23","OK"
"8jkve","167","OK"
"8jkwc","702","OK"
"8jkwu","10","OK"
"8jky9","237","OK"
"8jl02","16","OK"
"8jl05","81","OK"
"8jl0l","324","OK"
"8jl0o","1","OK"
"8jl1o","53","OK"
"8jl1u","70","OK"
"8jl23","6","OK"
"8jl39","1","OK"
"8jl3n","66","OK"
"8jl3y","101","Fraud"
"8jl43","21","OK"
"8jl4l","6","OK"
"8jl61","51","OK"
"8jl6e","371","OK"
"8jl7q","361","OK"
"8jla6","121","OK"
"8jlad","1","OK"
"8jlah","3","OK"
"8jlc5","81","OK"
"8jli0","238","OK"
"8jlic","28","OK"
"8jlii","134","OK"
"8jlis","486","OK"
"8jljk","1","OK"
"8jljl","1","OK"
"8jljm","43","OK"
"8jljq","2","OK"
"8jljr","2301","OK"
"8jlju","34","OK"
"8jlk3","346","OK"
"8jlkt","36","OK"
"8jlms","49","OK"
"8jlmv","14","OK"
"8jlmz","1","OK"
"8jln6","93","OK"
"8jlnl","67","OK"
"8jlos","341","OK"
"8jlpw","829","OK"
"8jlpz","68","OK"
"8jlr2","1","OK"
"8jlru","3","OK"
"8jlt1","548","OK"
"8jlu6","285","Fraud"
"8jlus","234","OK"
"8jlyt","2","OK"
"8jlzr","217","OK"
"8jm0h","2","OK"
"8jm0y","1","OK"
"8jm18","15","OK"
"8jm4d","17","OK"
"8jm4h","843","OK"
"8jm4p","1","OK"
"8jm4v","133","OK"
"8jm5b","8","OK"
"8jm5w","498","OK"
"8jm90","335","OK"
"8jm9p","258","OK"
"8jmbn","3","OK"
"8jmch","332","OK"
"8kuma","2","OK"
"8kump","18","OK"
"8kumu","126","Fraud"
"8kun0","2","OK"
"8kun1","118","OK"
"8kun5","6","Fraud"
"8kuno","1","OK"
"8kunr","18","OK"
"8kunx","95","OK"
"8kuo4","2","OK"
"8kuo5","90","OK"
"8kuov","5","OK"
"8kuph","2","OK"
"8kupw","2","OK"
"8kupz","1","OK"
"8kuq2","8","OK"
"8kuqa","68","OK"
"8kuqd","4","OK"
"8kuql","2","OK"
"8kuro","5","OK"
"8kus3","162","OK"
"8kus9","210","OK"
"8kusa","330","OK"
"8kusb","359","OK"
"8kusi","3","OK"
"8kusr","8","OK"
"8kuti","1","OK"
"8kuto","1","OK"
"8kutv","5","OK"
"8kuuh","2","OK"
"8kuv3","1","OK"
"8kuv8","1","OK"
"8kuv9","4","Observation"
"8kuva","136","OK"
"8kuvb","359","Fraud"
"8kuvj","85","OK"
"8kuvn","11","OK"
"8kuvt","361","OK"
"8kuvy","2","OK"
"8kux8","5","OK"
"8kuxa","865","Observation"
"8kuxc","1","OK"
"8kuxg","7","OK"
"8kuxh","12","OK"
"8kuxi","3","OK"
"8kuxj","6","OK"
"8kuxk","1","OK"
"8kuxp","3","OK"
"8kuy3","1","OK"
"8kuy4","1","OK"
"8kuy9","1","OK"
"8kuyg","253","OK"
"8kuyp","1","OK"
"8kuys","59","OK"
"8kuze","6","OK"
"8kuzg","3","OK"
"8kuzj","39","OK"
"8kuzl","8","OK"
"8kv08","1","OK"
"8kv0e","33","OK"
"8kv0o","2","OK"
"8kv0s","243","Observation"
"8kv3c","8","OK"
"8kv3v","93","Fraud"
"8kv42","1","OK"
"8kv4a","4","OK"
"8kv4d","1","OK"
"8kv4k","3","OK"
"8kv4v","77","OK"
"8kv4x","3","OK"
"8kv5a","1","OK"
"8kv5w","9","Fraud"
"8kv5y","1","OK"
"8kv6q","1","OK"
"8kv6v","64","Fraud"
"8kv6y","33","OK"
"8kv74","44","OK"
"8kv77","2","OK"
"8kv7n","2","Fraud"
"8kv7x","3","Fraud"
"8kv80","1","OK"
"8kv8i","4","OK"
"8kv8s","12","OK"
"8kv90","34","OK"
"8kv97","76","OK"
"8kv9a","42","OK"
"8kv9b","14","OK"
"8kvad","51","OK"
"8kvas","48","OK"
"8kvax","63","OK"
"8kvb3","3","OK"
"8kvbe","6","OK"
"8kvbi","2","OK"
"8kvc4","1","OK"
"8kvc7","3","OK"
"8kvc8","2","OK"
"8kvcs","2","OK"
"8kvct","1","OK"
"8kvdh","5","OK"
"8kve7","66","OK"
"8kvec","54","OK"
"8kven","33","OK"
"8kveo","67","OK"
"8kveq","29","OK"
"8kvey","5","OK"
"8kvfl","1","OK"
"8kvfn","4","OK"
"8kvfr","213","OK"
"8kvg3","1","OK"
"8kvgc","1","OK"
"8kvgp","1","OK"
"8kvgr","14","OK"
"8kvgs","4","OK"
"8kvh1","12","OK"
"8kvh9","1","OK"
"8kvhd","6","OK"
"8kvhi","281","OK"
"8kvhp","4","OK"
"8kvhz","1","OK"
"8kvie","4","OK"
"8kvil","6","OK"
"8kvim","158","OK"
"8kviw","150","OK"
"8kvj1","33","OK"
"8kvjl","1","OK"
"8kvkh","1","OK"
"8kvkj","4","OK"
"8kvkq","46","OK"
"8kvkw","133","OK"
"8kvl0","76","OK"
"8kvl1","56","OK"
"8kvl2","220","OK"
"8kvl6","136","OK"
"8kvl7","179","OK"
"8kvl8","1","OK"
"8kvlp","135","OK"
"8kvlq","8","OK"
"8kvm0","55","OK"
"8kvm1","41","OK"
"8kvm2","86","OK"
"8kvm6","88","OK"
"8kvm7","18","OK"
"8kvma","1","OK"
"8kvmd","3","OK"
"8kvmf","32","OK"
"8kvmo","3","OK"
"8kvmr","130","OK"
"8kvna","277","OK"
"8kvnb","22","Observation"
"8kvnu","6","OK"
"8kvo1","41","OK"
"8kvos","5","OK"
"8kvot","12","OK"
"8kvpb","1","OK"
"8kvpc","14","OK"
"8kvpe","10","OK"
"8kvpg","1","OK"
"8kvpr","1","OK"
"8kvpw","19","OK"
"8kvq0","20","OK"
"8kvqh","17","OK"
"8kvqm","43","OK"
"8kvqp","1","OK"
"8kvr5","3","OK"
"8kvr9","1","OK"
"8kvrh","2","OK"
"8kvrr","1","OK"
"8kvry","3","OK"
"8kvs0","26","OK"
"8kvs1","1","OK"
"8kvs9","2","OK"
"8kvsu","16","OK"
"8kvtr","2","OK"
"8kvtw","1","OK"
"8kvty","203","OK"
"8kvu3","1","OK"
"8kvu7","6","OK"
"8kvug","10","OK"
"8kvuh","22","OK"
"8kvv2","109","Observation"
"8kvv3","2","OK"
"8kvv4","156","OK"
"8kvv6","163","OK"
"8kvv7","41","OK"
"8kvv8","1","OK"
"8kvvd","111","OK"
"8kvvh","67","Observation"
"8kvxs","1","OK"
"8kvy3","1","OK"
"8kvyf","21","OK"
"8kvyo","181","OK"
"8kvyr","30","OK"
"8kvzp","2","OK"
"8kw03","1","OK"
"8kw0f","114","Observation"
"8kw0n","8","OK"
"8kw15","1","OK"
"8kw19","156","OK"
"8kw1q","16","OK"
"8kw28","2","OK"
"8kw2n","1","OK"
"8kw39","1","OK"
"8kw3g","225","OK"
"8kw4u","3","OK"
"8kw4v","91","Fraud"
"8kw4x","8","OK"
"8kw4z","16","OK"
"8kw53","5","OK"
"8kw5p","1","OK"
"8kw5u","10","Fraud"
"8kw6d","3","OK"
"8kw70","3","OK"
"8kwzo","4","OK"
"8kwzv","34","OK"
"8kwzx","2","Fraud"
"8kwzy","8","OK"
"8kx0a","1","OK"
"8kx0h","1","OK"
"8kx0o","81","OK"
"8kx0y","2","OK"
"8kx17","3","OK"
"8kx19","20","OK"
"8kx1q","1","OK"
"8kx1z","1","Observation"
"8kx21","1","OK"
"8kx25","3","OK"
"8kx29","1","OK"
"8kx2a","1","OK"
"8kx2d","81","Fraud"
"8kx2g","1","OK"
"8kx2r","4","OK"
"8kx2u","54","Fraud"
"8kx2w","2","OK"
"8kx31","396","OK"
"8kx33","2","OK"
"8kx37","32","OK"
"8kx3a","10","OK"
"8kx3b","2","OK"
"8kx3c","1","OK"
"8kx3f","24","OK"
"8kx3i","1","OK"
"8kx3q","85","OK"
"8kx3r","2","OK"
"8kx47","1","OK"
"8kx4j","2","OK"
"8kx5a","3","OK"
"8kx5c","14","OK"
"8kx5g","17","OK"
"8kx5q","1","Observation"
"8kx6b","1","Observation"
"8kx86","1","Observation"
"8kxdu","14","OK"
"8kxe3","4","OK"
"8kxee","149","OK"
"8kxef","1","OK"
"8kxel","1","Fraud"
"8kxem","1","Fraud"
"8kxep","1","OK"
"8kxer","32","OK"
"8kxev","2","OK"
"8kxew","2","OK"
"8kxez","1","OK"
"8kxf2","1","OK"
"8kxf4","43","OK"
"8kxfb","45","OK"
"8kxfu","1","OK"
"8kxgk","3","OK"
"8kxgm","3","OK"
"8kxgs","43","Fraud"
"8kxgt","30","OK"
"8kxgu","121","OK"
"8kxgv","37","Fraud"
"8kxgy","1","OK"
"8kxhd","1","OK"
"8kxhn","16","OK"
"8kxhp","2","OK"
"8kxhq","1","OK"
"8kxij","1","Fraud"
"8kxik","3","OK"
"8kxim","1","OK"
"8kxj4","5","OK"
"8kxj8","2","OK"
"8kxjw","30","OK"
"8kxjy","62","OK"
"8kxkx","91","Observation"
"8kxl2","1","OK"
"8kxl3","3","Fraud"
"8kxla","34","OK"
"8kxlk","223","OK"
"8kxll","293","OK"
"8kxlo","27","OK"
"8kxlp","96","OK"
"8kxlq","50","OK"
"8kxlr","272","OK"
"8kxlt","9","OK"
"8kxlv","84","Fraud"
"8kxly","20","Fraud"
"8kxm0","3","OK"
"8kxm9","8","OK"
"8kxmh","89","Fraud"
"8kxml","3","OK"
"8kxmm","1","OK"
"8kxmo","9","OK"
"8kxn2","1","OK"
"8kxn5","9","OK"
"8kxnk","2","OK"
"8kxnl","1","OK"
"8kxnm","3","Fraud"
"8kxnn","2","Observation"
"8kxnw","48","OK"
"8kxo5","1","OK"
"8kxoj","84","Observation"
"8kxom","18","OK"
"8kxor","3","OK"
"8kxos","3","OK"
"8kxox","9","OK"
"8kxoy","62","Fraud"
"8kxp5","1","OK"
"8kxpa","1","OK"
"8kxpd","20","OK"
"8kxpq","7","OK"
"8kxpv","1","OK"
"8kxq6","189","OK"
"8kxqd","10","OK"
"8kxqf","2","OK"
"8kxqj","37","OK"
"8kxqk","138","Observation"
"8kxqm","4","OK"
"8kxqw","47","OK"
"8kxr9","285","Observation"
"8kxrb","9","Observation"
"8kxrc","1","OK"
"8kxre","305","Observation"
"8kxri","33","OK"
"8kxrj","19","OK"
"8kxrs","4","OK"
"8kxtp","25","OK"
"8kxvk","114","OK"
"8kxxf","9","OK"
"8kxzn","2","OK"
"8kxzu","143","OK"
"8ky0g","1","OK"
"8ky0o","7","OK"
"8ky15","17","OK"
"8ky18","1","OK"
"8ky1v","9","OK"
"8ky22","12","OK"
"8ky2b","3","OK"
"8ky2f","7","OK"
"8ky2l","3","OK"
"8ky2n","2","OK"
"8ky46","41","OK"
"8ky4j","5","OK"
"8ky4k","32","OK"
"8ky4n","2","OK"
"8ky4r","1","OK"
"8ky4x","1","OK"
"8ky50","1","OK"
"8ky5c","7","OK"
"8ky5s","1","OK"
"8ky6d","2","OK"
"8ky6h","125","Fraud"
"8ky6n","91","Fraud"
"8ky6u","4","OK"
"8ky6v","1","OK"
"8ky77","1","OK"
"8ky8n","7","OK"
"8ky8r","3","OK"
"8ky93","5","OK"
"8ky9n","1","OK"
"8kyao","1","OK"
"8kyb9","7","OK"
"8kybc","3","OK"
"8kybl","417","OK"
"8kybu","1","OK"
"8kyc0","4","OK"
"8kycf","1","OK"
"8kycw","107","OK"
"8kydv","176","Fraud"
"8kygk","17","OK"
"8kygl","3","OK"
"8kygo","1","OK"
"8kygq","82","OK"
"8kygz","1","OK"
"8kyhj","1","OK"
"8kyiq","12","OK"
"8kyjt","10","OK"
"8kyk5","39","OK"
"8kyka","2","OK"
"8kyl4","48","OK"
"8kyl5","2","OK"
"8kyld","24","OK"
"8kymr","3","OK"
"8kynd","8","OK"
"8kynk","3","OK"
"8kyov","4","Fraud"
"8kyow","3","OK"
"8kyoy","1","OK"
"8kyp1","9","OK"
"8kyp7","1","OK"
"8kyp8","5","OK"
"8kypd","49","OK"
"8kypr","16","OK"
"8kyqu","1","OK"
"8kyre","2","OK"
"8kysj","11","OK"
"8kyss","2","OK"
"8kytg","1","OK"
"8kyu8","3","OK"
"8kyvb","458","OK"
"8kyvg","1","OK"
"8kyvt","1","OK"
"8kyvw","22","OK"
"8kyw0","7","OK"
"8kyw6","5","OK"
"8kywb","44","OK"
"8kywm","1","OK"
"8kywq","1","OK"
"8kywy","52","OK"
"8kyxs","1","OK"
"8kyxz","1","OK"
"8kyyv","11","OK"
"8kyz1","6","OK"
"8kyzp","1395","OK"
"8kz2d","2","OK"
"8kz2e","1","OK"
"8kz2y","1","OK"
"8kz4p","1","OK"
"8kz5j","7","OK"
"8kz64","67","OK"
"8kz6l","1","OK"
"8kz6p","198","Fraud"
"8kz6r","1","OK"
"8kz74","2","OK"
"8kz7h","2","OK"
"8kz7i","1","OK"
"8kz7z","12","OK"
"8kz81","10","OK"
"8kz84","106","OK"
"8kz8a","22","OK"
"8kz9c","7","OK"
"8kz9e","5","OK"
"8kz9f","272","OK"
"8kz9k","1","OK"
"8kz9x","2","OK"
"8kzaf","1","OK"
"8kzbb","857","OK"
"8kzbg","12","OK"
"8kzd5","4","OK"
"8kzds","9","OK"
"8kzen","19","OK"
"8kzep","23","OK"
"8kzer","15","OK"
"8kzes","1","OK"
"8kzf2","2","OK"
"8kzf5","1","OK"
"8kzfo","49","OK"
"8kzgc","2","OK"
"8kzgf","3","OK"
"8kzhr","8","OK"
"8kzhu","2","OK"
"8kzhz","13","OK"
"8kzi1","3","OK"
"8kzi5","1","OK"
"8kzjk","8","Fraud"
"8kzjq","6","OK"
"8kzjy","2","OK"
"8kzkc","3","OK"
"8kzkl","30","OK"
"8kzkp","3","OK"
"8kzkq","1","OK"
"8kzl3","2","OK"
"8kzl6","2","OK"
"8kzlb","1","OK"
"8kzll","63","OK"
"8kzlm","4","OK"
"8kzm1","146","Fraud"
"8kzmh","3","OK"
"8kzmx","1","OK"
"8kzmy","44","OK"
"8kzna","366","OK"
"8kznn","334","OK"
"8kznw","44","OK"
"8kzo4","7","OK"
"8kzom","1","OK"
"8kzpi","4","OK"
"8kzq3","1","OK"
"8kzqd","147","OK"
"8kzqe","3","OK"
"8kzqo","1","OK"
"8kzr4","19","OK"
"8kzr5","18","OK"
"8kzr6","19","OK"
"8kzr7","33","OK"
"8kzr9","23","OK"
"8kzss","16","OK"
"8kzst","16","OK"
"8kzsu","18","OK"
"8kzt1","433","OK"
"8kztj","3","OK"
"8kztp","2","OK"
"8kztq","49","OK"
"8kzu3","6","OK"
"8kzuk","31","OK"
"8kzv1","108","OK"
"8kzvn","544","OK"
"8kzw1","23","OK"
"8kzwc","7","OK"
"8kzwu","61","OK"
"8kzx6","13","OK"
"8kzxc","15","OK"
"8kzxk","71","OK"
"8kzxo","2","OK"
"8kzxz","22","OK"
"8kzy2","1","OK"
"8kzy5","280","OK"
"8kzyi","245","Observation"
"8kzyz","1","OK"
"8l004","1","OK"
"8l00g","554","OK"
"8l00h","99","Fraud"
"8l00x","4","OK"
"8l014","2","OK"
"8l01a","7","OK"
"8l01b","1","OK"
"8l01g","2","OK"
"8l01w","1","OK"
"8l01y","18","OK"
"8l029","7","OK"
"8l02e","1","OK"
"8l02g","2","OK"
"8l02m","1","OK"
"8l02n","2","OK"
"8l02t","13","OK"
"8l02x","52","OK"
"8l03g","2","OK"
"8l03j","16","OK"
"8l046","2","OK"
"8l04m","6","OK"
"8l04x","12","OK"
"8l04z","85","OK"
"8l050","14","OK"
"8l051","13","OK"
"8l052","12","OK"
"8l053","12","OK"
"8l05k","2","OK"
"8l05l","111","OK"
"8l05z","2","OK"
"8l061","34","OK"
"8l063","23","OK"
"8l06b","1","OK"
"8l071","42","OK"
"8l07i","118","OK"
"8l07n","4","OK"
"8l07q","1","OK"
"8l07t","1","OK"
"8l08l","1","OK"
"8l09b","17","OK"
"8l0a0","41","OK"
"8l0aq","15","OK"
"8l0b4","107","OK"
"8l0bl","131","Observation"
"8l0bm","4","OK"
"8l0c2","11","OK"
"8l0ca","96","OK"
"8l0cx","4","OK"
"8l0e4","54","OK"
"8l0f6","20","OK"
"8l0fs","1","OK"
"8l0fv","2","OK"
"8l0fx","2","OK"
"8l0gr","18","OK"
"8l0ho","8","OK"
"8l0i4","1","OK"
"8l0io","16","OK"
"8l0iu","12","OK"
"8l0iv","16","OK"
"8l0j8","3","OK"
"8l0jf","19","OK"
"8l0k0","1","OK"
"8l0k9","2","OK"
"8l0l8","1","OK"
"8l0lh","14","OK"
"8l0lm","1","OK"
"8l0lv","4","OK"
"8l0m2","2","OK"
"8l0m9","26","OK"
"8l0mw","4","OK"
"8l0n5","7","OK"
"8l0ng","3","OK"
"8l0nw","8","OK"
"8l0p1","25","OK"
"8l0p8","3","OK"
"8l0q6","759","Fraud"
"8l0r9","1","OK"
"8l0rb","73","Fraud"
"8l0rp","42","OK"
"8l0rq","271","OK"
"8l0rr","47","OK"
"8l0sm","384","OK"
"8l0sw","5","OK"
"8l0t1","10","OK"
"8l0t3","1","OK"
"8l0t6","9","OK"
"8l0td","1","OK"
"8l0ty","2","OK"
"8l0u5","4","OK"
"8l0uu","24","OK"
"8l0v8","267","Observation"
"8l0v9","682","OK"
"8l0w0","1","OK"
"8l0wx","93","OK"
"8l0wz","4","OK"
"8l0x3","187","OK"
"8l0x4","1","OK"
"8l0x9","5","OK"
