"partnerid","NoOfUniqueCntr","status"
"8i7uk","30","OK"
"8i7ux","19","OK"
"8i7va","4","OK"
"8i7vb","3","OK"
"8i7vf","1","OK"
"8i7vp","29","OK"
"8i7vq","49","OK"
"8i7vz","27","OK"
"8i7w2","9","OK"
"8i7wb","30","OK"
"8i7wi","23","OK"
"8i7wr","4","OK"
"8i7wv","3","OK"
"8i7xd","7","Observation"
"8i7yy","1","OK"
"8i7z7","3","OK"
"8i7zf","2","OK"
"8i7zk","10","OK"
"8i7zl","6","OK"
"8i804","13","OK"
"8i806","37","OK"
"8i80a","60","OK"
"8i80j","1","OK"
"8i81d","2","OK"
"8i81i","4","OK"
"8i828","23","OK"
"8i82g","5","OK"
"8i82r","2","OK"
"8i82x","2","OK"
"8i830","1","OK"
"8i833","3","OK"
"8i83a","2","OK"
"8i83y","1","OK"
"8i84n","1","OK"
"8i84o","5","OK"
"8i84w","1","OK"
"8i85v","6","OK"
"8i86i","1","OK"
"8i88w","9","OK"
"8i89m","2","OK"
"8i8ar","7","OK"
"8i8bx","18","OK"
"8i8cj","1","OK"
"8i8do","1","OK"
"8i8e5","4","OK"
"8i8e7","1","OK"
"8i8ef","1","OK"
"8i8en","1","OK"
"8i8fk","6","OK"
"8i8fm","11","Observation"
"8i8fn","7","OK"
"8i8fq","6","OK"
"8i8ft","5","OK"
"8i8g3","2","OK"
"8i8go","13","Observation"
"8i8gu","1","OK"
"8i8gx","1","OK"
"8i8gz","1","OK"
"8i8h2","1","OK"
"8i8h7","3","Fraud"
"8i8hw","1","OK"
"8i8ih","1","OK"
"8i8is","11","OK"
"8i8iv","8","OK"
"8i8j2","7","OK"
"8i8jl","2","OK"
"8i8k3","3","OK"
"8i8kg","1","OK"
"8i8ku","1","OK"
"8i8le","7","OK"
"8i8lx","1","OK"
"8i8m6","21","OK"
"8i8mq","1","OK"
"8i8mr","1","OK"
"8i8n6","1","OK"
"8i8no","2","OK"
"8i8nq","1","OK"
"8i8nr","27","OK"
"8i8oh","1","OK"
"8i8p1","1","OK"
"8i8pz","1","OK"
"8i8q4","2","OK"
"8i8qk","3","OK"
"8i8qn","1","OK"
"8i8rs","1","OK"
"8i8s9","1","OK"
"8i8t2","1","OK"
"8i8tt","16","Observation"
"8i8tw","3","OK"
"8i8u1","2","OK"
"8i8u7","1","OK"
"8i8u8","2","OK"
"8i8ub","1","OK"
"8i8ui","5","OK"
"8i8wd","2","OK"
"8i8xq","13","OK"
"8i8ye","91","OK"
"8i8yi","3","OK"
"8i8yn","12","OK"
"8i8yu","1","OK"
"8i8z4","21","OK"
"8i8zd","1","OK"
"8i8ze","15","OK"
"8i8zi","5","OK"
"8i903","10","OK"
"8i90i","2","OK"
"8i90k","13","Fraud"
"8i90m","53","OK"
"8i91i","101","OK"
"8i922","112","OK"
"8i92t","117","OK"
"8i92u","1","OK"
"8i930","19","Observation"
"8i932","2","OK"
"8i936","37","OK"
"8i93o","8","OK"
"8i93q","49","OK"
"8i941","24","OK"
"8i949","65","OK"
"8i94e","2","OK"
"8i94n","1","OK"
"8i94y","1","OK"
"8i95z","28","OK"
"8i969","40","OK"
"8i96u","1","OK"
"8i96x","7","OK"
"8i98h","2","OK"
"8i99h","5","OK"
"8i9a2","1","OK"
"8i9at","3","OK"
"8i9aw","12","OK"
"8i9b4","5","OK"
"8i9bj","3","OK"
"8i9bm","4","OK"
"8i9bs","2","OK"
"8i9bw","7","OK"
"8i9bx","4","OK"
"8i9cn","19","OK"
"8i9co","2","OK"
"8i9cr","2","OK"
"8i9d0","1","OK"
"8i9d1","1","OK"
"8i9d5","2","OK"
"8i9da","6","OK"
"8i9db","1","OK"
"8i9dg","3","OK"
"8i9dp","1","OK"
"8i9dv","6","OK"
"8i9e1","1","OK"
"8i9e9","12","OK"
"8i9ed","1","OK"
"8i9eg","1","OK"
"8i9eq","1","OK"
"8i9f0","2","OK"
"8i9fl","3","OK"
"8i9fv","1","OK"
"8i9g2","1","OK"
"8i9gl","4","OK"
"8i9h8","1","OK"
"8i9hj","1","OK"
"8i9hm","2","OK"
"8i9hn","2","OK"
"8i9ht","1","OK"
"8i9hu","3","OK"
"8i9hw","1","OK"
"8i9hx","1","OK"
"8i9hz","1","OK"
"8i9i1","1","OK"
"8i9i3","2","OK"
"8i9i4","1","OK"
"8i9i5","2","Observation"
"8i9i7","2","OK"
"8i9i9","1","OK"
"8i9ia","2","OK"
"8i9ib","1","OK"
"8i9ic","2","OK"
"8i9id","1","OK"
"8i9ie","1","OK"
"8i9ig","1","OK"
"8i9ih","1","OK"
"8i9ii","1","Observation"
"8i9ij","1","OK"
"8i9ik","1","OK"
"8i9im","3","OK"
"8i9in","7","OK"
"8i9ip","1","OK"
"8i9j4","2","OK"
"8i9j6","1","Observation"
"8i9jf","1","OK"
"8i9jg","5","OK"
"8i9ji","1","OK"
"8i9jj","1","OK"
"8i9jr","1","OK"
"8i9kq","31","OK"
"8i9ky","1","OK"
"8i9nd","3","OK"
"8i9ng","1","OK"
"8i9np","9","OK"
"8i9os","1","OK"
"8i9ot","14","OK"
"8i9p1","3","OK"
"8i9p3","2","OK"
"8i9p4","3","OK"
"8i9p7","6","OK"
"8i9p8","8","OK"
"8i9pt","1","OK"
"8i9q6","1","OK"
"8i9ql","37","OK"
"8i9qu","9","OK"
"8i9s9","3","OK"
"8i9sm","12","OK"
"8i9t0","1","OK"
"8i9tt","6","OK"
"8i9u6","2","OK"
"8i9vn","42","OK"
"8i9ws","20","Fraud"
"8i9xb","2","OK"
"8i9z5","1","OK"
"8i9z6","2","OK"
"8i9z7","1","OK"
"8i9zb","1","OK"
"8i9zp","50","OK"
"8i9zy","7","OK"
"8ia0j","5","OK"
"8ia0n","2","OK"
"8ia11","4","OK"
"8ia16","8","OK"
"8ia19","1","OK"
"8ia1e","1","OK"
"8ia25","2","OK"
"8ia51","2","OK"
"8ia54","1","OK"
"8ia62","2","OK"
"8ia6z","1","OK"
"8ia7h","14","OK"
"8ia7p","12","OK"
"8ia7z","5","OK"
"8ia80","20","OK"
"8ia8k","1","OK"
"8ia8u","21","OK"
"8ia99","1","OK"
"8ia9b","2","OK"
"8ia9d","1","OK"
"8ia9m","14","OK"
"8ia9n","2","OK"
"8iaa6","1","OK"
"8iaar","7","OK"
"8iaay","13","OK"
"8iaaz","6","OK"
"8iab9","12","OK"
"8iabd","18","OK"
"8iabk","3","OK"
"8iabp","5","OK"
"8iac5","1","OK"
"8iac6","18","OK"
"8iact","1","OK"
"8iadk","9","OK"
"8iadn","1","OK"
"8iadr","47","Observation"
"8iadt","17","OK"
"8iae2","1","OK"
"8iae4","1","OK"
"8iaeq","1","OK"
"8iafg","1","OK"
"8iafi","33","OK"
"8iagk","2","OK"
"8iagn","1","OK"
"8iagp","4","OK"
"8iagv","13","OK"
"8iah0","8","OK"
"8iaim","1","OK"
"8iaj2","8","OK"
"8iajv","1","OK"
"8iak0","14","OK"
"8iaks","2","OK"
"8ial7","1","OK"
"8ialk","1","OK"
"8ialy","8","OK"
"8iam0","1","OK"
"8iam4","1","OK"
"8iamd","28","Observation"
"8iaml","4","OK"
"8iaob","1","OK"
"8iaps","1","OK"
"8iaqk","1","OK"
"8iaqp","5","OK"
"8iaqy","3","OK"
"8iar6","2","OK"
"8iark","5","OK"
"8iaru","3","OK"
"8iasq","5","OK"
"8iasz","46","Observation"
"8iata","20","OK"
"8iatv","8","OK"
"8iau4","3","OK"
"8iau5","1","OK"
"8iau7","2","OK"
"8iauu","57","OK"
"8iavq","37","OK"
"8iavx","1","OK"
"8iawe","2","OK"
"8iawh","1","OK"
"8iaxa","2","OK"
"8iaxj","146","Fraud"
"8iayy","1","OK"
"8iazm","5","OK"
"8ib0l","42","OK"
"8ib0m","1","OK"
"8ib12","7","OK"
"8ib14","2","OK"
"8ib16","24","OK"
"8ib1i","2","OK"
"8ib1j","2","OK"
"8ib1t","3","OK"
"8ib1v","1","OK"
"8ib1x","1","OK"
"8ib25","1","OK"
"8ib26","1","OK"
"8ib2d","1","OK"
"8ib2w","14","OK"
"8ib34","2","OK"
"8ib46","1","OK"
"8ib4v","2","OK"
"8ib4y","4","OK"
"8ib4z","17","OK"
"8ib56","28","OK"
"8ib5i","6","OK"
"8ib63","3","OK"
"8ib6f","2","OK"
"8ib6i","2","OK"
"8ib6x","38","OK"
"8ib7h","3","OK"
"8ib7i","1","OK"
"8ib9m","1","OK"
"8ib9o","1","OK"
"8ib9v","1","OK"
"8ibah","56","OK"
"8ibam","1","OK"
"8ibay","1","OK"
"8ibbr","19","OK"
"8ibbv","1","OK"
"8ibcb","1","OK"
"8ibcv","12","OK"
"8ibdg","27","OK"
"8ibdl","4","OK"
"8ibdm","63","OK"
"8iber","1","OK"
"8ibf5","2","OK"
"8ibfa","1","OK"
"8ibg2","2","OK"
"8ibg6","1","OK"
"8ibgj","3","OK"
"8ibgo","2","OK"
"8ibgx","5","OK"
"8ibhn","1","OK"
"8ibid","6","OK"
"8ibiw","4","OK"
"8ibjf","28","OK"
"8ibjo","11","OK"
"8ibke","1","OK"
"8ibkr","22","Fraud"
"8ibl1","1","OK"
"8ibmd","1","OK"
"8ibmq","1","OK"
"8ibmx","5","OK"
"8ibn2","1","OK"
"8ibnz","1","OK"
"8ibo7","5","OK"
"8ibop","5","OK"
"8ibp0","4","OK"
"8ibp7","1","OK"
"8ibp9","2","OK"
"8ibpi","2","OK"
"8ibr7","2","OK"
"8ibt9","10","OK"
"8ibtd","2","OK"
"8ibub","2","OK"
"8ibug","2","OK"
"8ibum","16","OK"
"8ibup","56","OK"
"8ibv4","64","OK"
"8ibw8","15","OK"
"8ibxb","9","OK"
"8ic07","6","OK"
"8ic0m","52","OK"
"8ic0y","25","OK"
"8ic1s","6","OK"
"8ic1t","10","OK"
"8ic1x","1","OK"
"8ic26","49","OK"
"8ic2e","1","OK"
"8ic2q","1","OK"
"8ic3a","4","OK"
"8ic3g","1","OK"
"8ic3o","16","OK"
"8ic3r","1","OK"
"8ic3w","1","OK"
"8ic46","8","OK"
"8ic4i","4","OK"
"8ic4v","51","OK"
"8ic50","1","OK"
"8ic51","1","OK"
"8ic55","1","OK"
"8ic56","88","OK"
"8ic59","1","OK"
"8ic5b","2","OK"
"8ic6b","19","OK"
"8ic6d","1","OK"
"8ic6r","1","OK"
"8ic78","1","OK"
"8ic7z","2","OK"
"8ic8g","3","OK"
"8ic9a","3","OK"
"8ic9l","7","OK"
"8ic9r","2","OK"
"8ica0","3","OK"
"8icam","8","OK"
"8icaw","11","OK"
"8icb3","3","OK"
"8icb9","2","OK"
"8icbb","4","OK"
"8iccd","41","OK"
"8iccn","13","OK"
"8icdb","21","OK"
"8icdj","1","OK"
"8ice8","76","OK"
"8icee","6","OK"
"8icef","6","OK"
"8icfc","1","OK"
"8icfe","35","Observation"
"8icff","33","Observation"
"8icfm","1","OK"
"8icgh","1","OK"
"8ich8","2","OK"
"8ichd","11","OK"
"8ichj","1","OK"
"8ichk","37","OK"
"8ichs","1","OK"
"8ichw","1","OK"
"8icia","15","OK"
"8icim","1","OK"
"8icin","78","OK"
"8icix","2","OK"
"8icoz","1","OK"
"8icp7","33","OK"
"8icq7","8","OK"
"8ictc","8","OK"
"8ictf","1","OK"
"8ictz","33","OK"
"8icu9","10","OK"
"8icuy","21","OK"
"8icv3","1","OK"
"8icvc","9","OK"
"8icwe","5","OK"
"8icx6","1","OK"
"8icxc","4","OK"
"8icxd","1","OK"
"8icxf","3","OK"
"8icxl","9","OK"
"8icyy","8","OK"
"8icz2","38","OK"
"8iczh","31","Fraud"
"8id02","49","OK"
"8id03","24","OK"
"8id0y","6","OK"
"8id0z","9","OK"
"8id1a","2","OK"
"8id2f","1","OK"
"8id2s","1","OK"
"8id2w","1","OK"
"8id2z","15","OK"
"8id56","1","OK"
"8id57","43","OK"
"8id5b","1","OK"
"8id5p","4","Fraud"
"8id6y","39","OK"
"8id6z","6","OK"
"8id7o","13","OK"
"8id7z","1","OK"
"8id89","2","OK"
"8id8z","1","OK"
"8id9y","1","OK"
"8ida1","51","OK"
"8idam","2","OK"
"8idbx","12","OK"
"8idc4","1","OK"
"8iddj","2","OK"
"8iddv","1","OK"
"8iddw","3","OK"
"8ide1","5","OK"
"8ide5","1","OK"
"8idem","2","OK"
"8idf6","1","OK"
"8idfl","3","OK"
"8idg8","1","OK"
"8idgb","1","OK"
"8idh3","1","OK"
"8idhm","12","Fraud"
"8idhn","8","OK"
"8idhp","9","OK"
"8idhs","3","OK"
"8idht","1","OK"
"8idhw","1","OK"
"8idi0","1","OK"
"8idi1","6","OK"
"8idi4","2","OK"
"8idi5","3","OK"
"8idi7","7","OK"
"8idib","1","OK"
"8idit","5","Fraud"
"8idmr","2","OK"
"8idn9","4","OK"
"8idnv","1","OK"
"8idny","1","OK"
"8ido2","3","OK"
"8idoa","3","OK"
"8idob","2","OK"
"8idoc","2","OK"
"8idou","6","OK"
"8idp1","1","OK"
"8idp3","1","OK"
"8ie57","1","OK"
"8ie5k","1","OK"
"8ie7p","3","OK"
"8ie82","2","OK"
"8ie98","1","OK"
"8ie9s","1","OK"
"8iea1","3","OK"
"8ieaq","11","OK"
"8ieaz","11","OK"
"8ieb4","2","OK"
"8iebt","1","OK"
"8iebx","3","OK"
"8ief6","3","OK"
"8iefb","8","OK"
"8iefl","28","OK"
"8iefo","1","OK"
"8iefs","1","OK"
"8ieg2","9","OK"
"8iegi","1","OK"
"8ieh3","3","OK"
"8iehk","5","OK"
"8ieht","61","Observation"
"8iejt","2","OK"
"8iel9","41","OK"
"8ielc","3","OK"
"8iem5","3","Fraud"
"8iemj","1","OK"
"8ien9","4","OK"
"8ieo7","1","OK"
"8ieol","7","OK"
"8ieqn","5","OK"
"8iequ","1","OK"
"8ies6","5","OK"
"8ies8","33","OK"
"8ieso","1","OK"
"8iet9","120","OK"
"8ietw","1","OK"
"8ieuh","1","OK"
"8iev9","1","OK"
"8ievj","1","OK"
"8ievt","3","OK"
"8ievz","4","Fraud"
"8iex1","4","OK"
"8iex9","67","OK"
"8iexi","3","OK"
"8iext","3","OK"
"8if13","15","OK"
"8if2b","1","OK"
"8if3m","3","OK"
"8if4w","1","OK"
"8if5c","1","OK"
"8if5p","1","OK"
"8if6n","1","OK"
"8if7b","1","OK"
"8if9o","32","Fraud"
"8ifa1","121","Observation"
"8ifan","4","OK"
"8ifcw","31","Fraud"
"8ifem","1","OK"
"8iff5","2","OK"
"8iff6","1","OK"
"8iffk","41","OK"
"8ifg0","1","OK"
"8ifg9","1","OK"
"8ifgn","2","OK"
"8ifik","18","OK"
"8ifm5","2","OK"
"8ifma","15","OK"
"8ifmk","2","OK"
"8ifna","1","OK"
"8ifnd","1","OK"
"8ifog","26","OK"
"8ifov","11","OK"
"8ifqc","5","OK"
"8ifqi","23","Fraud"
"8ifqk","10","OK"
"8ifvn","1","OK"
"8ifwd","1","OK"
"8ifzw","1","OK"
"8ig0z","2","OK"
"8ig13","1","OK"
"8ig4x","1","OK"
"8ig5c","3","OK"
"8ig76","20","OK"
"8ig8i","1","OK"
"8igb7","3","OK"
"8igbs","2","OK"
"8igbt","3","OK"
"8igbu","3","OK"
"8igc1","5","OK"
"8igcb","8","OK"
"8igdb","2","OK"
"8igdp","1","OK"
"8igem","1","OK"
"8igew","3","OK"
"8igfs","5","OK"
"8igh8","3","OK"
"8igih","1","OK"
"8igj2","10","OK"
"8igji","1","OK"
"8igkk","2","OK"
"8igkp","10","OK"
"8igl1","7","OK"
"8igl7","2","OK"
"8iglk","1","OK"
"8igm1","2","OK"
"8igm8","5","OK"
"8igmr","2","OK"
"8ign1","1","OK"
"8ignc","1","OK"
"8igne","1","OK"
"8igo3","5","OK"
"8igo7","12","OK"
"8igox","1","OK"
"8igpd","1","OK"
"8igpr","4","OK"
"8igql","5","OK"
"8igqx","1","OK"
"8igr1","1","OK"
"8igsh","1","OK"
"8igsi","4","OK"
"8igts","2","OK"
"8igv1","6","OK"
"8igvd","3","OK"
"8igy3","9","OK"
"8igyy","64","Observation"
"8igz8","4","OK"
"8igzo","1","OK"
"8igzs","1","OK"
"8igzy","1","OK"
"8igzz","2","OK"
"8ih09","9","Fraud"
"8ih1h","4","OK"
"8ih1j","1","OK"
"8ih20","8","OK"
"8ih2n","16","OK"
"8ih3o","2","OK"
"8ih4k","3","OK"
"8ih6i","2","OK"
"8iha2","47","Observation"
"8ihab","2","OK"
"8ihac","2","OK"
"8ihaj","3","OK"
"8ihba","27","Observation"
"8ihbr","1","OK"
"8ihbx","97","OK"
"8ihc4","67","OK"
"8ihcj","1","OK"
"8ihck","4","OK"
"8ihcm","1","OK"
"8ihct","2","OK"
"8ihcu","10","OK"
"8ihd5","2","OK"
"8ihdv","11","OK"
"8ihe5","32","OK"
"8ihhk","2","OK"
"8ihij","2","OK"
"8ihik","12","OK"
"8ihk7","68","Observation"
"8ihkj","1","OK"
"8ihkt","12","OK"
"8ihl1","1","Fraud"
"8ihl9","30","OK"
"8ihlr","7","OK"
"8ihn7","9","OK"
"8ihna","26","OK"
"8ihnk","1","OK"
"8ihot","5","OK"
"8ihpi","105","OK"
"8ihqx","1","OK"
"8ihrz","1","OK"
"8ihs5","9","OK"
"8ihsd","1","OK"
"8ihsp","5","OK"
"8ihth","5","OK"
"8ihtk","1","OK"
"8ihtv","16","OK"
"8ihue","1","OK"
"8ihuk","1","OK"
"8ihup","32","OK"
"8ihuv","1","OK"
"8ihuy","1","OK"
"8ihv1","10","OK"
"8ihvb","1","OK"
"8ihwi","1","OK"
"8ihwm","3","OK"
"8ihxc","1","OK"
"8ihxl","1","OK"
"8ihxp","1","OK"
"8ihxy","1","OK"
"8ihy6","2","OK"
"8ihyb","1","OK"
"8ihyi","1","OK"
"8ihz5","1","OK"
"8ihzv","1","OK"
"8ihzw","2","OK"
"8ihzy","11","OK"
"8ii07","4","OK"
"8ii0g","2","OK"
"8ii0i","2","OK"
"8ii0k","2","OK"
"8ii11","4","OK"
"8ii14","1","OK"
"8ii1p","8","OK"
"8ii1r","12","OK"
"8ii26","4","OK"
"8ii2b","39","OK"
"8ii2l","1","OK"
"8ii2n","1","OK"
"8ii3a","1","OK"
"8ii4l","1","OK"
"8ii4n","1","OK"
"8ii4y","2","OK"
"8ii58","13","OK"
"8ii5a","9","OK"
"8ii5u","1","OK"
"8ii6o","4","OK"
"8ii7u","1","OK"
"8ii9a","8","OK"
"8iiai","1","OK"
"8iiby","3","OK"
"8iic8","1","OK"
"8iicn","2","OK"
"8iid3","51","OK"
"8iid4","60","Fraud"
"8iidh","7","OK"
"8iidk","42","OK"
"8iidm","65","OK"
"8iidn","61","OK"
"8iidr","73","OK"
"8iie9","2","OK"
"8iieo","3","OK"
"8iig5","60","OK"
"8iigf","1","OK"
"8iigk","1","OK"
"8iigl","53","OK"
"8iigz","7","OK"
"8iih9","3","OK"
"8iiii","1","OK"
"8iiiv","1","OK"
"8iij1","1","OK"
"8iijd","1","OK"
"8iijk","25","OK"
"8iijt","68","OK"
"8iik1","57","OK"
"8iilm","1","OK"
"8iim7","1","OK"
"8iimi","2","OK"
"8iina","27","OK"
"8iinm","1","OK"
"8iiov","4","OK"
"8iiq8","1","OK"
"8iiqq","1","OK"
"8iir0","3","OK"
"8iird","8","OK"
"8iitn","1","OK"
"8iitu","16","OK"
"8iitv","4","OK"
"8iivd","31","OK"
"8iivr","1","OK"
"8iiwo","1","OK"
"8iix3","1","OK"
"8iixo","12","OK"
"8iixv","2","OK"
"8iixy","2","OK"
"8iixz","3","OK"
"8iiy4","42","OK"
"8iiyk","12","OK"
"8ij00","2","OK"
"8ij02","1","OK"
"8ij0g","98","OK"
"8ij0y","1","OK"
"8ij1v","1","OK"
"8ij22","1","OK"
"8ij28","2","OK"
"8ij2q","37","OK"
"8ij2z","2","OK"
"8ij34","2","OK"
"8ij3p","1","OK"
"8ij42","47","OK"
"8ij4e","3","OK"
"8ij4s","1","OK"
"8ij4w","3","OK"
"8ij4y","38","OK"
"8ij4z","6","OK"
"8ij59","49","OK"
"8ij5w","2","OK"
"8ij62","1","OK"
"8ij63","2","OK"
"8ij6x","3","OK"
"8ij77","1","OK"
"8ij7g","1","OK"
"8ij8t","1","OK"
"8ij92","48","OK"
"8ij9m","41","OK"
"8ijat","1","OK"
"8ijb4","9","OK"
"8ijb7","16","OK"
"8ijb8","99","OK"
"8ijba","99","OK"
"8ijbf","72","OK"
"8ijcm","25","OK"
"8ijd3","4","OK"
"8ijdf","1","OK"
"8ije6","3","OK"
"8ijed","1","OK"
"8ijei","3","OK"
"8ijeq","2","OK"
"8ijf6","5","OK"
"8ijfb","31","OK"
"8ijfd","8","OK"
"8ijfl","1","OK"
"8ijgn","2","OK"
"8ijj1","1","OK"
"8ijjb","3","OK"
"8ijlc","3","OK"
"8ijmb","1","OK"
"8ijod","20","OK"
"8ijq9","7","OK"
"8ijql","5","Observation"
"8ijqm","1","OK"
"8ijqn","1","OK"
"8ijqw","4","OK"
"8ijro","9","OK"
"8ijs4","1","OK"
"8ijsn","3","OK"
"8ijsu","2","OK"
"8ijtd","1","OK"
"8ijub","6","OK"
"8ijva","2","OK"
"8ijw3","13","OK"
"8ijwf","1","OK"
"8ijx4","7","OK"
"8ijy9","6","OK"
"8ijyd","16","OK"
"8ijzd","66","Observation"
"8ijze","18","OK"
"8ijzf","7","OK"
"8ijzi","14","OK"
"8ijzj","58","Fraud"
"8ijzx","15","OK"
"8ik0f","3","OK"
"8ik0g","1","OK"
"8ik0y","1","OK"
"8ik15","1","OK"
"8ik16","1","OK"
"8ik1o","1","OK"
"8ik1t","4","OK"
"8ik2b","8","OK"
"8ik2u","12","OK"
"8ik4w","10","OK"
"8ik58","91","OK"
"8ik59","10","OK"
"8ik67","1","OK"
"8ik6c","1","OK"
"8ik6x","1","OK"
"8ik7d","3","OK"
"8ik7m","1","OK"
"8ik7q","1","OK"
"8ik9c","2","OK"
"8ik9l","4","OK"
"8ik9s","3","OK"
"8ik9t","3","OK"
"8ika3","2","OK"
"8ikah","5","OK"
"8ikap","1","OK"
"8ikaq","4","OK"
"8ikb5","1","OK"
"8ikba","1","OK"
"8ikc8","1","OK"
"8ikdj","7","OK"
"8ikdw","8","OK"
"8ike2","5","OK"
"8ikf1","1","OK"
"8ikfo","2","OK"
"8ikg6","1","OK"
"8ikg9","4","OK"
"8iki8","1","OK"
"8ikip","54","OK"
"8ikjp","3","OK"
"8iklg","1","OK"
"8ikm9","43","OK"
"8ikme","6","OK"
"8ikmz","1","OK"
"8ikn6","23","OK"
"8ikna","1","OK"
"8ikou","1","OK"
"8ikpq","32","Observation"
"8ikr4","3","OK"
"8iks0","6","OK"
"8ikt9","56","Fraud"
"8ikuf","1","OK"
"8ikvr","13","OK"
"8ikyc","1","OK"
"8ikzq","45","OK"
"8il0o","62","Fraud"
"8il17","3","OK"
"8il1w","44","OK"
"8il22","3","OK"
"8il2j","3","OK"
"8il2x","37","OK"
"8il3g","38","OK"
"8il3o","4","OK"
"8il3v","32","OK"
"8il4c","5","OK"
"8il4n","36","OK"
"8il4r","1","OK"
"8il6b","3","OK"
"8il79","14","OK"
"8il7m","1","OK"
"8il8k","5","OK"
"8ilbu","7","OK"
"8ilbx","53","OK"
"8ilc9","1","OK"
"8ildb","4","OK"
"8ildi","81","OK"
"8ildn","8","OK"
"8ilee","1","OK"
"8ilel","7","OK"
"8ilf9","10","OK"
"8ilff","2","OK"
"8ilfu","18","OK"
"8ilh8","1","OK"
"8ili5","1","OK"
"8iljx","56","OK"
"8iljy","16","OK"
"8ill4","2","OK"
"8ilm3","3","OK"
"8ilm4","9","OK"
"8ilma","3","OK"
"8ilmh","2","OK"
"8ilnq","1","OK"
"8ilnu","6","OK"
"8iloh","2","OK"
"8ilok","33","Observation"
"8ilp2","4","OK"
"8ilqt","13","OK"
"8ils4","1","OK"
"8ils9","73","Observation"
"8ilu4","1","OK"
"8iluh","1","OK"
"8iluo","2","OK"
"8iluy","2","Observation"
"8ilyg","2","OK"
"8ilzp","9","OK"
"8ilzu","1","OK"
"8im0u","17","OK"
"8im11","1","OK"
"8im12","1","OK"
"8im1a","1","OK"
"8im1j","1","OK"
"8im29","2","OK"
"8im41","9","OK"
"8im4f","3","OK"
"8im4k","5","OK"
"8im4l","2","OK"
"8im50","1","OK"
"8im59","8","OK"
"8im6c","4","OK"
"8im6t","29","OK"
"8im78","16","OK"
"8im90","1","OK"
"8im9a","64","OK"
"8imbb","1","OK"
"8imcs","3","OK"
"8imd2","123","OK"
"8imdp","1","OK"
"8imdt","5","OK"
"8ime3","17","OK"
"8ime7","27","OK"
"8imef","2","OK"
"8imfu","1","OK"
"8img5","1","OK"
"8imgt","56","OK"
"8imh7","3","OK"
"8imho","2","OK"
"8imhp","2","OK"
"8imhz","2","OK"
"8imi0","3","OK"
"8imib","6","OK"
"8imik","1","OK"
"8imk8","44","Observation"
"8imkc","30","Observation"
"8imkd","14","OK"
"8imko","1","OK"
"8immj","58","OK"
"8immk","15","OK"
"8immq","2","OK"
"8immu","5","OK"
"8imna","6","OK"
"8imob","74","OK"
"8impo","2","OK"
"8imqe","68","OK"
"8imqn","1","OK"
"8imrg","1","OK"
"8imrr","2","OK"
"8ims6","8","Fraud"
"8imt7","1","OK"
"8imtk","3","OK"
"8imtz","1","OK"
"8imu3","3","OK"
"8imv2","25","OK"
"8imvn","61","OK"
"8imvu","3","OK"
"8imw6","3","OK"
"8imwm","13","OK"
"8imwn","2","OK"
"8imwx","61","OK"
"8imxk","1","OK"
"8imxz","4","OK"
"8imy8","1","OK"
"8imyq","1","OK"
"8imyz","3","OK"
"8imz2","12","OK"
"8imza","3","OK"
"8imzd","70","OK"
"8imze","34","OK"
"8imzr","24","OK"
"8imzv","2","OK"
"8in00","1","OK"
"8in07","1","OK"
"8in0d","28","OK"
"8in0q","1","OK"
"8in1c","7","OK"
"8in1d","6","OK"
"8in1s","104","OK"
"8in1t","24","OK"
"8in1y","2","OK"
"8in20","1","OK"
"8in2d","4","OK"
"8in2g","1","OK"
"8in34","6","OK"
"8in35","16","OK"
"8in36","1","OK"
"8in3c","11","OK"
"8in41","1","OK"
"8in43","1","OK"
"8in49","4","OK"
"8in4e","2","OK"
"8in66","8","OK"
"8in69","50","OK"
"8in6a","61","OK"
"8in7f","26","OK"
"8in80","2","OK"
"8in8e","47","Fraud"
"8in8l","1","OK"
"8in8z","1","OK"
"8in9f","2","OK"
"8in9m","1","OK"
"8ina8","1","OK"
"8inag","4","OK"
"8inat","3","OK"
"8inay","45","OK"
"8inbg","2","OK"
"8inca","1","OK"
"8incg","1","OK"
"8inch","1","OK"
"8inck","11","OK"
"8ind9","1","OK"
"8indc","5","OK"
"8inei","33","OK"
"8inf7","16","OK"
"8ingg","6","OK"
"8ings","8","OK"
"8inhr","71","OK"
"8ini4","9","OK"
"8ini5","2","OK"
"8inig","6","OK"
"8inil","7","OK"
"8injc","5","OK"
"8injo","1","OK"
"8inkd","4","OK"
"8inld","2","OK"
"8inn7","22","OK"
"8ino6","78","OK"
"8inp3","5","OK"
"8inrc","8","OK"
"8ins1","5","OK"
"8insm","2","OK"
"8insr","1","OK"
"8intf","10","OK"
"8inu8","2","OK"
"8inum","34","OK"
"8invg","4","OK"
"8inwd","31","OK"
"8inwo","14","OK"
"8inwq","7","OK"
"8inwx","6","OK"
"8inz6","1","OK"
"8inz8","5","OK"
"8io28","2","OK"
"8io3k","1","OK"
"8io3v","1","OK"
"8io4k","1","OK"
"8io4t","3","OK"
"8io5j","59","OK"
"8io5s","62","OK"
"8io79","1","OK"
"8io7a","1","OK"
"8io8s","10","OK"
"8io95","9","OK"
"8io9t","2","OK"
"8ioac","1","OK"
"8ioad","5","Observation"
"8ioaf","4","OK"
"8iob1","8","OK"
"8ioby","3","OK"
"8iofb","5","OK"
"8iohm","1","OK"
"8ioj0","1","OK"
"8iok5","1","OK"
"8iokr","1","OK"
"8ioml","1","OK"
"8iomw","1","OK"
"8ionb","3","OK"
"8ionh","1","OK"
"8ionj","5","OK"
"8ioo5","1","OK"
"8ioo7","4","OK"
"8ioov","1","OK"
"8ioqe","45","OK"
"8ior0","3","OK"
"8iory","2","OK"
"8iosv","83","OK"
"8iot1","45","OK"
"8iott","1","OK"
"8iou1","4","OK"
"8iou5","1","OK"
"8iou8","11","OK"
"8ioui","1","OK"
"8ioul","1","OK"
"8iow5","1","OK"
"8iowu","3","OK"
"8ioyh","1","OK"
"8ioyz","1","OK"
"8iozi","3","OK"
"8ip10","1","OK"
"8ip1i","1","OK"
"8ip1v","46","OK"
"8ip45","94","OK"
"8ip46","1","OK"
"8ip4d","106","OK"
"8ip5p","53","OK"
"8ip5q","38","OK"
"8ip65","1","OK"
"8ip71","62","Observation"
"8ip85","1","OK"
"8ip8o","3","OK"
"8ipat","2","OK"
"8ipcr","4","OK"
"8ipdk","2","OK"
"8ipdp","5","OK"
"8ipdr","2","OK"
"8ipeq","2","OK"
"8ipg0","3","OK"
"8ipg1","3","OK"
"8ipgq","4","OK"
"8ipgz","1","OK"
"8iph1","1","OK"
"8ipif","1","OK"
"8ipiu","5","OK"
"8ipks","10","OK"
"8ipls","4","OK"
"8ipm4","8","OK"
"8ipn0","2","OK"
"8ipoi","1","OK"
"8ipoo","43","OK"
"8ippe","1","OK"
"8ippl","1","OK"
"8ipr3","8","OK"
"8iprx","1","OK"
"8ipxe","16","OK"
"8ipxf","1","OK"
"8iq0e","9","OK"
"8iq0h","1","OK"
"8iq0l","38","OK"
"8iq0m","2","OK"
"8iq0q","16","OK"
"8iq0r","3","OK"
"8iq11","2","OK"
"8iq1n","2","OK"
"8iq1z","44","Observation"
"8iq22","32","OK"
"8iq3b","6","OK"
"8iq4r","22","OK"
"8iq53","8","OK"
"8iq7l","1","OK"
"8iq7q","6","OK"
"8iq85","2","OK"
"8iqbs","1","OK"
"8iqd8","1","OK"
"8iqde","2","OK"
"8iqe6","3","OK"
"8iqec","1","OK"
"8iqee","1","OK"
"8iqez","1","OK"
"8iqfg","1","OK"
"8iqhl","4","OK"
"8iqip","1","OK"
"8iqjj","2","OK"
"8iqk3","8","OK"
"8iqks","1","OK"
"8iqni","1","OK"
"8iqnn","3","OK"
"8iqnv","42","OK"
"8iqp5","1","OK"
"8iqqe","2","OK"
"8iqr5","1","OK"
"8iqsf","1","OK"
"8iqsw","1","OK"
"8iqtd","1","OK"
"8iqth","19","OK"
"8iqu0","1","OK"
"8iqu4","1","OK"
"8iqu5","1","OK"
"8iqua","3","OK"
"8iqug","51","OK"
"8iqur","1","OK"
"8iquu","1","OK"
"8iqvd","1","OK"
"8iqvi","4","OK"
"8iqvo","1","OK"
"8iqvp","1","OK"
"8iqvs","1","OK"
"8iqw0","1","OK"
"8iqw1","3","OK"
"8iqw2","1","OK"
"8iqw6","1","OK"
"8iqw8","3","OK"
"8iqw9","2","OK"
"8iqwa","7","OK"
"8iqwb","2","OK"
"8iqwc","1","OK"
"8iqwe","3","OK"
"8iqwf","1","OK"
"8iqwy","2","OK"
"8iqx9","5","OK"
"8iqxa","9","OK"
"8iqxb","5","OK"
"8iqxi","1","OK"
"8iqym","1","OK"
"8iqyw","39","OK"
"8iqzc","32","OK"
"8iqzg","20","OK"
"8iqzh","31","OK"
"8iqzi","45","OK"
"8iqzk","44","OK"
"8iqzl","24","OK"
"8iqzm","41","OK"
"8iqzn","8","OK"
"8iqzo","10","OK"
"8iqzp","64","OK"
"8iqzs","9","OK"
"8iqzu","27","OK"
"8iqzw","16","OK"
"8iqzz","52","OK"
"8ir00","11","OK"
"8ir01","23","OK"
"8ir05","18","Fraud"
"8ir06","24","OK"
"8ir07","12","OK"
"8ir09","64","OK"
"8ir0d","20","OK"
"8ir0f","9","OK"
"8ir0i","1","OK"
"8ir0v","2","OK"
"8ir0z","2","OK"
"8ir14","11","OK"
"8ir16","11","OK"
"8ir1o","2","OK"
"8ir25","4","OK"
"8ir28","1","OK"
"8ir2b","7","OK"
"8ir2e","18","OK"
"8ir2l","2","OK"
"8ir2o","1","OK"
"8ir2s","2","OK"
"8ir3v","4","OK"
"8ir4d","1","OK"
"8ir6j","1","OK"
"8ir6k","1","OK"
"8ir6w","5","OK"
"8ir7h","1","OK"
"8ir96","41","OK"
"8irab","71","OK"
"8irb0","2","OK"
"8irbp","35","OK"
"8irck","2","OK"
"8ircl","4","OK"
"8ircq","3","OK"
"8ircw","1","OK"
"8ircy","1","OK"
"8irdq","1","OK"
"8irdv","1","OK"
"8ire4","1","OK"
"8irek","1","OK"
"8irgx","1","OK"
"8irid","1","OK"
"8irih","37","OK"
"8iriv","2","OK"
"8irjv","3","OK"
"8irk4","21","OK"
"8irkm","2","OK"
"8irl1","2","OK"
"8irlc","65","OK"
"8irle","22","OK"
"8irll","14","Observation"
"8irob","163","OK"
"8irot","15","OK"
"8irq0","102","OK"
"8irqh","1","OK"
"8irqi","2","OK"
"8irqk","2","OK"
"8irr8","1","OK"
"8irr9","8","OK"
"8irrl","1","OK"
"8irrw","1","OK"
"8irrx","49","Observation"
"8irs5","8","OK"
"8irsq","1","OK"
"8irsy","4","OK"
"8irt8","14","OK"
"8irtb","1","OK"
"8irtc","2","OK"
"8irti","4","OK"
"8irtu","1","OK"
"8iru0","3","OK"
"8iru3","1","OK"
"8irui","2","OK"
"8iruq","3","OK"
"8irvj","52","OK"
"8irwu","2","OK"
"8irzv","1","OK"
"8is01","38","OK"
"8is0l","8","OK"
"8is1d","11","OK"
"8is20","5","OK"
"8is2b","13","OK"
"8is2k","24","Fraud"
"8is2p","1","OK"
"8is30","1","OK"
"8is32","1","OK"
"8is41","1","OK"
"8is47","2","OK"
"8is4p","1","OK"
"8is4w","22","OK"
"8is4x","11","OK"
"8is5e","12","OK"
"8is5f","3","OK"
"8is5h","11","Observation"
"8is5o","7","OK"
"8is5q","20","OK"
"8is5r","8","OK"
"8is6u","1","OK"
"8is82","41","OK"
"8is85","1","OK"
"8is87","22","OK"
"8is8g","15","OK"
"8isas","19","OK"
"8isat","17","OK"
"8isau","1","OK"
"8isbh","4","OK"
"8isbo","1","OK"
"8isbr","1","OK"
"8isbz","24","OK"
"8isch","16","Observation"
"8iscw","14","OK"
"8iscy","24","OK"
"8isd4","1","OK"
"8isd6","3","OK"
"8isdb","18","OK"
"8isdq","3","OK"
"8ise8","2","OK"
"8isei","2","OK"
"8ises","4","OK"
"8iseu","3","OK"
"8isf7","19","OK"
"8isfp","1","OK"
"8isfs","1","OK"
"8isgu","9","OK"
"8ish6","52","OK"
"8ishk","7","OK"
"8ishn","1","OK"
"8isi3","1","OK"
"8isj3","110","OK"
"8isj9","3","OK"
"8isje","3","OK"
"8isk1","1","OK"
"8isk6","1","OK"
"8islr","11","OK"
"8isme","2","OK"
"8ismw","1","OK"
"8isp2","1","OK"
"8isrm","7","OK"
"8isrt","2","OK"
"8issu","19","OK"
"8isvf","1","OK"
"8isxs","1","OK"
"8isxw","1","OK"
"8isyx","2","OK"
"8isz2","4","OK"
"8isz4","1","OK"
"8it0b","6","OK"
"8it0m","1","OK"
"8it0v","2","OK"
"8it18","2","OK"
"8it2h","77","OK"
"8it36","30","Fraud"
"8it3p","22","OK"
"8it4b","1","OK"
"8it51","8","OK"
"8it52","12","OK"
"8it54","3","OK"
"8it55","8","OK"
"8it57","1","OK"
"8it59","2","OK"
"8it5a","2","OK"
"8it5b","3","OK"
"8it5c","4","OK"
"8it5d","4","OK"
"8it5e","2","OK"
"8it5i","2","OK"
"8it5k","2","OK"
"8it5n","3","OK"
"8it5o","1","OK"
"8it5q","2","OK"
"8it5r","2","OK"
"8it5t","34","OK"
"8it63","1","OK"
"8it65","1","OK"
"8it66","1","OK"
"8it6j","1","OK"
"8it7k","1","OK"
"8it7m","1","OK"
"8it7o","4","OK"
"8it7p","3","OK"
"8it8j","14","OK"
"8it8l","1","OK"
"8it8q","1","OK"
"8it9g","61","OK"
"8it9n","3","OK"
"8it9p","47","OK"
"8it9w","45","OK"
"8itaa","7","OK"
"8itap","61","Observation"
"8itat","1","OK"
"8itb0","105","OK"
"8itb1","91","OK"
"8itcr","30","OK"
"8itcx","1","OK"
"8itdr","1","OK"
"8itdx","1","OK"
"8ite3","103","OK"
"8iteu","4","OK"
"8itf4","4","OK"
"8itfc","1","OK"
"8itgs","1","OK"
"8ith0","2","OK"
"8ith4","94","OK"
"8ith6","1","OK"
"8ithb","1","OK"
"8ithf","25","Observation"
"8ithn","1","OK"
"8ithu","11","OK"
"8ithz","3","OK"
"8itif","1","OK"
"8itio","1","OK"
"8itiu","7","OK"
"8itj5","12","OK"
"8itji","75","OK"
"8itk7","1","OK"
"8itka","1","OK"
"8itkq","7","OK"
"8itks","7","OK"
"8itkt","11","OK"
"8itl2","1","OK"
"8itl8","1","OK"
"8itla","1","OK"
"8itlh","5","OK"
"8itli","3","OK"
"8itlt","3","OK"
"8itly","14","OK"
"8itm2","1","OK"
"8itme","1","OK"
"8itmi","96","OK"
"8itmu","7","OK"
"8itnb","1","OK"
"8itod","3","OK"
"8itoe","1","OK"
"8itof","9","OK"
"8itop","48","OK"
"8itos","2","OK"
"8itoz","2","OK"
"8itp0","9","OK"
"8itpk","17","OK"
"8itq3","1","OK"
"8itql","4","OK"
"8itqs","1","OK"
"8itrb","9","OK"
"8itre","43","OK"
"8itrn","6","OK"
"8itro","1","OK"
"8itrq","1","OK"
"8its6","1","OK"
"8itsg","2","OK"
"8itsw","1","OK"
"8itt6","2","OK"
"8ittc","6","OK"
"8itth","1","OK"
"8ittq","1","OK"
"8ittu","1","OK"
"8ittv","1","OK"
"8ituk","2","OK"
"8itvb","1","OK"
"8itww","1","OK"
"8itx1","22","OK"
"8itx5","22","OK"
"8itxs","4","OK"
"8itxx","2","OK"
"8ityd","2","OK"
"8itzi","2","OK"
"8iu02","3","OK"
"8iu0k","1","OK"
"8iu23","1","OK"
"8iu2c","82","Observation"
"8iu38","2","OK"
"8iu3e","4","OK"
"8iu3h","43","OK"
"8iu4c","9","OK"
"8iu57","2","OK"
"8iu5r","2","OK"
"8iu66","21","OK"
"8iu6m","1","OK"
"8iu6x","2","OK"
"8iu74","1","OK"
"8iu76","1","Observation"
"8iu77","1","OK"
"8iu7b","1","OK"
"8iu7d","1","OK"
"8iu7w","1","OK"
"8iu82","2","OK"
"8iua3","5","OK"
"8iuan","81","Observation"
"8iuav","3","OK"
"8iub1","2","OK"
"8iucx","2","OK"
"8iufj","2","OK"
"8iufr","1","OK"
"8iufs","2","OK"
"8iufv","1","OK"
"8iugo","1","OK"
"8iuhr","1","OK"
"8iui3","1","OK"
"8iuia","100","OK"
"8iuip","1","OK"
"8iujq","1","OK"
"8iujx","16","OK"
"8iukd","1","OK"
"8iuls","1","OK"
"8ium6","1","OK"
"8iumc","14","OK"
"8iume","32","OK"
"8iumx","2","OK"
"8iun9","63","OK"
"8iuna","1","OK"
"8iunk","2","OK"
"8iuo8","20","OK"
"8iuok","11","OK"
"8iuqb","1","OK"
"8iuqh","8","OK"
"8iuqk","21","OK"
"8iuqp","1","OK"
"8iuqv","1","OK"
"8iurr","2","OK"
"8iuuw","1","OK"
"8iuv4","8","OK"
"8iuv6","5","OK"
"8iuv8","8","OK"
"8iuv9","4","OK"
"8iuva","1","OK"
"8iuwa","1","OK"
"8iuxg","2","OK"
"8iuxk","1","OK"
"8iuxq","2","OK"
"8iuy6","1","OK"
"8iuyv","11","OK"
"8iv07","2","OK"
"8iv0i","1","OK"
"8iv0s","1","OK"
"8iv0x","3","OK"
"8iv1g","2","OK"
"8iv1m","5","OK"
"8iv1x","9","OK"
"8iv2t","1","OK"
"8iv3o","2","OK"
"8iv48","1","OK"
"8iv4d","1","OK"
"8iv4h","1","OK"
"8iv4j","17","OK"
"8iv58","1","OK"
"8iv5f","1","OK"
"8iv5p","1","OK"
"8iv65","4","OK"
"8iv6j","11","OK"
"8iv7e","9","OK"
"8iv7j","40","OK"
"8iv8i","1","OK"
"8iv9n","17","OK"
"8ivbf","3","Observation"
"8ivbn","32","OK"
"8ivbx","1","OK"
"8ivcn","2","OK"
"8ivdi","10","OK"
"8ivdx","3","OK"
"8ive3","3","OK"
"8ive5","1","OK"
"8ivea","6","OK"
"8iveg","6","OK"
"8ivf6","3","OK"
"8ivfj","3","OK"
"8ivfk","25","OK"
"8ivge","2","OK"
"8ivhg","1","OK"
"8ivhr","9","OK"
"8ivir","77","OK"
"8iviz","2","OK"
"8ivj4","1","OK"
"8ivjv","61","OK"
"8ivkm","1","OK"
"8ivkn","48","OK"
"8ivlh","67","Fraud"
"8ivlp","26","Observation"
"8ivm9","1","OK"
"8ivmk","9","OK"
"8ivnj","1","OK"
"8ivnk","2","OK"
"8ivnx","2","OK"
"8ivny","1","OK"
"8ivo7","7","OK"
"8ivof","67","OK"
"8ivp6","2","OK"
"8ivpt","2","OK"
"8ivpv","32","OK"
"8ivql","1","OK"
"8ivsv","1","OK"
"8ivsx","29","OK"
"8ivti","13","OK"
"8ivtm","4","OK"
"8ivtv","1","OK"
"8ivwj","36","OK"
"8ivwr","1","OK"
"8ivwv","4","OK"
"8ivxp","1","OK"
"8ivy4","9","OK"
"8ivy5","1","OK"
"8ivyc","6","OK"
"8ivyu","1","OK"
"8iw0a","1","OK"
"8iw0n","4","OK"
"8iw0r","2","OK"
"8iw1f","4","OK"
"8iw1v","2","OK"
"8iw21","1","OK"
"8iw29","3","OK"
"8iw31","3","OK"
"8iw3u","1","OK"
"8iw46","1","OK"
"8iw4a","2","OK"
"8iw55","1","OK"
"8iw5p","1","OK"
"8iw5r","2","OK"
"8iw6k","1","OK"
"8iw6v","1","OK"
"8iw7e","7","OK"
"8iw7i","4","OK"
"8iw84","5","OK"
"8iw9s","13","OK"
"8iwaa","2","OK"
"8iwac","1","OK"
"8iwag","1","OK"
"8iwak","2","OK"
"8iwau","1","OK"
"8iwav","2","OK"
"8iwbt","1","OK"
"8iwe6","1","OK"
"8iweh","1","OK"
"8iwf2","1","OK"
"8iwfs","4","OK"
"8iwg3","13","OK"
"8iwh3","4","OK"
"8iwhf","1","OK"
"8iwhh","1","OK"
"8iwhi","10","OK"
"8iwid","106","OK"
"8iwii","12","OK"
"8iwj3","2","OK"
"8iwjs","10","OK"
"8iwky","1","OK"
"8iwl4","6","OK"
"8iwl5","4","OK"
"8iwmb","36","OK"
"8iwn7","1","OK"
"8iwnh","2","OK"
"8iwo2","39","OK"
"8iwos","16","Fraud"
"8iwp2","41","Fraud"
"8iwp3","11","OK"
"8iwpy","1","OK"
"8iwq4","7","OK"
"8iwq6","3","OK"
"8iwqm","3","OK"
"8iwqv","1","OK"
"8iwrl","3","OK"
"8iwrx","2","OK"
"8iws2","5","OK"
"8iws4","2","OK"
"8iws7","11","OK"
"8iwsa","1","OK"
"8iwsc","8","OK"
"8iwu7","28","OK"
"8iwug","6","OK"
"8iwv8","1","OK"
"8iwvi","1","OK"
"8iwvl","28","OK"
"8iwx5","14","OK"
"8iwxs","1","OK"
"8iwxv","9","OK"
"8iwy8","45","OK"
"8iwz0","1","OK"
"8ix09","1","OK"
"8ix0c","1","OK"
"8ix2h","49","OK"
"8ix3h","1","OK"
"8ix6h","3","OK"
"8ix6p","26","Fraud"
"8ix86","1","OK"
"8ix89","3","OK"
"8ixdk","1","OK"
"8ixgd","6","OK"
"8ixgl","6","OK"
"8ixl3","5","OK"
"8ixly","3","OK"
"8ixlz","28","OK"
"8ixoq","34","OK"
"8ixor","64","OK"
"8ixp4","1","OK"
"8ixq4","113","OK"
"8ixq5","109","OK"
"8ixs1","19","OK"
"8ixsd","49","OK"
"8ixue","1","OK"
"8ixuj","2","OK"
"8ixvg","14","OK"
"8ixvu","40","OK"
"8ixy5","4","OK"
"8ixzl","1","OK"
"8ixzs","44","OK"
"8ixzt","38","OK"
"8iy03","128","OK"
"8iy0v","2","Observation"
"8iy1m","2","OK"
"8iy36","24","OK"
"8iy4x","1","OK"
"8iy5g","69","OK"
"8iy6x","1","OK"
"8iy7x","3","OK"
"8iy9b","3","OK"
"8iyb9","8","OK"
"8iyc8","76","OK"
"8iydk","1","OK"
"8iyea","1","OK"
"8iyfx","7","OK"
"8iyi9","30","OK"
"8iyj6","11","OK"
"8iyo2","3","OK"
"8iysb","17","OK"
"8iyvp","36","OK"
"8iywe","1","OK"
"8iyxe","5","OK"
"8iz0o","1","OK"
"8iz1c","73","OK"
"8iz2a","11","OK"
"8iz2c","15","OK"
"8iz2e","12","OK"
"8iz2m","11","OK"
"8iz2n","12","OK"
"8iz48","18","OK"
"8iz6y","3","OK"
"8iz7h","3","OK"
"8iz7i","57","OK"
"8iz80","1","OK"
"8iz8t","2","OK"
"8iz91","26","OK"
"8izah","2","OK"
"8izak","1","OK"
"8izam","1","OK"
"8izan","1","OK"
"8izao","2","OK"
"8izar","2","OK"
"8izau","4","OK"
"8izav","2","OK"
"8izaw","1","OK"
"8izay","1","OK"
"8izbp","1","OK"
"8izbt","14","OK"
"8ize1","1","OK"
"8izgi","1","OK"
"8izjs","2","OK"
"8izkp","1","OK"
"8izlr","3","OK"
"8iznj","49","OK"
"8izot","1","OK"
"8izpa","38","OK"
"8izsa","4","OK"
"8izt5","42","Observation"
"8izt6","5","Observation"
"8iztc","36","OK"
"8iztd","5","OK"
"8iztj","5","OK"
"8izts","1","OK"
"8izu7","3","OK"
"8izv8","2","OK"
"8izwb","31","OK"
"8izwe","18","Fraud"
"8izxr","4","OK"
"8izzv","22","OK"
"8j00e","10","OK"
"8j01d","3","OK"
"8j029","2","OK"
"8j07i","5","OK"
"8j07s","2","OK"
"8j085","1","OK"
"8j08y","7","OK"
"8j094","1","OK"
"8j096","8","OK"
"8j09p","3","OK"
"8j0a9","1","OK"
"8j0ao","4","OK"
"8j0b4","68","OK"
"8j0b5","73","OK"
"8j0bs","47","OK"
"8j0bz","2","OK"
"8j0da","2","OK"
"8j0dl","2","OK"
"8j0eq","9","OK"
"8j0fj","80","OK"
"8j0g9","7","OK"
"8j0h6","1","OK"
"8j0hb","53","OK"
"8j0j9","6","OK"
"8j0m9","3","OK"
"8j0mk","5","OK"
"8j0mw","7","OK"
"8j0n4","11","OK"
"8j0ov","16","OK"
"8j0oz","1","OK"
"8j0pl","27","Fraud"
"8j0py","1","OK"
"8j0qc","19","OK"
"8j0qr","1","OK"
"8j0su","2","OK"
"8j0tb","3","OK"
"8j0tg","2","OK"
"8j0w1","7","Observation"
"8j0wb","1","OK"
"8j0ww","52","OK"
"8j0x3","74","OK"
"8j0x9","38","Observation"
"8j0z9","2","OK"
"8j10c","52","OK"
"8j11k","4","OK"
"8j121","16","OK"
"8j12n","3","OK"
"8j15b","14","OK"
"8j16r","2","OK"
"8j18g","4","OK"
"8j197","3","OK"
"8j19d","17","OK"
"8j19f","87","OK"
"8j19x","109","OK"
"8j1a0","9","OK"
"8j1a1","62","OK"
"8j1a2","59","OK"
"8j1a3","7","OK"
"8j1a6","15","OK"
"8j1a7","13","OK"
"8j1aj","29","OK"
"8j1di","10","OK"
"8j1fp","2","OK"
"8j1h7","3","OK"
"8j1j6","4","OK"
"8j1lc","16","OK"
"8j1od","45","OK"
"8j1pb","24","OK"
"8j1pd","55","OK"
"8j1q5","1","OK"
"8j1qi","1","OK"
"8j1rc","3","OK"
"8j1s7","1","OK"
"8j1se","11","OK"
"8j1so","9","OK"
"8j1sp","4","OK"
"8j1sw","1","OK"
"8j1t4","38","OK"
"8j1ti","57","OK"
"8j1u4","6","OK"
"8j1u5","20","OK"
"8j1uw","2","OK"
"8j1x0","3","OK"
"8j1xv","10","OK"
"8j1y0","1","OK"
"8j1y6","1","OK"
"8j20z","38","OK"
"8j22j","1","OK"
"8j22t","4","OK"
"8j23z","1","OK"
"8j240","1","OK"
"8j24h","1","OK"
"8j26k","15","OK"
"8j279","5","OK"
"8j27p","2","OK"
"8j295","3","OK"
"8j29y","1","OK"
"8j2b6","12","OK"
"8j2b9","9","OK"
"8j2dz","1","OK"
"8j2e0","81","OK"
"8j2e9","2","OK"
"8j2er","2","OK"
"8j2f8","4","OK"
"8j2hf","3","Observation"
"8j2i2","2","OK"
"8j2ix","11","Observation"
"8j2kd","3","OK"
"8j2ki","1","OK"
"8j2li","2","OK"
"8j2m4","88","Observation"
"8j2nt","20","OK"
"8j2pr","13","OK"
"8j2r9","14","OK"
"8j2s6","80","OK"
"8j2s7","117","OK"
"8j2td","23","OK"
"8j2to","1","OK"
"8j2tr","1","OK"
"8j2uy","6","Fraud"
"8j2z5","4","OK"
"8j2zn","1","OK"
"8j307","3","OK"
"8j30b","6","OK"
"8j30i","1","OK"
"8j30r","15","Fraud"
"8j311","4","OK"
"8j319","1","OK"
"8j31t","13","Observation"
"8j31u","6","OK"
"8j326","2","OK"
"8j329","1","OK"
"8j32k","3","OK"
"8j32l","2","OK"
"8j32m","6","OK"
"8j34p","4","OK"
"8j368","45","Observation"
"8j369","37","Observation"
"8j36c","2","OK"
"8j36d","57","Observation"
"8j36e","52","OK"
"8j36f","17","OK"
"8j36t","112","OK"
"8j38c","2","OK"
"8j398","1","OK"
"8j39n","26","OK"
"8j39x","63","OK"
"8j3e7","1","OK"
"8j3ej","9","OK"
"8j3fg","11","OK"
"8j3fs","6","OK"
"8j3gw","48","OK"
"8j3j2","2","OK"
"8j3kg","12","OK"
"8j3l0","1","OK"
"8j3ln","1","OK"
"8j3nw","1","OK"
"8j3oy","2","OK"
"8j3th","2","OK"
"8j3u4","25","OK"
"8j3xi","45","OK"
"8j3xm","4","OK"
"8j3z1","2","OK"
"8j3zu","8","OK"
"8j416","62","OK"
"8j41t","3","OK"
"8j42p","1","OK"
"8j437","1","OK"
"8j43i","2","OK"
"8j46c","67","OK"
"8j470","1","OK"
"8j49w","3","OK"
"8j4ap","1","OK"
"8j4ch","1","OK"
"8j4dw","1","OK"
"8j4fc","20","OK"
"8j4fe","2","OK"
"8j4gq","22","OK"
"8j4gr","29","OK"
"8j4hv","1","OK"
"8j4li","5","OK"
"8j4mp","36","OK"
"8j4nq","3","OK"
"8j4o3","1","OK"
"8j4og","2","OK"
"8j4pk","12","OK"
"8j4pp","82","OK"
"8j4qz","39","OK"
"8j4sj","1","OK"
"8j4tc","10","OK"
"8j4tl","1","OK"
"8j4tm","4","OK"
"8j4uo","52","OK"
"8j4uq","6","OK"
"8j4v5","22","OK"
"8j4vg","3","OK"
"8j4vj","2","OK"
"8j4ye","3","OK"
"8j507","59","OK"
"8j510","1","OK"
"8j51f","60","Observation"
"8j522","6","OK"
"8j523","8","OK"
"8j52r","4","OK"
"8j53q","1","OK"
"8j53t","30","OK"
"8j54k","1","OK"
"8j54x","1","OK"
"8j55y","134","OK"
"8j55z","96","OK"
"8j57g","2","OK"
"8j59e","3","OK"
"8j5a2","8","OK"
"8j5an","32","OK"
"8j5bx","54","OK"
"8j5cg","23","OK"
"8j5d0","55","OK"
"8j5dj","17","OK"
"8j5dk","1","OK"
"8j5dn","1","OK"
"8j5ey","2","OK"
"8j5f7","6","OK"
"8j5fu","41","OK"
"8j5gg","39","OK"
"8j5gh","118","OK"
"8j5gi","32","OK"
"8j5gj","102","OK"
"8j5h0","4","OK"
"8j5hb","1","OK"
"8j5hx","3","OK"
"8j5ig","2","OK"
"8j5ix","10","OK"
"8j5lq","3","OK"
"8j5lt","54","OK"
"8j5n1","1","OK"
"8j5n8","3","OK"
"8j5ne","2","OK"
"8j5oc","1","OK"
"8j5od","1","OK"
"8j5ol","2","OK"
"8j5qz","1","OK"
"8j5r6","33","OK"
"8j5rx","2","OK"
"8j5t5","8","OK"
"8j5wq","1","OK"
"8j5xt","2","OK"
"8j5zr","1","OK"
"8j5zs","2","OK"
"8j5zz","96","OK"
"8j603","11","OK"
"8j60b","11","OK"
"8j60m","7","OK"
"8j60q","1","OK"
"8j62o","1","OK"
"8j62v","4","OK"
"8j638","19","OK"
"8j64i","3","OK"
"8j65y","42","OK"
"8j67b","6","OK"
"8j67c","8","OK"
"8j696","29","OK"
"8j69h","1","OK"
"8j69s","1","OK"
"8j6ac","10","OK"
"8j6ae","5","OK"
"8j6b8","1","OK"
"8j6em","5","OK"
"8j6en","4","OK"
"8j6eq","1","OK"
"8j6es","116","OK"
"8j6f7","16","OK"
"8j6fg","17","OK"
"8j6go","1","OK"
"8j6he","5","OK"
"8j6jw","15","OK"
"8j6mc","1","OK"
"8j6nz","3","OK"
"8j6oi","72","OK"
"8j6p7","2","OK"
"8j6pj","2","OK"
"8j6pm","43","OK"
"8j6ze","2","OK"
"8j6zf","14","OK"
"8j70l","23","OK"
"8j72c","6","OK"
"8j732","3","OK"
"8j73t","117","OK"
"8j76o","2","OK"
"8j77b","56","OK"
"8j78u","47","OK"
"8j79o","3","OK"
"8j7ao","1","OK"
"8j7ba","1","OK"
"8j7ct","2","OK"
"8j7dc","1","OK"
"8j7ia","1","OK"
"8j7ic","1","OK"
"8j7iy","2","OK"
"8j7jh","2","OK"
"8j7mj","1","OK"
"8j7si","3","OK"
"8j7t8","13","OK"
"8j7tm","89","Fraud"
"8j7tt","2","OK"
"8j7xq","18","OK"
"8j7yi","1","OK"
"8j7yr","59","OK"
"8j80q","9","OK"
"8j82j","2","OK"
"8j839","1","OK"
"8j83j","3","OK"
"8j83r","1","OK"
"8j83y","1","OK"
"8j87g","9","OK"
"8j87i","3","OK"
"8j8b5","2","OK"
"8j8bn","1","OK"
"8j8bu","1","OK"
"8j8eb","1","OK"
"8j8eo","2","OK"
"8j8et","7","OK"
"8j8gw","1","OK"
"8j8h8","1","OK"
"8j8ho","10","OK"
"8j8hq","1","OK"
"8j8hr","1","OK"
"8j8i3","14","OK"
"8j8j4","6","OK"
"8j8jd","67","OK"
"8j8jg","2","OK"
"8j8k3","1","OK"
"8j8mt","1","OK"
"8j8mz","59","OK"
"8j8o4","106","OK"
"8j8op","4","OK"
"8j8or","1","OK"
"8j8ou","1","OK"
"8j8q3","4","OK"
"8j8rh","1","OK"
"8j8sa","1","OK"
"8j8se","5","OK"
"8j8sf","27","OK"
"8j8sv","11","OK"
"8j8t2","8","OK"
"8j8tf","5","OK"
"8j8u2","5","OK"
"8j8wj","2","OK"
"8j8yz","63","OK"
"8j8zb","23","OK"
"8j90l","1","OK"
"8j90q","5","OK"
"8j92i","44","OK"
"8j94o","1","OK"
"8j94s","1","OK"
"8j94z","9","OK"
"8j95g","2","OK"
"8j967","46","OK"
"8j9a2","7","OK"
"8j9a5","2","OK"
"8j9aa","4","OK"
"8j9d9","27","OK"
"8j9eq","5","OK"
"8j9ey","2","OK"
"8j9ge","1","OK"
"8j9h2","1","OK"
"8j9h9","1","OK"
"8j9i6","112","OK"
"8j9i7","44","OK"
"8j9i9","17","OK"
"8j9jc","1","OK"
"8j9m9","2","OK"
"8j9ml","2","OK"
"8j9o0","51","OK"
"8j9p4","46","Observation"
"8j9pe","12","OK"
"8j9q3","5","OK"
"8jb5v","1","OK"
"8jc3s","52","OK"
"8jc5o","9","OK"
"8jc8u","1","OK"
"8jc8v","127","OK"
"8jccm","16","OK"
"8jcez","4","OK"
"8jcfz","1","OK"
"8jcgp","5","OK"
"8jch5","12","OK"
"8jchh","23","OK"
"8jciv","4","OK"
"8jclv","100","OK"
"8jcoh","1","OK"
"8jcru","6","OK"
"8jcuw","1","OK"
"8jg20","53","OK"
"8jg2a","3","OK"
"8jg49","1","OK"
"8jg5r","5","OK"
"8jg82","1","OK"
"8jg8w","2","OK"
"8jg9s","10","OK"
"8jgac","7","OK"
"8jgbu","109","OK"
"8jgcj","17","OK"
"8jgcw","13","OK"
"8jgel","3","OK"
"8jgf3","1","OK"
"8jgg3","20","OK"
"8jggg","1","OK"
"8jgk9","1","OK"
"8jgkk","9","Observation"
"8jgl8","1","OK"
"8jgls","12","OK"
"8jgok","1","OK"
"8jgq9","1","OK"
"8jgqa","20","OK"
"8jgqb","9","OK"
"8jgqr","1","OK"
"8jgt1","4","OK"
"8jgts","4","OK"
"8jgu2","1","OK"
"8jgul","6","OK"
"8jgvx","1","OK"
"8jh5s","1","OK"
"8jh5u","1","OK"
"8jh5v","1","OK"
"8jh60","1","OK"
"8jh7b","22","OK"
"8jh9c","17","OK"
"8jhbl","34","OK"
"8jhcs","1","OK"
"8jhct","2","OK"
"8jhdz","2","OK"
"8jhep","2","OK"
"8jhfv","103","OK"
"8jhge","24","OK"
"8jhgj","1","OK"
"8jhgx","26","OK"
"8jhh0","11","OK"
"8jhi5","1","OK"
"8jhis","1","OK"
"8jhit","3","OK"
"8jhle","1","OK"
"8jhlw","2","OK"
"8jhmk","1","OK"
"8jhnz","44","OK"
"8jhou","11","OK"
"8jhp2","6","OK"
"8jhsv","1","OK"
"8jhtq","1","OK"
"8jhw3","8","OK"
"8jhw9","2","OK"
"8jhyg","4","OK"
"8ji11","3","OK"
"8ji1d","2","OK"
"8ji1k","33","OK"
"8ji1l","44","OK"
"8ji1s","1","OK"
"8ji1u","8","Observation"
"8ji2e","1","OK"
"8ji49","9","OK"
"8ji4k","86","OK"
"8ji4m","14","OK"
"8ji4n","12","OK"
"8ji60","1","OK"
"8ji8h","18","OK"
"8ji8l","1","OK"
"8ji9t","2","OK"
"8jiak","1","OK"
"8jiam","2","OK"
"8jian","3","OK"
"8jibl","12","OK"
"8jibp","1","OK"
"8jict","6","OK"
"8jid2","1","OK"
"8jiex","40","OK"
"8jif4","1","OK"
"8jifa","4","OK"
"8jiff","26","OK"
"8jigh","9","OK"
"8jik8","1","OK"
"8jil2","6","OK"
"8jim2","1","OK"
"8jin3","12","OK"
"8jior","35","OK"
"8jisx","21","OK"
"8jith","1","OK"
"8jiu2","1","OK"
"8jiuc","7","OK"
"8jiwm","2","OK"
"8jiy2","15","OK"
"8jiy8","1","OK"
"8jiz8","2","OK"
"8jj05","2","OK"
"8jj1n","29","OK"
"8jj1s","1","OK"
"8jj35","1","OK"
"8jj3f","1","OK"
"8jj6m","20","OK"
"8jj7t","147","OK"
"8jj80","1","OK"
"8jj96","1","OK"
"8jj9d","7","OK"
"8jjao","14","Observation"
"8jjap","37","OK"
"8jjc5","29","OK"
"8jjds","9","OK"
"8jjhc","1","OK"
"8jjji","92","OK"
"8jjo9","20","OK"
"8jjph","1","OK"
"8jjs6","61","Fraud"
"8jjsg","13","OK"
"8jjve","7","OK"
"8jjvh","6","OK"
"8jjxl","2","OK"
"8jk01","44","OK"
"8jk02","4","OK"
"8jk0d","4","Fraud"
"8jk15","59","OK"
"8jk1x","90","OK"
"8jk3i","60","OK"
"8jk4m","140","OK"
"8jk57","21","OK"
"8jk7c","2","OK"
"8jk8e","4","OK"
"8jk8g","158","OK"
"8jk8n","1","OK"
"8jka2","3","OK"
"8jkce","3","OK"
"8jkdf","3","OK"
"8jkdr","35","OK"
"8jkea","136","OK"
"8jkec","64","OK"
"8jked","87","OK"
"8jkfd","28","OK"
"8jkff","1","OK"
"8jkh1","54","Observation"
"8jkhu","1","OK"
"8jkhv","2","OK"
"8jkij","139","OK"
"8jkk9","1","OK"
"8jkmi","1","OK"
"8jkof","13","OK"
"8jkor","55","OK"
"8jkp0","114","OK"
"8jkp1","117","OK"
"8jkqn","10","OK"
"8jkrj","5","OK"
"8jks4","12","OK"
"8jksm","28","OK"
"8jkt3","2","OK"
"8jktn","30","OK"
"8jku2","1","OK"
"8jkul","114","OK"
"8jkv1","13","OK"
"8jkv9","12","OK"
"8jkve","3","OK"
"8jkwc","95","OK"
"8jkwu","5","OK"
"8jky9","69","OK"
"8jl02","4","OK"
"8jl05","33","OK"
"8jl0l","59","OK"
"8jl0o","1","OK"
"8jl1o","7","OK"
"8jl1u","19","OK"
"8jl23","3","OK"
"8jl39","1","OK"
"8jl3n","22","OK"
"8jl3y","11","Fraud"
"8jl43","12","OK"
"8jl4l","5","OK"
"8jl61","22","OK"
"8jl6e","43","OK"
"8jl7q","52","OK"
"8jla6","12","OK"
"8jlad","1","OK"
"8jlah","2","OK"
"8jlc5","6","OK"
"8jli0","28","OK"
"8jlic","3","OK"
"8jlii","52","OK"
"8jlis","32","OK"
"8jljk","1","OK"
"8jljl","1","OK"
"8jljm","3","OK"
"8jljq","2","OK"
"8jljr","87","OK"
"8jlju","8","OK"
"8jlk3","45","OK"
"8jlkt","12","OK"
"8jlms","14","OK"
"8jlmv","4","OK"
"8jlmz","1","OK"
"8jln6","23","OK"
"8jlnl","15","OK"
"8jlos","62","OK"
"8jlpw","40","OK"
"8jlpz","5","OK"
"8jlr2","1","OK"
"8jlru","3","OK"
"8jlt1","90","OK"
"8jlu6","36","Fraud"
"8jlus","38","OK"
"8jlyt","1","OK"
"8jlzr","47","OK"
"8jm0h","1","OK"
"8jm0y","1","OK"
"8jm18","6","OK"
"8jm4d","6","OK"
"8jm4h","39","OK"
"8jm4p","1","OK"
"8jm4v","22","OK"
"8jm5b","2","OK"
"8jm5w","102","OK"
"8jm90","70","OK"
"8jm9p","18","OK"
"8jmbn","2","OK"
"8jmch","30","OK"
"8kuma","1","OK"
"8kump","5","OK"
"8kumu","25","Fraud"
"8kun0","2","OK"
"8kun1","46","OK"
"8kun5","1","Fraud"
"8kuno","1","OK"
"8kunr","2","OK"
"8kunx","43","OK"
"8kuo4","2","OK"
"8kuo5","27","OK"
"8kuov","2","OK"
"8kuph","2","OK"
"8kupw","2","OK"
"8kupz","1","OK"
"8kuq2","2","OK"
"8kuqa","11","OK"
"8kuqd","3","OK"
"8kuql","1","OK"
"8kuro","4","OK"
"8kus3","47","OK"
"8kus9","45","OK"
"8kusa","48","OK"
"8kusb","32","OK"
"8kusi","2","OK"
"8kusr","3","OK"
"8kuti","1","OK"
"8kuto","1","OK"
"8kutv","3","OK"
"8kuuh","2","OK"
"8kuv3","1","OK"
"8kuv8","1","OK"
"8kuv9","20","Observation"
"8kuva","19","OK"
"8kuvb","39","Fraud"
"8kuvj","23","OK"
"8kuvn","6","OK"
"8kuvt","60","OK"
"8kuvy","2","OK"
"8kux8","1","OK"
"8kuxa","167","Observation"
"8kuxc","1","OK"
"8kuxg","5","OK"
"8kuxh","3","OK"
"8kuxi","1","OK"
"8kuxj","4","OK"
"8kuxk","1","OK"
"8kuxp","3","OK"
"8kuy3","1","OK"
"8kuy4","1","OK"
"8kuy9","1","OK"
"8kuyg","56","OK"
"8kuyp","1","OK"
"8kuys","1","OK"
"8kuze","5","OK"
"8kuzg","2","OK"
"8kuzj","24","OK"
"8kuzl","1","OK"
"8kv08","1","OK"
"8kv0e","8","OK"
"8kv0o","3","OK"
"8kv0s","5","Observation"
"8kv3c","2","OK"
"8kv3v","21","Fraud"
"8kv42","1","OK"
"8kv4a","3","OK"
"8kv4d","1","OK"
"8kv4k","4","OK"
"8kv4v","21","OK"
"8kv4x","2","OK"
"8kv5a","1","OK"
"8kv5w","15","Fraud"
"8kv5y","1","OK"
"8kv6q","1","OK"
"8kv6v","11","Fraud"
"8kv6y","17","OK"
"8kv74","1","OK"
"8kv77","2","OK"
"8kv7n","3","Fraud"
"8kv7x","4","Fraud"
"8kv80","1","OK"
"8kv8i","2","OK"
"8kv8s","3","OK"
"8kv90","15","OK"
"8kv97","24","OK"
"8kv9a","14","OK"
"8kv9b","8","OK"
"8kvad","4","OK"
"8kvas","2","OK"
"8kvax","8","OK"
"8kvb3","2","OK"
"8kvbe","3","OK"
"8kvbi","1","OK"
"8kvc4","1","OK"
"8kvc7","2","OK"
"8kvc8","1","OK"
"8kvcs","1","OK"
"8kvct","1","OK"
"8kvdh","3","OK"
"8kve7","16","OK"
"8kvec","12","OK"
"8kven","15","OK"
"8kveo","30","OK"
"8kveq","13","OK"
"8kvey","3","OK"
"8kvfl","1","OK"
"8kvfn","2","OK"
"8kvfr","39","OK"
"8kvg3","1","OK"
"8kvgc","1","OK"
"8kvgp","1","OK"
"8kvgr","6","OK"
"8kvgs","6","OK"
"8kvh1","7","OK"
"8kvh9","1","OK"
"8kvhd","2","OK"
"8kvhi","52","OK"
"8kvhp","1","OK"
"8kvhz","1","OK"
"8kvie","1","OK"
"8kvil","6","OK"
"8kvim","23","OK"
"8kviw","41","OK"
"8kvj1","4","OK"
"8kvjl","1","OK"
"8kvkh","1","OK"
"8kvkj","1","OK"
"8kvkq","4","OK"
"8kvkw","34","OK"
"8kvl0","32","OK"
"8kvl1","15","OK"
"8kvl2","66","OK"
"8kvl6","41","OK"
"8kvl7","31","OK"
"8kvl8","1","OK"
"8kvlp","15","OK"
"8kvlq","1","OK"
"8kvm0","2","OK"
"8kvm1","4","OK"
"8kvm2","3","OK"
"8kvm6","1","OK"
"8kvm7","1","OK"
"8kvma","1","OK"
"8kvmd","2","OK"
"8kvmf","15","OK"
"8kvmo","3","OK"
"8kvmr","33","OK"
"8kvna","56","OK"
"8kvnb","4","Observation"
"8kvnu","3","OK"
"8kvo1","6","OK"
"8kvos","5","OK"
"8kvot","6","OK"
"8kvpb","6","OK"
"8kvpc","5","OK"
"8kvpe","5","OK"
"8kvpg","1","OK"
"8kvpr","1","OK"
"8kvpw","9","OK"
"8kvq0","4","OK"
"8kvqh","10","OK"
"8kvqm","15","OK"
"8kvqp","1","OK"
"8kvr5","1","OK"
"8kvr9","1","OK"
"8kvrh","2","OK"
"8kvrr","3","OK"
"8kvry","2","OK"
"8kvs0","1","OK"
"8kvs1","1","OK"
"8kvs9","3","OK"
"8kvsu","3","OK"
"8kvtr","2","OK"
"8kvtw","1","OK"
"8kvty","46","OK"
"8kvu3","1","OK"
"8kvu7","7","OK"
"8kvug","3","OK"
"8kvuh","7","OK"
"8kvv2","8","Observation"
"8kvv3","1","OK"
"8kvv4","36","OK"
"8kvv6","13","OK"
"8kvv7","4","OK"
"8kvv8","1","OK"
"8kvvd","13","OK"
"8kvvh","3","Observation"
"8kvxs","1","OK"
"8kvy3","1","OK"
"8kvyf","6","OK"
"8kvyo","48","OK"
"8kvyr","12","OK"
"8kvzp","1","OK"
"8kw03","1","OK"
"8kw0f","26","Observation"
"8kw0n","2","OK"
"8kw15","3","OK"
"8kw19","26","OK"
"8kw1q","7","OK"
"8kw28","2","OK"
"8kw2n","1","OK"
"8kw39","1","OK"
"8kw3g","44","OK"
"8kw4u","1","OK"
"8kw4v","29","Fraud"
"8kw4x","5","OK"
"8kw4z","5","OK"
"8kw53","1","OK"
"8kw5p","1","OK"
"8kw5u","4","Fraud"
"8kw6d","2","OK"
"8kw70","1","OK"
"8kwzo","2","OK"
"8kwzv","1","OK"
"8kwzx","4","Fraud"
"8kwzy","10","OK"
"8kx0a","1","OK"
"8kx0h","3","OK"
"8kx0o","17","OK"
"8kx0y","2","OK"
"8kx17","1","OK"
"8kx19","3","OK"
"8kx1q","1","OK"
"8kx1z","1","Observation"
"8kx21","1","OK"
"8kx25","2","OK"
"8kx29","1","OK"
"8kx2a","1","OK"
"8kx2d","10","Fraud"
"8kx2g","1","OK"
"8kx2r","2","OK"
"8kx2u","7","Fraud"
"8kx2w","1","OK"
"8kx31","24","OK"
"8kx33","1","OK"
"8kx37","10","OK"
"8kx3a","1","OK"
"8kx3b","1","OK"
"8kx3c","1","OK"
"8kx3f","9","OK"
"8kx3i","1","OK"
"8kx3q","12","OK"
"8kx3r","1","OK"
"8kx47","1","OK"
"8kx4j","2","OK"
"8kx5a","2","OK"
"8kx5c","7","OK"
"8kx5g","4","OK"
"8kx5q","1","Observation"
"8kx6b","1","Observation"
"8kx86","1","Observation"
"8kxdu","1","OK"
"8kxe3","4","OK"
"8kxee","7","OK"
"8kxef","1","OK"
"8kxel","1","Fraud"
"8kxem","1","Fraud"
"8kxep","1","OK"
"8kxer","11","OK"
"8kxev","1","OK"
"8kxew","1","OK"
"8kxez","1","OK"
"8kxf2","1","OK"
"8kxf4","21","OK"
"8kxfb","17","OK"
"8kxfu","1","OK"
"8kxgk","3","OK"
"8kxgm","4","OK"
"8kxgs","7","Fraud"
"8kxgt","4","OK"
"8kxgu","9","OK"
"8kxgv","6","Fraud"
"8kxgy","1","OK"
"8kxhd","1","OK"
"8kxhn","13","OK"
"8kxhp","2","OK"
"8kxhq","1","OK"
"8kxij","1","Fraud"
"8kxik","2","OK"
"8kxim","1","OK"
"8kxj4","1","OK"
"8kxj8","2","OK"
"8kxjw","8","OK"
"8kxjy","16","OK"
"8kxkx","22","Observation"
"8kxl2","1","OK"
"8kxl3","3","Fraud"
"8kxla","12","OK"
"8kxlk","51","OK"
"8kxll","50","OK"
"8kxlo","10","OK"
"8kxlp","19","OK"
"8kxlq","21","OK"
"8kxlr","52","OK"
"8kxlt","6","OK"
"8kxlv","34","Fraud"
"8kxly","11","Fraud"
"8kxm0","4","OK"
"8kxm9","7","OK"
"8kxmh","23","Fraud"
"8kxml","4","OK"
"8kxmm","1","OK"
"8kxmo","9","OK"
"8kxn2","1","OK"
"8kxn5","4","OK"
"8kxnk","2","OK"
"8kxnl","1","OK"
"8kxnm","2","Fraud"
"8kxnn","2","Observation"
"8kxnw","8","OK"
"8kxo5","1","OK"
"8kxoj","1","Observation"
"8kxom","8","OK"
"8kxor","3","OK"
"8kxos","2","OK"
"8kxox","3","OK"
"8kxoy","4","Fraud"
"8kxp5","1","OK"
"8kxpa","1","OK"
"8kxpd","11","OK"
"8kxpq","1","OK"
"8kxpv","1","OK"
"8kxq6","38","OK"
"8kxqd","1","OK"
"8kxqf","1","OK"
"8kxqj","8","OK"
"8kxqk","35","Observation"
"8kxqm","2","OK"
"8kxqw","19","OK"
"8kxr9","50","Observation"
"8kxrb","4","Observation"
"8kxrc","1","OK"
"8kxre","76","Observation"
"8kxri","6","OK"
"8kxrj","2","OK"
"8kxrs","2","OK"
"8kxtp","3","OK"
"8kxvk","19","OK"
"8kxxf","16","OK"
"8kxzn","2","OK"
"8kxzu","38","OK"
"8ky0g","1","OK"
"8ky0o","4","OK"
"8ky15","1","OK"
"8ky18","1","OK"
"8ky1v","6","OK"
"8ky22","1","OK"
"8ky2b","2","OK"
"8ky2f","5","OK"
"8ky2l","1","OK"
"8ky2n","2","OK"
"8ky46","11","OK"
"8ky4j","1","OK"
"8ky4k","11","OK"
"8ky4n","1","OK"
"8ky4r","1","OK"
"8ky4x","1","OK"
"8ky50","1","OK"
"8ky5c","2","OK"
"8ky5s","1","OK"
"8ky6d","2","OK"
"8ky6h","15","Fraud"
"8ky6n","13","Fraud"
"8ky6u","3","OK"
"8ky6v","7","OK"
"8ky77","1","OK"
"8ky8n","2","OK"
"8ky8r","1","OK"
"8ky93","2","OK"
"8ky9n","1","OK"
"8kyao","2","OK"
"8kyb9","4","OK"
"8kybc","2","OK"
"8kybl","70","OK"
"8kybu","1","OK"
"8kyc0","4","OK"
"8kycf","1","OK"
"8kycw","31","OK"
"8kydv","14","Fraud"
"8kygk","2","OK"
"8kygl","1","OK"
"8kygo","1","OK"
"8kygq","28","OK"
"8kygz","1","OK"
"8kyhj","1","OK"
"8kyiq","4","OK"
"8kyjt","4","OK"
"8kyk5","11","OK"
"8kyka","1","OK"
"8kyl4","20","OK"
"8kyl5","1","OK"
"8kyld","10","OK"
"8kymr","3","OK"
"8kynd","3","OK"
"8kynk","1","OK"
"8kyov","6","Fraud"
"8kyow","3","OK"
"8kyoy","1","OK"
"8kyp1","5","OK"
"8kyp7","1","OK"
"8kyp8","2","OK"
"8kypd","10","OK"
"8kypr","11","OK"
"8kyqu","1","OK"
"8kyre","2","OK"
"8kysj","1","OK"
"8kyss","2","OK"
"8kytg","1","OK"
"8kyu8","2","OK"
"8kyvb","114","OK"
"8kyvg","1","OK"
"8kyvt","1","OK"
"8kyvw","13","OK"
"8kyw0","2","OK"
"8kyw6","1","OK"
"8kywb","8","OK"
"8kywm","1","OK"
"8kywq","1","OK"
"8kywy","5","OK"
"8kyxs","1","OK"
"8kyxz","1","OK"
"8kyyv","5","OK"
"8kyz1","3","OK"
"8kyzp","113","OK"
"8kz2d","1","OK"
"8kz2e","1","OK"
"8kz2y","1","OK"
"8kz4p","1","OK"
"8kz5j","2","OK"
"8kz64","28","OK"
"8kz6l","1","OK"
"8kz6p","25","Fraud"
"8kz6r","1","OK"
"8kz74","2","OK"
"8kz7h","2","OK"
"8kz7i","1","OK"
"8kz7z","3","OK"
"8kz81","6","OK"
"8kz84","30","OK"
"8kz8a","9","OK"
"8kz9c","3","OK"
"8kz9e","2","OK"
"8kz9f","17","OK"
"8kz9k","1","OK"
"8kz9x","2","OK"
"8kzaf","1","OK"
"8kzbb","104","OK"
"8kzbg","6","OK"
"8kzd5","3","OK"
"8kzds","1","OK"
"8kzen","7","OK"
"8kzep","4","OK"
"8kzer","10","OK"
"8kzes","1","OK"
"8kzf2","1","OK"
"8kzf5","1","OK"
"8kzfo","7","OK"
"8kzgc","2","OK"
"8kzgf","2","OK"
"8kzhr","5","OK"
"8kzhu","2","OK"
"8kzhz","11","OK"
"8kzi1","2","OK"
"8kzi5","1","OK"
"8kzjk","1","Fraud"
"8kzjq","1","OK"
"8kzjy","2","OK"
"8kzkc","2","OK"
"8kzkl","9","OK"
"8kzkp","1","OK"
"8kzkq","1","OK"
"8kzl3","2","OK"
"8kzl6","1","OK"
"8kzlb","1","OK"
"8kzll","8","OK"
"8kzlm","2","OK"
"8kzm1","16","Fraud"
"8kzmh","2","OK"
"8kzmx","1","OK"
"8kzmy","18","OK"
"8kzna","65","OK"
"8kznn","63","OK"
"8kznw","19","OK"
"8kzo4","5","OK"
"8kzom","1","OK"
"8kzpi","1","OK"
"8kzq3","1","OK"
"8kzqd","10","OK"
"8kzqe","2","OK"
"8kzqo","1","OK"
"8kzr4","2","OK"
"8kzr5","2","OK"
"8kzr6","2","OK"
"8kzr7","2","OK"
"8kzr9","2","OK"
"8kzss","2","OK"
"8kzst","3","OK"
"8kzsu","3","OK"
"8kzt1","85","OK"
"8kztj","2","OK"
"8kztp","1","OK"
"8kztq","17","OK"
"8kzu3","2","OK"
"8kzuk","15","OK"
"8kzv1","29","OK"
"8kzvn","78","OK"
"8kzw1","13","OK"
"8kzwc","3","OK"
"8kzwu","7","OK"
"8kzx6","8","OK"
"8kzxc","5","OK"
"8kzxk","23","OK"
"8kzxo","2","OK"
"8kzxz","5","OK"
"8kzy2","1","OK"
"8kzy5","64","OK"
"8kzyi","36","Observation"
"8kzyz","1","OK"
"8l004","1","OK"
"8l00g","76","OK"
"8l00h","24","Fraud"
"8l00x","4","OK"
"8l014","2","OK"
"8l01a","1","OK"
"8l01b","1","OK"
"8l01g","12","OK"
"8l01w","1","OK"
"8l01y","13","OK"
"8l029","2","OK"
"8l02e","1","OK"
"8l02g","2","OK"
"8l02m","1","OK"
"8l02n","2","OK"
"8l02t","8","OK"
"8l02x","3","OK"
"8l03g","1","OK"
"8l03j","6","OK"
"8l046","1","OK"
"8l04m","1","OK"
"8l04x","3","OK"
"8l04z","24","OK"
"8l050","3","OK"
"8l051","3","OK"
"8l052","3","OK"
"8l053","3","OK"
"8l05k","3","OK"
"8l05l","65","OK"
"8l05z","1","OK"
"8l061","11","OK"
"8l063","4","OK"
"8l06b","1","OK"
"8l071","7","OK"
"8l07i","33","OK"
"8l07n","1","OK"
"8l07q","1","OK"
"8l07t","1","OK"
"8l08l","1","OK"
"8l09b","1","OK"
"8l0a0","8","OK"
"8l0aq","7","OK"
"8l0b4","27","OK"
"8l0bl","14","Observation"
"8l0bm","6","OK"
"8l0c2","1","OK"
"8l0ca","1","OK"
"8l0cx","2","OK"
"8l0e4","16","OK"
"8l0f6","4","OK"
"8l0fs","1","OK"
"8l0fv","1","OK"
"8l0fx","2","OK"
"8l0gr","12","OK"
"8l0ho","2","OK"
"8l0i4","1","OK"
"8l0io","3","OK"
"8l0iu","3","OK"
"8l0iv","2","OK"
"8l0j8","3","OK"
"8l0jf","3","OK"
"8l0k0","1","OK"
"8l0k9","2","OK"
"8l0l8","1","OK"
"8l0lh","9","OK"
"8l0lm","1","OK"
"8l0lv","4","OK"
"8l0m2","1","OK"
"8l0m9","14","OK"
"8l0mw","1","OK"
"8l0n5","3","OK"
"8l0ng","1","OK"
"8l0nw","3","OK"
"8l0p1","12","OK"
"8l0p8","1","OK"
"8l0q6","104","Fraud"
"8l0r9","1","OK"
"8l0rb","27","Fraud"
"8l0rp","19","OK"
"8l0rq","70","OK"
"8l0rr","13","OK"
"8l0sm","81","OK"
"8l0sw","4","OK"
"8l0t1","5","OK"
"8l0t3","1","OK"
"8l0t6","6","OK"
"8l0td","1","OK"
"8l0ty","3","OK"
"8l0u5","4","OK"
"8l0uu","6","OK"
"8l0v8","44","Observation"
"8l0v9","74","OK"
"8l0w0","1","OK"
"8l0wx","32","OK"
"8l0wz","1","OK"
"8l0x3","53","OK"
"8l0x4","1","OK"
"8l0x9","2","OK"
