"partnerid","CntrOtherPercent","status"
"8i7uk","0.66","OK"
"8i7ux","0.53","OK"
"8i7va","0.38","OK"
"8i7vb","0.18","OK"
"8i7vf","0.00","OK"
"8i7vp","0.98","OK"
"8i7vq","0.97","OK"
"8i7vz","0.16","OK"
"8i7w2","0.15","OK"
"8i7wb","0.35","OK"
"8i7wi","0.13","OK"
"8i7wr","0.99","OK"
"8i7wv","0.00","OK"
"8i7xd","0.02","Observation"
"8i7yy","1.00","OK"
"8i7z7","0.04","OK"
"8i7zf","0.33","OK"
"8i7zk","0.98","OK"
"8i7zl","1.00","OK"
"8i804","0.93","OK"
"8i806","0.29","OK"
"8i80a","0.30","OK"
"8i80j","1.00","OK"
"8i81d","0.00","OK"
"8i81i","0.50","OK"
"8i828","0.07","OK"
"8i82g","0.29","OK"
"8i82r","0.50","OK"
"8i82x","0.33","OK"
"8i830","1.00","OK"
"8i833","0.98","OK"
"8i83a","0.00","OK"
"8i83y","1.00","OK"
"8i84n","1.00","OK"
"8i84o","0.17","OK"
"8i84w","1.00","OK"
"8i85v","0.02","OK"
"8i86i","1.00","OK"
"8i88w","0.90","OK"
"8i89m","0.50","OK"
"8i8ar","0.71","OK"
"8i8bx","0.40","OK"
"8i8cj","1.00","OK"
"8i8do","1.00","OK"
"8i8e5","0.93","OK"
"8i8e7","0.00","OK"
"8i8ef","1.00","OK"
"8i8en","1.00","OK"
"8i8fk","0.61","OK"
"8i8fm","0.89","Observation"
"8i8fn","0.71","OK"
"8i8fq","0.85","OK"
"8i8ft","0.90","OK"
"8i8g3","0.50","OK"
"8i8go","0.95","Observation"
"8i8gu","0.00","OK"
"8i8gx","0.00","OK"
"8i8gz","1.00","OK"
"8i8h2","1.00","OK"
"8i8h7","0.11","Fraud"
"8i8hw","0.00","OK"
"8i8ih","1.00","OK"
"8i8is","0.90","OK"
"8i8iv","0.60","OK"
"8i8j2","0.94","OK"
"8i8jl","0.67","OK"
"8i8k3","0.82","OK"
"8i8kg","1.00","OK"
"8i8ku","1.00","OK"
"8i8le","0.56","OK"
"8i8lx","0.00","OK"
"8i8m6","0.68","OK"
"8i8mq","0.00","OK"
"8i8mr","0.00","OK"
"8i8n6","0.00","OK"
"8i8no","0.00","OK"
"8i8nq","0.00","OK"
"8i8nr","0.06","OK"
"8i8oh","0.00","OK"
"8i8p1","0.00","OK"
"8i8pz","0.00","OK"
"8i8q4","0.00","OK"
"8i8qk","0.20","OK"
"8i8qn","0.00","OK"
"8i8rs","0.00","OK"
"8i8s9","0.00","OK"
"8i8t2","1.00","OK"
"8i8tt","0.18","Observation"
"8i8tw","0.67","OK"
"8i8u1","0.33","OK"
"8i8u7","0.00","OK"
"8i8u8","0.00","OK"
"8i8ub","0.00","OK"
"8i8ui","0.78","OK"
"8i8wd","0.00","OK"
"8i8xq","0.49","OK"
"8i8ye","0.30","OK"
"8i8yi","0.42","OK"
"8i8yn","0.48","OK"
"8i8yu","0.00","OK"
"8i8z4","0.25","OK"
"8i8zd","1.00","OK"
"8i8ze","0.73","OK"
"8i8zi","0.47","OK"
"8i903","0.46","OK"
"8i90i","0.50","OK"
"8i90k","0.18","Fraud"
"8i90m","0.29","OK"
"8i91i","0.75","OK"
"8i922","0.83","OK"
"8i92t","0.84","OK"
"8i92u","1.00","OK"
"8i930","0.11","Observation"
"8i932","0.20","OK"
"8i936","0.34","OK"
"8i93o","0.18","OK"
"8i93q","0.44","OK"
"8i941","0.40","OK"
"8i949","0.49","OK"
"8i94e","1.00","OK"
"8i94n","1.00","OK"
"8i94y","0.00","OK"
"8i95z","0.59","OK"
"8i969","0.43","OK"
"8i96u","1.00","OK"
"8i96x","0.36","OK"
"8i98h","0.20","OK"
"8i99h","0.44","OK"
"8i9a2","0.00","OK"
"8i9at","0.13","OK"
"8i9aw","0.03","OK"
"8i9b4","0.83","OK"
"8i9bj","0.06","OK"
"8i9bm","0.00","OK"
"8i9bs","1.00","OK"
"8i9bw","0.64","OK"
"8i9bx","0.14","OK"
"8i9cn","0.51","OK"
"8i9co","0.03","OK"
"8i9cr","0.82","OK"
"8i9d0","0.00","OK"
"8i9d1","0.00","OK"
"8i9d5","0.02","OK"
"8i9da","0.03","OK"
"8i9db","0.00","OK"
"8i9dg","0.67","OK"
"8i9dp","0.00","OK"
"8i9dv","0.12","OK"
"8i9e1","1.00","OK"
"8i9e9","0.27","OK"
"8i9ed","0.00","OK"
"8i9eg","0.00","OK"
"8i9eq","0.00","OK"
"8i9f0","0.75","OK"
"8i9fl","0.40","OK"
"8i9fv","1.00","OK"
"8i9g2","0.00","OK"
"8i9gl","0.50","OK"
"8i9h8","1.00","OK"
"8i9hj","1.00","OK"
"8i9hm","0.01","OK"
"8i9hn","0.07","OK"
"8i9ht","1.00","OK"
"8i9hu","0.06","OK"
"8i9hw","1.00","OK"
"8i9hx","1.00","OK"
"8i9hz","1.00","OK"
"8i9i1","1.00","OK"
"8i9i3","0.00","OK"
"8i9i4","1.00","OK"
"8i9i5","1.00","Observation"
"8i9i7","0.99","OK"
"8i9i9","1.00","OK"
"8i9ia","1.00","OK"
"8i9ib","1.00","OK"
"8i9ic","0.00","OK"
"8i9id","0.00","OK"
"8i9ie","1.00","OK"
"8i9ig","1.00","OK"
"8i9ih","1.00","OK"
"8i9ii","1.00","Observation"
"8i9ij","1.00","OK"
"8i9ik","1.00","OK"
"8i9im","1.00","OK"
"8i9in","0.22","OK"
"8i9ip","0.00","OK"
"8i9j4","1.00","OK"
"8i9j6","0.00","Observation"
"8i9jf","1.00","OK"
"8i9jg","0.99","OK"
"8i9ji","0.00","OK"
"8i9jj","0.00","OK"
"8i9jr","0.00","OK"
"8i9kq","0.43","OK"
"8i9ky","1.00","OK"
"8i9nd","0.33","OK"
"8i9ng","0.00","OK"
"8i9np","0.06","OK"
"8i9os","1.00","OK"
"8i9ot","0.52","OK"
"8i9p1","1.00","OK"
"8i9p3","1.00","OK"
"8i9p4","1.00","OK"
"8i9p7","1.00","OK"
"8i9p8","0.96","OK"
"8i9pt","1.00","OK"
"8i9q6","0.00","OK"
"8i9ql","0.05","OK"
"8i9qu","0.11","OK"
"8i9s9","0.04","OK"
"8i9sm","0.61","OK"
"8i9t0","1.00","OK"
"8i9tt","0.34","OK"
"8i9u6","1.00","OK"
"8i9vn","0.45","OK"
"8i9ws","0.70","Fraud"
"8i9xb","0.05","OK"
"8i9z5","1.00","OK"
"8i9z6","1.00","OK"
"8i9z7","1.00","OK"
"8i9zb","1.00","OK"
"8i9zp","0.52","OK"
"8i9zy","0.45","OK"
"8ia0j","0.22","OK"
"8ia0n","0.08","OK"
"8ia11","0.52","OK"
"8ia16","0.11","OK"
"8ia19","1.00","OK"
"8ia1e","1.00","OK"
"8ia25","1.00","OK"
"8ia51","1.00","OK"
"8ia54","0.00","OK"
"8ia62","0.00","OK"
"8ia6z","1.00","OK"
"8ia7h","0.63","OK"
"8ia7p","0.93","OK"
"8ia7z","0.60","OK"
"8ia80","0.06","OK"
"8ia8k","0.00","OK"
"8ia8u","0.54","OK"
"8ia99","0.00","OK"
"8ia9b","0.00","OK"
"8ia9d","0.00","OK"
"8ia9m","0.52","OK"
"8ia9n","0.50","OK"
"8iaa6","1.00","OK"
"8iaar","0.38","OK"
"8iaay","0.24","OK"
"8iaaz","0.33","OK"
"8iab9","0.76","OK"
"8iabd","0.50","OK"
"8iabk","1.00","OK"
"8iabp","0.80","OK"
"8iac5","0.00","OK"
"8iac6","0.97","OK"
"8iact","0.00","OK"
"8iadk","0.93","OK"
"8iadn","1.00","OK"
"8iadr","0.28","Observation"
"8iadt","0.91","OK"
"8iae2","1.00","OK"
"8iae4","1.00","OK"
"8iaeq","0.00","OK"
"8iafg","0.00","OK"
"8iafi","0.51","OK"
"8iagk","0.99","OK"
"8iagn","1.00","OK"
"8iagp","0.79","OK"
"8iagv","0.56","OK"
"8iah0","0.80","OK"
"8iaim","1.00","OK"
"8iaj2","0.97","OK"
"8iajv","0.00","OK"
"8iak0","0.70","OK"
"8iaks","0.71","OK"
"8ial7","1.00","OK"
"8ialk","0.00","OK"
"8ialy","0.99","OK"
"8iam0","1.00","OK"
"8iam4","1.00","OK"
"8iamd","0.74","Observation"
"8iaml","0.67","OK"
"8iaob","1.00","OK"
"8iaps","0.00","OK"
"8iaqk","1.00","OK"
"8iaqp","0.32","OK"
"8iaqy","0.33","OK"
"8iar6","0.29","OK"
"8iark","0.14","OK"
"8iaru","0.08","OK"
"8iasq","0.57","OK"
"8iasz","0.83","Observation"
"8iata","0.68","OK"
"8iatv","0.99","OK"
"8iau4","0.02","OK"
"8iau5","0.00","OK"
"8iau7","0.00","OK"
"8iauu","0.98","OK"
"8iavq","0.40","OK"
"8iavx","0.00","OK"
"8iawe","0.50","OK"
"8iawh","1.00","OK"
"8iaxa","0.25","OK"
"8iaxj","0.91","Fraud"
"8iayy","0.00","OK"
"8iazm","1.00","OK"
"8ib0l","0.42","OK"
"8ib0m","1.00","OK"
"8ib12","0.40","OK"
"8ib14","0.17","OK"
"8ib16","0.21","OK"
"8ib1i","1.00","OK"
"8ib1j","0.50","OK"
"8ib1t","0.92","OK"
"8ib1v","0.00","OK"
"8ib1x","1.00","OK"
"8ib25","0.00","OK"
"8ib26","0.00","OK"
"8ib2d","1.00","OK"
"8ib2w","0.56","OK"
"8ib34","1.00","OK"
"8ib46","1.00","OK"
"8ib4v","0.33","OK"
"8ib4y","0.11","OK"
"8ib4z","0.12","OK"
"8ib56","0.20","OK"
"8ib5i","0.01","OK"
"8ib63","0.00","OK"
"8ib6f","0.60","OK"
"8ib6i","0.17","OK"
"8ib6x","0.39","OK"
"8ib7h","0.15","OK"
"8ib7i","0.00","OK"
"8ib9m","1.00","OK"
"8ib9o","1.00","OK"
"8ib9v","1.00","OK"
"8ibah","0.22","OK"
"8ibam","0.00","OK"
"8ibay","0.00","OK"
"8ibbr","0.60","OK"
"8ibbv","1.00","OK"
"8ibcb","1.00","OK"
"8ibcv","0.58","OK"
"8ibdg","0.55","OK"
"8ibdl","0.40","OK"
"8ibdm","0.40","OK"
"8iber","0.00","OK"
"8ibf5","0.50","OK"
"8ibfa","1.00","OK"
"8ibg2","1.00","OK"
"8ibg6","0.00","OK"
"8ibgj","0.78","OK"
"8ibgo","1.00","OK"
"8ibgx","0.06","OK"
"8ibhn","1.00","OK"
"8ibid","0.44","OK"
"8ibiw","0.33","OK"
"8ibjf","0.48","OK"
"8ibjo","0.76","OK"
"8ibke","0.00","OK"
"8ibkr","0.10","Fraud"
"8ibl1","1.00","OK"
"8ibmd","0.00","OK"
"8ibmq","1.00","OK"
"8ibmx","0.43","OK"
"8ibn2","1.00","OK"
"8ibnz","1.00","OK"
"8ibo7","1.00","OK"
"8ibop","0.29","OK"
"8ibp0","0.04","OK"
"8ibp7","1.00","OK"
"8ibp9","0.06","OK"
"8ibpi","0.00","OK"
"8ibr7","0.50","OK"
"8ibt9","0.45","OK"
"8ibtd","0.50","OK"
"8ibub","0.50","OK"
"8ibug","0.05","OK"
"8ibum","0.30","OK"
"8ibup","0.46","OK"
"8ibv4","0.30","OK"
"8ibw8","0.05","OK"
"8ibxb","0.52","OK"
"8ic07","0.48","OK"
"8ic0m","0.31","OK"
"8ic0y","0.49","OK"
"8ic1s","0.31","OK"
"8ic1t","0.22","OK"
"8ic1x","0.00","OK"
"8ic26","0.59","OK"
"8ic2e","0.00","OK"
"8ic2q","1.00","OK"
"8ic3a","0.12","OK"
"8ic3g","0.00","OK"
"8ic3o","0.88","OK"
"8ic3r","1.00","OK"
"8ic3w","1.00","OK"
"8ic46","0.26","OK"
"8ic4i","0.04","OK"
"8ic4v","0.37","OK"
"8ic50","0.00","OK"
"8ic51","0.00","OK"
"8ic55","0.00","OK"
"8ic56","0.32","OK"
"8ic59","0.00","OK"
"8ic5b","0.09","OK"
"8ic6b","0.31","OK"
"8ic6d","0.00","OK"
"8ic6r","1.00","OK"
"8ic78","0.00","OK"
"8ic7z","0.33","OK"
"8ic8g","0.50","OK"
"8ic9a","0.60","OK"
"8ic9l","0.33","OK"
"8ic9r","0.33","OK"
"8ica0","0.96","OK"
"8icam","0.29","OK"
"8icaw","0.38","OK"
"8icb3","0.50","OK"
"8icb9","0.50","OK"
"8icbb","0.16","OK"
"8iccd","0.48","OK"
"8iccn","0.55","OK"
"8icdb","0.23","OK"
"8icdj","1.00","OK"
"8ice8","0.58","OK"
"8icee","0.31","OK"
"8icef","0.27","OK"
"8icfc","0.00","OK"
"8icfe","0.99","Observation"
"8icff","0.96","Observation"
"8icfm","0.00","OK"
"8icgh","1.00","OK"
"8ich8","0.00","OK"
"8ichd","0.05","OK"
"8ichj","1.00","OK"
"8ichk","0.26","OK"
"8ichs","1.00","OK"
"8ichw","0.00","OK"
"8icia","0.69","OK"
"8icim","0.00","OK"
"8icin","0.25","OK"
"8icix","0.50","OK"
"8icoz","1.00","OK"
"8icp7","0.32","OK"
"8icq7","0.53","OK"
"8ictc","0.30","OK"
"8ictf","1.00","OK"
"8ictz","0.57","OK"
"8icu9","0.38","OK"
"8icuy","0.72","OK"
"8icv3","1.00","OK"
"8icvc","0.62","OK"
"8icwe","0.75","OK"
"8icx6","1.00","OK"
"8icxc","0.22","OK"
"8icxd","0.00","OK"
"8icxf","0.13","OK"
"8icxl","0.21","OK"
"8icyy","0.50","OK"
"8icz2","0.68","OK"
"8iczh","0.30","Fraud"
"8id02","0.26","OK"
"8id03","0.54","OK"
"8id0y","0.80","OK"
"8id0z","0.65","OK"
"8id1a","1.00","OK"
"8id2f","1.00","OK"
"8id2s","0.00","OK"
"8id2w","0.00","OK"
"8id2z","0.66","OK"
"8id56","0.00","OK"
"8id57","0.54","OK"
"8id5b","0.00","OK"
"8id5p","0.01","Fraud"
"8id6y","0.15","OK"
"8id6z","0.42","OK"
"8id7o","0.27","OK"
"8id7z","0.00","OK"
"8id89","0.00","OK"
"8id8z","1.00","OK"
"8id9y","1.00","OK"
"8ida1","0.52","OK"
"8idam","0.00","OK"
"8idbx","0.60","OK"
"8idc4","1.00","OK"
"8iddj","0.03","OK"
"8iddv","1.00","OK"
"8iddw","1.00","OK"
"8ide1","0.70","OK"
"8ide5","1.00","OK"
"8idem","0.60","OK"
"8idf6","1.00","OK"
"8idfl","0.83","OK"
"8idg8","1.00","OK"
"8idgb","1.00","OK"
"8idh3","1.00","OK"
"8idhm","0.80","Fraud"
"8idhn","0.61","OK"
"8idhp","0.88","OK"
"8idhs","0.86","OK"
"8idht","1.00","OK"
"8idhw","1.00","OK"
"8idi0","0.00","OK"
"8idi1","0.56","OK"
"8idi4","1.00","OK"
"8idi5","1.00","OK"
"8idi7","0.74","OK"
"8idib","1.00","OK"
"8idit","0.95","Fraud"
"8idmr","0.83","OK"
"8idn9","0.40","OK"
"8idnv","1.00","OK"
"8idny","1.00","OK"
"8ido2","1.00","OK"
"8idoa","0.75","OK"
"8idob","0.33","OK"
"8idoc","0.40","OK"
"8idou","0.42","OK"
"8idp1","1.00","OK"
"8idp3","1.00","OK"
"8ie57","0.00","OK"
"8ie5k","0.00","OK"
"8ie7p","0.67","OK"
"8ie82","0.75","OK"
"8ie98","1.00","OK"
"8ie9s","0.00","OK"
"8iea1","0.83","OK"
"8ieaq","0.77","OK"
"8ieaz","0.49","OK"
"8ieb4","0.25","OK"
"8iebt","0.00","OK"
"8iebx","0.11","OK"
"8ief6","0.11","OK"
"8iefb","0.20","OK"
"8iefl","0.13","OK"
"8iefo","0.00","OK"
"8iefs","0.00","OK"
"8ieg2","0.37","OK"
"8iegi","1.00","OK"
"8ieh3","0.11","OK"
"8iehk","0.21","OK"
"8ieht","0.75","Observation"
"8iejt","0.25","OK"
"8iel9","0.38","OK"
"8ielc","1.00","OK"
"8iem5","0.00","Fraud"
"8iemj","0.00","OK"
"8ien9","0.25","OK"
"8ieo7","0.00","OK"
"8ieol","0.89","OK"
"8ieqn","0.94","OK"
"8iequ","0.00","OK"
"8ies6","0.27","OK"
"8ies8","0.30","OK"
"8ieso","0.00","OK"
"8iet9","0.51","OK"
"8ietw","0.00","OK"
"8ieuh","0.00","OK"
"8iev9","1.00","OK"
"8ievj","0.00","OK"
"8ievt","1.00","OK"
"8ievz","0.29","Fraud"
"8iex1","0.90","OK"
"8iex9","0.40","OK"
"8iexi","0.13","OK"
"8iext","0.13","OK"
"8if13","0.62","OK"
"8if2b","1.00","OK"
"8if3m","0.28","OK"
"8if4w","1.00","OK"
"8if5c","0.00","OK"
"8if5p","0.00","OK"
"8if6n","1.00","OK"
"8if7b","0.00","OK"
"8if9o","0.56","Fraud"
"8ifa1","0.54","Observation"
"8ifan","0.03","OK"
"8ifcw","0.17","Fraud"
"8ifem","0.00","OK"
"8iff5","0.00","OK"
"8iff6","1.00","OK"
"8iffk","0.90","OK"
"8ifg0","0.00","OK"
"8ifg9","1.00","OK"
"8ifgn","0.80","OK"
"8ifik","0.25","OK"
"8ifm5","1.00","OK"
"8ifma","1.00","OK"
"8ifmk","1.00","OK"
"8ifna","1.00","OK"
"8ifnd","0.00","OK"
"8ifog","0.36","OK"
"8ifov","0.98","OK"
"8ifqc","0.15","OK"
"8ifqi","0.13","Fraud"
"8ifqk","0.85","OK"
"8ifvn","0.00","OK"
"8ifwd","0.00","OK"
"8ifzw","0.00","OK"
"8ig0z","0.75","OK"
"8ig13","1.00","OK"
"8ig4x","0.00","OK"
"8ig5c","0.43","OK"
"8ig76","0.49","OK"
"8ig8i","0.00","OK"
"8igb7","0.24","OK"
"8igbs","0.17","OK"
"8igbt","0.13","OK"
"8igbu","0.13","OK"
"8igc1","0.14","OK"
"8igcb","0.82","OK"
"8igdb","0.25","OK"
"8igdp","0.00","OK"
"8igem","0.00","OK"
"8igew","0.33","OK"
"8igfs","0.50","OK"
"8igh8","0.25","OK"
"8igih","1.00","OK"
"8igj2","1.00","OK"
"8igji","0.00","OK"
"8igkk","1.00","OK"
"8igkp","0.65","OK"
"8igl1","0.21","OK"
"8igl7","0.60","OK"
"8iglk","0.00","OK"
"8igm1","1.00","OK"
"8igm8","0.23","OK"
"8igmr","0.00","OK"
"8ign1","1.00","OK"
"8ignc","0.00","OK"
"8igne","0.00","OK"
"8igo3","0.58","OK"
"8igo7","0.63","OK"
"8igox","0.00","OK"
"8igpd","0.00","OK"
"8igpr","0.60","OK"
"8igql","0.92","OK"
"8igqx","0.00","OK"
"8igr1","1.00","OK"
"8igsh","0.00","OK"
"8igsi","0.40","OK"
"8igts","1.00","OK"
"8igv1","0.14","OK"
"8igvd","1.00","OK"
"8igy3","0.32","OK"
"8igyy","0.40","Observation"
"8igz8","0.53","OK"
"8igzo","0.00","OK"
"8igzs","0.00","OK"
"8igzy","0.00","OK"
"8igzz","0.50","OK"
"8ih09","0.86","Fraud"
"8ih1h","0.33","OK"
"8ih1j","1.00","OK"
"8ih20","0.54","OK"
"8ih2n","1.00","OK"
"8ih3o","0.50","OK"
"8ih4k","0.20","OK"
"8ih6i","0.33","OK"
"8iha2","0.27","Observation"
"8ihab","0.00","OK"
"8ihac","0.17","OK"
"8ihaj","0.10","OK"
"8ihba","0.21","Observation"
"8ihbr","1.00","OK"
"8ihbx","0.22","OK"
"8ihc4","0.45","OK"
"8ihcj","0.00","OK"
"8ihck","0.32","OK"
"8ihcm","1.00","OK"
"8ihct","0.33","OK"
"8ihcu","0.59","OK"
"8ihd5","0.29","OK"
"8ihdv","0.47","OK"
"8ihe5","0.29","OK"
"8ihhk","0.50","OK"
"8ihij","0.67","OK"
"8ihik","0.35","OK"
"8ihk7","0.18","Observation"
"8ihkj","0.00","OK"
"8ihkt","0.14","OK"
"8ihl1","0.00","Fraud"
"8ihl9","0.44","OK"
"8ihlr","0.23","OK"
"8ihn7","0.25","OK"
"8ihna","0.47","OK"
"8ihnk","0.00","OK"
"8ihot","1.00","OK"
"8ihpi","0.95","OK"
"8ihqx","0.00","OK"
"8ihrz","0.00","OK"
"8ihs5","0.47","OK"
"8ihsd","0.00","OK"
"8ihsp","0.22","OK"
"8ihth","0.14","OK"
"8ihtk","1.00","OK"
"8ihtv","0.42","OK"
"8ihue","0.00","OK"
"8ihuk","0.00","OK"
"8ihup","0.56","OK"
"8ihuv","1.00","OK"
"8ihuy","0.00","OK"
"8ihv1","0.17","OK"
"8ihvb","1.00","OK"
"8ihwi","1.00","OK"
"8ihwm","0.80","OK"
"8ihxc","1.00","OK"
"8ihxl","1.00","OK"
"8ihxp","1.00","OK"
"8ihxy","1.00","OK"
"8ihy6","1.00","OK"
"8ihyb","1.00","OK"
"8ihyi","1.00","OK"
"8ihz5","0.00","OK"
"8ihzv","1.00","OK"
"8ihzw","0.71","OK"
"8ihzy","0.68","OK"
"8ii07","0.17","OK"
"8ii0g","1.00","OK"
"8ii0i","1.00","OK"
"8ii0k","1.00","OK"
"8ii11","0.99","OK"
"8ii14","1.00","OK"
"8ii1p","0.70","OK"
"8ii1r","0.06","OK"
"8ii26","0.02","OK"
"8ii2b","0.67","OK"
"8ii2l","1.00","OK"
"8ii2n","1.00","OK"
"8ii3a","0.00","OK"
"8ii4l","0.00","OK"
"8ii4n","1.00","OK"
"8ii4y","0.00","OK"
"8ii58","0.31","OK"
"8ii5a","0.31","OK"
"8ii5u","1.00","OK"
"8ii6o","0.56","OK"
"8ii7u","0.00","OK"
"8ii9a","0.12","OK"
"8iiai","1.00","OK"
"8iiby","0.83","OK"
"8iic8","1.00","OK"
"8iicn","0.33","OK"
"8iid3","0.17","OK"
"8iid4","0.77","Fraud"
"8iidh","0.32","OK"
"8iidk","0.53","OK"
"8iidm","0.40","OK"
"8iidn","0.55","OK"
"8iidr","0.40","OK"
"8iie9","0.00","OK"
"8iieo","0.67","OK"
"8iig5","0.42","OK"
"8iigf","0.00","OK"
"8iigk","1.00","OK"
"8iigl","0.51","OK"
"8iigz","0.97","OK"
"8iih9","0.04","OK"
"8iiii","0.00","OK"
"8iiiv","1.00","OK"
"8iij1","1.00","OK"
"8iijd","0.00","OK"
"8iijk","0.65","OK"
"8iijt","0.40","OK"
"8iik1","0.53","OK"
"8iilm","0.00","OK"
"8iim7","1.00","OK"
"8iimi","0.50","OK"
"8iina","0.69","OK"
"8iinm","1.00","OK"
"8iiov","0.44","OK"
"8iiq8","0.00","OK"
"8iiqq","0.00","OK"
"8iir0","0.02","OK"
"8iird","0.92","OK"
"8iitn","1.00","OK"
"8iitu","0.10","OK"
"8iitv","0.42","OK"
"8iivd","0.33","OK"
"8iivr","0.00","OK"
"8iiwo","1.00","OK"
"8iix3","0.00","OK"
"8iixo","0.27","OK"
"8iixv","0.03","OK"
"8iixy","0.00","OK"
"8iixz","0.80","OK"
"8iiy4","0.26","OK"
"8iiyk","0.67","OK"
"8ij00","1.00","OK"
"8ij02","0.00","OK"
"8ij0g","0.24","OK"
"8ij0y","1.00","OK"
"8ij1v","1.00","OK"
"8ij22","0.00","OK"
"8ij28","0.33","OK"
"8ij2q","0.56","OK"
"8ij2z","0.99","OK"
"8ij34","0.50","OK"
"8ij3p","1.00","OK"
"8ij42","0.28","OK"
"8ij4e","0.60","OK"
"8ij4s","1.00","OK"
"8ij4w","0.67","OK"
"8ij4y","0.99","OK"
"8ij4z","1.00","OK"
"8ij59","1.00","OK"
"8ij5w","0.38","OK"
"8ij62","0.00","OK"
"8ij63","0.08","OK"
"8ij6x","0.15","OK"
"8ij77","0.00","OK"
"8ij7g","1.00","OK"
"8ij8t","0.00","OK"
"8ij92","0.34","OK"
"8ij9m","0.56","OK"
"8ijat","0.00","OK"
"8ijb4","0.79","OK"
"8ijb7","0.83","OK"
"8ijb8","0.99","OK"
"8ijba","0.99","OK"
"8ijbf","1.00","OK"
"8ijcm","0.79","OK"
"8ijd3","0.10","OK"
"8ijdf","1.00","OK"
"8ije6","0.29","OK"
"8ijed","0.00","OK"
"8ijei","0.33","OK"
"8ijeq","1.00","OK"
"8ijf6","0.67","OK"
"8ijfb","0.35","OK"
"8ijfd","0.02","OK"
"8ijfl","0.00","OK"
"8ijgn","0.00","OK"
"8ijj1","0.00","OK"
"8ijjb","0.40","OK"
"8ijlc","0.25","OK"
"8ijmb","0.00","OK"
"8ijod","0.56","OK"
"8ijq9","0.50","OK"
"8ijql","0.80","Observation"
"8ijqm","0.00","OK"
"8ijqn","1.00","OK"
"8ijqw","0.71","OK"
"8ijro","0.29","OK"
"8ijs4","1.00","OK"
"8ijsn","0.20","OK"
"8ijsu","0.20","OK"
"8ijtd","0.00","OK"
"8ijub","0.16","OK"
"8ijva","0.00","OK"
"8ijw3","0.35","OK"
"8ijwf","0.00","OK"
"8ijx4","0.50","OK"
"8ijy9","0.82","OK"
"8ijyd","0.05","OK"
"8ijzd","0.85","Observation"
"8ijze","0.97","OK"
"8ijzf","0.78","OK"
"8ijzi","0.13","OK"
"8ijzj","0.96","Fraud"
"8ijzx","0.83","OK"
"8ik0f","0.67","OK"
"8ik0g","1.00","OK"
"8ik0y","0.00","OK"
"8ik15","0.00","OK"
"8ik16","1.00","OK"
"8ik1o","1.00","OK"
"8ik1t","0.50","OK"
"8ik2b","0.46","OK"
"8ik2u","0.38","OK"
"8ik4w","0.58","OK"
"8ik58","0.36","OK"
"8ik59","0.25","OK"
"8ik67","1.00","OK"
"8ik6c","1.00","OK"
"8ik6x","1.00","OK"
"8ik7d","0.01","OK"
"8ik7m","0.00","OK"
"8ik7q","0.00","OK"
"8ik9c","0.71","OK"
"8ik9l","0.50","OK"
"8ik9s","0.63","OK"
"8ik9t","1.00","OK"
"8ika3","0.00","OK"
"8ikah","0.20","OK"
"8ikap","0.00","OK"
"8ikaq","1.00","OK"
"8ikb5","0.00","OK"
"8ikba","0.00","OK"
"8ikc8","0.00","OK"
"8ikdj","0.77","OK"
"8ikdw","0.21","OK"
"8ike2","0.29","OK"
"8ikf1","0.00","OK"
"8ikfo","0.94","OK"
"8ikg6","1.00","OK"
"8ikg9","0.50","OK"
"8iki8","0.00","OK"
"8ikip","0.43","OK"
"8ikjp","0.15","OK"
"8iklg","1.00","OK"
"8ikm9","0.73","OK"
"8ikme","0.08","OK"
"8ikmz","1.00","OK"
"8ikn6","0.35","OK"
"8ikna","0.00","OK"
"8ikou","1.00","OK"
"8ikpq","0.48","Observation"
"8ikr4","0.99","OK"
"8iks0","0.56","OK"
"8ikt9","0.80","Fraud"
"8ikuf","1.00","OK"
"8ikvr","0.50","OK"
"8ikyc","1.00","OK"
"8ikzq","0.46","OK"
"8il0o","0.22","Fraud"
"8il17","0.25","OK"
"8il1w","0.38","OK"
"8il22","0.29","OK"
"8il2j","0.11","OK"
"8il2x","0.13","OK"
"8il3g","0.41","OK"
"8il3o","0.40","OK"
"8il3v","0.54","OK"
"8il4c","0.10","OK"
"8il4n","0.28","OK"
"8il4r","1.00","OK"
"8il6b","0.77","OK"
"8il79","0.49","OK"
"8il7m","0.00","OK"
"8il8k","0.38","OK"
"8ilbu","0.06","OK"
"8ilbx","0.62","OK"
"8ilc9","1.00","OK"
"8ildb","0.12","OK"
"8ildi","0.58","OK"
"8ildn","0.70","OK"
"8ilee","1.00","OK"
"8ilel","0.58","OK"
"8ilf9","0.18","OK"
"8ilff","0.06","OK"
"8ilfu","0.25","OK"
"8ilh8","1.00","OK"
"8ili5","1.00","OK"
"8iljx","0.31","OK"
"8iljy","0.27","OK"
"8ill4","0.67","OK"
"8ilm3","0.33","OK"
"8ilm4","0.43","OK"
"8ilma","1.00","OK"
"8ilmh","0.67","OK"
"8ilnq","1.00","OK"
"8ilnu","0.38","OK"
"8iloh","0.13","OK"
"8ilok","0.37","Observation"
"8ilp2","0.86","OK"
"8ilqt","0.08","OK"
"8ils4","1.00","OK"
"8ils9","0.75","Observation"
"8ilu4","0.00","OK"
"8iluh","0.00","OK"
"8iluo","0.33","OK"
"8iluy","0.00","Observation"
"8ilyg","0.13","OK"
"8ilzp","0.19","OK"
"8ilzu","1.00","OK"
"8im0u","0.98","OK"
"8im11","1.00","OK"
"8im12","0.00","OK"
"8im1a","0.00","OK"
"8im1j","1.00","OK"
"8im29","0.25","OK"
"8im41","0.07","OK"
"8im4f","0.00","OK"
"8im4k","0.50","OK"
"8im4l","0.40","OK"
"8im50","1.00","OK"
"8im59","0.00","OK"
"8im6c","0.33","OK"
"8im6t","0.42","OK"
"8im78","0.92","OK"
"8im90","0.00","OK"
"8im9a","0.09","OK"
"8imbb","0.00","OK"
"8imcs","0.00","OK"
"8imd2","0.96","OK"
"8imdp","0.00","OK"
"8imdt","1.00","OK"
"8ime3","0.59","OK"
"8ime7","0.30","OK"
"8imef","1.00","OK"
"8imfu","0.00","OK"
"8img5","0.00","OK"
"8imgt","0.21","OK"
"8imh7","0.17","OK"
"8imho","0.33","OK"
"8imhp","0.00","OK"
"8imhz","0.96","OK"
"8imi0","0.75","OK"
"8imib","0.42","OK"
"8imik","1.00","OK"
"8imk8","0.55","Observation"
"8imkc","0.44","Observation"
"8imkd","0.95","OK"
"8imko","1.00","OK"
"8immj","0.80","OK"
"8immk","0.49","OK"
"8immq","1.00","OK"
"8immu","0.43","OK"
"8imna","0.28","OK"
"8imob","0.56","OK"
"8impo","0.00","OK"
"8imqe","0.57","OK"
"8imqn","0.00","OK"
"8imrg","1.00","OK"
"8imrr","0.91","OK"
"8ims6","0.98","Fraud"
"8imt7","1.00","OK"
"8imtk","0.14","OK"
"8imtz","1.00","OK"
"8imu3","0.13","OK"
"8imv2","0.60","OK"
"8imvn","0.52","OK"
"8imvu","0.33","OK"
"8imw6","0.43","OK"
"8imwm","0.68","OK"
"8imwn","0.02","OK"
"8imwx","0.21","OK"
"8imxk","0.00","OK"
"8imxz","0.07","OK"
"8imy8","1.00","OK"
"8imyq","0.00","OK"
"8imyz","1.00","OK"
"8imz2","0.38","OK"
"8imza","0.14","OK"
"8imzd","0.57","OK"
"8imze","0.80","OK"
"8imzr","0.37","OK"
"8imzv","0.12","OK"
"8in00","1.00","OK"
"8in07","0.00","OK"
"8in0d","0.04","OK"
"8in0q","1.00","OK"
"8in1c","0.29","OK"
"8in1d","0.73","OK"
"8in1s","0.59","OK"
"8in1t","0.74","OK"
"8in1y","1.00","OK"
"8in20","0.00","OK"
"8in2d","0.10","OK"
"8in2g","0.00","OK"
"8in34","0.18","OK"
"8in35","0.28","OK"
"8in36","1.00","OK"
"8in3c","0.05","OK"
"8in41","0.00","OK"
"8in43","0.00","OK"
"8in49","0.38","OK"
"8in4e","0.50","OK"
"8in66","0.18","OK"
"8in69","0.96","OK"
"8in6a","0.97","OK"
"8in7f","0.36","OK"
"8in80","0.13","OK"
"8in8e","0.45","Fraud"
"8in8l","0.00","OK"
"8in8z","0.00","OK"
"8in9f","0.50","OK"
"8in9m","1.00","OK"
"8ina8","0.00","OK"
"8inag","0.33","OK"
"8inat","0.60","OK"
"8inay","0.76","OK"
"8inbg","0.50","OK"
"8inca","0.00","OK"
"8incg","1.00","OK"
"8inch","1.00","OK"
"8inck","0.21","OK"
"8ind9","1.00","OK"
"8indc","0.20","OK"
"8inei","0.24","OK"
"8inf7","0.62","OK"
"8ingg","0.15","OK"
"8ings","0.39","OK"
"8inhr","0.43","OK"
"8ini4","0.78","OK"
"8ini5","0.50","OK"
"8inig","0.26","OK"
"8inil","0.13","OK"
"8injc","0.25","OK"
"8injo","0.00","OK"
"8inkd","0.22","OK"
"8inld","0.33","OK"
"8inn7","0.12","OK"
"8ino6","0.49","OK"
"8inp3","0.64","OK"
"8inrc","0.40","OK"
"8ins1","0.99","OK"
"8insm","0.04","OK"
"8insr","1.00","OK"
"8intf","0.39","OK"
"8inu8","1.00","OK"
"8inum","0.59","OK"
"8invg","0.75","OK"
"8inwd","0.49","OK"
"8inwo","0.20","OK"
"8inwq","0.16","OK"
"8inwx","0.67","OK"
"8inz6","1.00","OK"
"8inz8","0.07","OK"
"8io28","0.02","OK"
"8io3k","0.00","OK"
"8io3v","0.00","OK"
"8io4k","1.00","OK"
"8io4t","0.43","OK"
"8io5j","0.17","OK"
"8io5s","0.22","OK"
"8io79","0.00","OK"
"8io7a","1.00","OK"
"8io8s","0.07","OK"
"8io95","0.48","OK"
"8io9t","0.07","OK"
"8ioac","0.00","OK"
"8ioad","0.59","Observation"
"8ioaf","0.57","OK"
"8iob1","0.44","OK"
"8ioby","0.40","OK"
"8iofb","0.83","OK"
"8iohm","1.00","OK"
"8ioj0","0.00","OK"
"8iok5","0.00","OK"
"8iokr","1.00","OK"
"8ioml","0.00","OK"
"8iomw","1.00","OK"
"8ionb","0.00","OK"
"8ionh","1.00","OK"
"8ionj","0.40","OK"
"8ioo5","1.00","OK"
"8ioo7","0.25","OK"
"8ioov","0.00","OK"
"8ioqe","0.14","OK"
"8ior0","0.50","OK"
"8iory","1.00","OK"
"8iosv","0.31","OK"
"8iot1","0.39","OK"
"8iott","0.00","OK"
"8iou1","0.20","OK"
"8iou5","1.00","OK"
"8iou8","0.42","OK"
"8ioui","0.00","OK"
"8ioul","0.00","OK"
"8iow5","1.00","OK"
"8iowu","0.05","OK"
"8ioyh","1.00","OK"
"8ioyz","1.00","OK"
"8iozi","0.00","OK"
"8ip10","0.00","OK"
"8ip1i","0.00","OK"
"8ip1v","0.29","OK"
"8ip45","0.89","OK"
"8ip46","1.00","OK"
"8ip4d","0.89","OK"
"8ip5p","0.22","OK"
"8ip5q","0.84","OK"
"8ip65","1.00","OK"
"8ip71","0.39","Observation"
"8ip85","1.00","OK"
"8ip8o","0.40","OK"
"8ipat","0.60","OK"
"8ipcr","0.50","OK"
"8ipdk","0.50","OK"
"8ipdp","0.83","OK"
"8ipdr","0.00","OK"
"8ipeq","0.33","OK"
"8ipg0","0.80","OK"
"8ipg1","1.00","OK"
"8ipgq","0.04","OK"
"8ipgz","0.00","OK"
"8iph1","0.00","OK"
"8ipif","0.00","OK"
"8ipiu","0.30","OK"
"8ipks","0.46","OK"
"8ipls","0.83","OK"
"8ipm4","0.75","OK"
"8ipn0","1.00","OK"
"8ipoi","0.00","OK"
"8ipoo","0.24","OK"
"8ippe","1.00","OK"
"8ippl","1.00","OK"
"8ipr3","0.05","OK"
"8iprx","0.00","OK"
"8ipxe","0.17","OK"
"8ipxf","0.00","OK"
"8iq0e","0.96","OK"
"8iq0h","0.00","OK"
"8iq0l","0.45","OK"
"8iq0m","1.00","OK"
"8iq0q","0.60","OK"
"8iq0r","0.50","OK"
"8iq11","0.50","OK"
"8iq1n","0.00","OK"
"8iq1z","0.40","Observation"
"8iq22","0.42","OK"
"8iq3b","0.17","OK"
"8iq4r","0.10","OK"
"8iq53","1.00","OK"
"8iq7l","1.00","OK"
"8iq7q","0.42","OK"
"8iq85","0.04","OK"
"8iqbs","1.00","OK"
"8iqd8","1.00","OK"
"8iqde","1.00","OK"
"8iqe6","0.33","OK"
"8iqec","0.00","OK"
"8iqee","1.00","OK"
"8iqez","0.00","OK"
"8iqfg","1.00","OK"
"8iqhl","0.50","OK"
"8iqip","1.00","OK"
"8iqjj","0.50","OK"
"8iqk3","0.50","OK"
"8iqks","1.00","OK"
"8iqni","1.00","OK"
"8iqnn","0.57","OK"
"8iqnv","0.76","OK"
"8iqp5","0.00","OK"
"8iqqe","0.29","OK"
"8iqr5","0.00","OK"
"8iqsf","0.00","OK"
"8iqsw","0.00","OK"
"8iqtd","1.00","OK"
"8iqth","0.41","OK"
"8iqu0","0.00","OK"
"8iqu4","1.00","OK"
"8iqu5","0.00","OK"
"8iqua","0.67","OK"
"8iqug","0.32","OK"
"8iqur","1.00","OK"
"8iquu","1.00","OK"
"8iqvd","0.00","OK"
"8iqvi","0.18","OK"
"8iqvo","0.00","OK"
"8iqvp","0.00","OK"
"8iqvs","0.00","OK"
"8iqw0","0.00","OK"
"8iqw1","0.00","OK"
"8iqw2","0.00","OK"
"8iqw6","0.00","OK"
"8iqw8","0.02","OK"
"8iqw9","0.00","OK"
"8iqwa","0.32","OK"
"8iqwb","0.00","OK"
"8iqwc","0.00","OK"
"8iqwe","0.67","OK"
"8iqwf","0.00","OK"
"8iqwy","0.50","OK"
"8iqx9","0.42","OK"
"8iqxa","0.31","OK"
"8iqxb","0.86","OK"
"8iqxi","0.00","OK"
"8iqym","1.00","OK"
"8iqyw","0.44","OK"
"8iqzc","0.62","OK"
"8iqzg","0.44","OK"
"8iqzh","0.48","OK"
"8iqzi","0.15","OK"
"8iqzk","0.22","OK"
"8iqzl","0.57","OK"
"8iqzm","0.69","OK"
"8iqzn","0.63","OK"
"8iqzo","0.07","OK"
"8iqzp","0.85","OK"
"8iqzs","0.29","OK"
"8iqzu","0.61","OK"
"8iqzw","0.03","OK"
"8iqzz","0.90","OK"
"8ir00","0.04","OK"
"8ir01","0.05","OK"
"8ir05","0.03","Fraud"
"8ir06","0.11","OK"
"8ir07","0.05","OK"
"8ir09","0.74","OK"
"8ir0d","0.51","OK"
"8ir0f","0.05","OK"
"8ir0i","0.00","OK"
"8ir0v","0.00","OK"
"8ir0z","0.67","OK"
"8ir14","0.17","OK"
"8ir16","0.19","OK"
"8ir1o","0.33","OK"
"8ir25","0.22","OK"
"8ir28","0.00","OK"
"8ir2b","0.93","OK"
"8ir2e","0.76","OK"
"8ir2l","0.17","OK"
"8ir2o","1.00","OK"
"8ir2s","0.50","OK"
"8ir3v","0.27","OK"
"8ir4d","0.00","OK"
"8ir6j","0.00","OK"
"8ir6k","0.00","OK"
"8ir6w","0.60","OK"
"8ir7h","0.00","OK"
"8ir96","0.39","OK"
"8irab","0.12","OK"
"8irb0","0.07","OK"
"8irbp","0.82","OK"
"8irck","1.00","OK"
"8ircl","0.74","OK"
"8ircq","0.05","OK"
"8ircw","1.00","OK"
"8ircy","0.00","OK"
"8irdq","0.00","OK"
"8irdv","0.00","OK"
"8ire4","1.00","OK"
"8irek","0.00","OK"
"8irgx","1.00","OK"
"8irid","0.00","OK"
"8irih","0.35","OK"
"8iriv","0.90","OK"
"8irjv","0.17","OK"
"8irk4","0.23","OK"
"8irkm","0.20","OK"
"8irl1","0.00","OK"
"8irlc","0.46","OK"
"8irle","0.42","OK"
"8irll","0.80","Observation"
"8irob","0.61","OK"
"8irot","0.12","OK"
"8irq0","0.66","OK"
"8irqh","0.00","OK"
"8irqi","0.50","OK"
"8irqk","1.00","OK"
"8irr8","1.00","OK"
"8irr9","0.75","OK"
"8irrl","1.00","OK"
"8irrw","1.00","OK"
"8irrx","0.48","Observation"
"8irs5","0.17","OK"
"8irsq","0.00","OK"
"8irsy","0.11","OK"
"8irt8","0.14","OK"
"8irtb","0.00","OK"
"8irtc","0.10","OK"
"8irti","0.88","OK"
"8irtu","1.00","OK"
"8iru0","0.73","OK"
"8iru3","0.00","OK"
"8irui","1.00","OK"
"8iruq","0.67","OK"
"8irvj","0.56","OK"
"8irwu","0.33","OK"
"8irzv","1.00","OK"
"8is01","0.25","OK"
"8is0l","0.47","OK"
"8is1d","0.49","OK"
"8is20","0.16","OK"
"8is2b","0.08","OK"
"8is2k","0.18","Fraud"
"8is2p","1.00","OK"
"8is30","1.00","OK"
"8is32","0.00","OK"
"8is41","0.00","OK"
"8is47","0.83","OK"
"8is4p","1.00","OK"
"8is4w","0.99","OK"
"8is4x","0.86","OK"
"8is5e","1.00","OK"
"8is5f","0.67","OK"
"8is5h","1.00","Observation"
"8is5o","0.18","OK"
"8is5q","0.47","OK"
"8is5r","0.78","OK"
"8is6u","0.00","OK"
"8is82","0.94","OK"
"8is85","0.00","OK"
"8is87","0.91","OK"
"8is8g","0.43","OK"
"8isas","0.04","OK"
"8isat","0.94","OK"
"8isau","1.00","OK"
"8isbh","0.17","OK"
"8isbo","1.00","OK"
"8isbr","1.00","OK"
"8isbz","0.35","OK"
"8isch","0.73","Observation"
"8iscw","0.65","OK"
"8iscy","0.54","OK"
"8isd4","1.00","OK"
"8isd6","0.67","OK"
"8isdb","0.30","OK"
"8isdq","1.00","OK"
"8ise8","0.08","OK"
"8isei","1.00","OK"
"8ises","0.00","OK"
"8iseu","0.13","OK"
"8isf7","0.87","OK"
"8isfp","0.00","OK"
"8isfs","1.00","OK"
"8isgu","0.30","OK"
"8ish6","0.35","OK"
"8ishk","0.21","OK"
"8ishn","1.00","OK"
"8isi3","0.00","OK"
"8isj3","0.67","OK"
"8isj9","0.09","OK"
"8isje","0.00","OK"
"8isk1","1.00","OK"
"8isk6","1.00","OK"
"8islr","0.46","OK"
"8isme","0.00","OK"
"8ismw","0.00","OK"
"8isp2","1.00","OK"
"8isrm","0.05","OK"
"8isrt","0.50","OK"
"8issu","0.44","OK"
"8isvf","0.00","OK"
"8isxs","0.00","OK"
"8isxw","1.00","OK"
"8isyx","0.50","OK"
"8isz2","0.50","OK"
"8isz4","1.00","OK"
"8it0b","0.31","OK"
"8it0m","1.00","OK"
"8it0v","0.91","OK"
"8it18","0.08","OK"
"8it2h","0.81","OK"
"8it36","0.43","Fraud"
"8it3p","0.37","OK"
"8it4b","1.00","OK"
"8it51","0.05","OK"
"8it52","0.51","OK"
"8it54","0.85","OK"
"8it55","0.91","OK"
"8it57","1.00","OK"
"8it59","0.83","OK"
"8it5a","0.78","OK"
"8it5b","0.80","OK"
"8it5c","0.95","OK"
"8it5d","0.85","OK"
"8it5e","0.98","OK"
"8it5i","0.94","OK"
"8it5k","1.00","OK"
"8it5n","0.97","OK"
"8it5o","1.00","OK"
"8it5q","0.83","OK"
"8it5r","1.00","OK"
"8it5t","0.35","OK"
"8it63","1.00","OK"
"8it65","1.00","OK"
"8it66","1.00","OK"
"8it6j","1.00","OK"
"8it7k","1.00","OK"
"8it7m","1.00","OK"
"8it7o","0.93","OK"
"8it7p","0.86","OK"
"8it8j","0.24","OK"
"8it8l","0.00","OK"
"8it8q","0.00","OK"
"8it9g","0.25","OK"
"8it9n","1.00","OK"
"8it9p","0.34","OK"
"8it9w","0.38","OK"
"8itaa","0.38","OK"
"8itap","0.16","Observation"
"8itat","1.00","OK"
"8itb0","0.86","OK"
"8itb1","0.78","OK"
"8itcr","0.87","OK"
"8itcx","1.00","OK"
"8itdr","0.00","OK"
"8itdx","1.00","OK"
"8ite3","0.27","OK"
"8iteu","0.50","OK"
"8itf4","0.88","OK"
"8itfc","0.00","OK"
"8itgs","0.00","OK"
"8ith0","1.00","OK"
"8ith4","0.76","OK"
"8ith6","0.00","OK"
"8ithb","0.00","OK"
"8ithf","0.03","Observation"
"8ithn","1.00","OK"
"8ithu","0.21","OK"
"8ithz","0.50","OK"
"8itif","0.00","OK"
"8itio","1.00","OK"
"8itiu","0.22","OK"
"8itj5","0.60","OK"
"8itji","0.20","OK"
"8itk7","1.00","OK"
"8itka","1.00","OK"
"8itkq","0.41","OK"
"8itks","0.45","OK"
"8itkt","0.47","OK"
"8itl2","1.00","OK"
"8itl8","0.00","OK"
"8itla","1.00","OK"
"8itlh","0.98","OK"
"8itli","0.89","OK"
"8itlt","0.30","OK"
"8itly","0.16","OK"
"8itm2","1.00","OK"
"8itme","0.00","OK"
"8itmi","0.34","OK"
"8itmu","1.00","OK"
"8itnb","0.00","OK"
"8itod","0.97","OK"
"8itoe","1.00","OK"
"8itof","1.00","OK"
"8itop","0.54","OK"
"8itos","0.50","OK"
"8itoz","0.14","OK"
"8itp0","0.60","OK"
"8itpk","0.32","OK"
"8itq3","1.00","OK"
"8itql","0.80","OK"
"8itqs","1.00","OK"
"8itrb","0.34","OK"
"8itre","0.44","OK"
"8itrn","0.89","OK"
"8itro","1.00","OK"
"8itrq","1.00","OK"
"8its6","0.00","OK"
"8itsg","0.33","OK"
"8itsw","1.00","OK"
"8itt6","1.00","OK"
"8ittc","1.00","OK"
"8itth","1.00","OK"
"8ittq","0.00","OK"
"8ittu","0.00","OK"
"8ittv","0.00","OK"
"8ituk","0.33","OK"
"8itvb","0.00","OK"
"8itww","1.00","OK"
"8itx1","0.75","OK"
"8itx5","0.08","OK"
"8itxs","0.60","OK"
"8itxx","0.63","OK"
"8ityd","0.09","OK"
"8itzi","1.00","OK"
"8iu02","0.33","OK"
"8iu0k","1.00","OK"
"8iu23","0.00","OK"
"8iu2c","0.23","Observation"
"8iu38","1.00","OK"
"8iu3e","0.03","OK"
"8iu3h","0.60","OK"
"8iu4c","0.98","OK"
"8iu57","1.00","OK"
"8iu5r","0.67","OK"
"8iu66","0.53","OK"
"8iu6m","1.00","OK"
"8iu6x","1.00","OK"
"8iu74","0.00","OK"
"8iu76","0.00","Observation"
"8iu77","0.00","OK"
"8iu7b","0.00","OK"
"8iu7d","0.00","OK"
"8iu7w","0.00","OK"
"8iu82","0.33","OK"
"8iua3","0.31","OK"
"8iuan","0.42","Observation"
"8iuav","0.22","OK"
"8iub1","0.75","OK"
"8iucx","0.77","OK"
"8iufj","0.00","OK"
"8iufr","0.00","OK"
"8iufs","1.00","OK"
"8iufv","0.00","OK"
"8iugo","1.00","OK"
"8iuhr","0.00","OK"
"8iui3","0.00","OK"
"8iuia","0.63","OK"
"8iuip","0.00","OK"
"8iujq","0.00","OK"
"8iujx","0.55","OK"
"8iukd","0.00","OK"
"8iuls","0.00","OK"
"8ium6","0.00","OK"
"8iumc","0.48","OK"
"8iume","0.54","OK"
"8iumx","0.14","OK"
"8iun9","0.37","OK"
"8iuna","1.00","OK"
"8iunk","0.33","OK"
"8iuo8","0.51","OK"
"8iuok","0.21","OK"
"8iuqb","1.00","OK"
"8iuqh","0.28","OK"
"8iuqk","0.50","OK"
"8iuqp","0.00","OK"
"8iuqv","1.00","OK"
"8iurr","0.22","OK"
"8iuuw","0.00","OK"
"8iuv4","0.62","OK"
"8iuv6","0.09","OK"
"8iuv8","0.75","OK"
"8iuv9","0.96","OK"
"8iuva","0.00","OK"
"8iuwa","1.00","OK"
"8iuxg","1.00","OK"
"8iuxk","1.00","OK"
"8iuxq","0.96","OK"
"8iuy6","0.00","OK"
"8iuyv","0.52","OK"
"8iv07","0.43","OK"
"8iv0i","0.00","OK"
"8iv0s","1.00","OK"
"8iv0x","0.98","OK"
"8iv1g","0.67","OK"
"8iv1m","0.86","OK"
"8iv1x","0.78","OK"
"8iv2t","0.00","OK"
"8iv3o","0.50","OK"
"8iv48","0.00","OK"
"8iv4d","0.00","OK"
"8iv4h","0.00","OK"
"8iv4j","0.23","OK"
"8iv58","1.00","OK"
"8iv5f","0.00","OK"
"8iv5p","1.00","OK"
"8iv65","1.00","OK"
"8iv6j","0.80","OK"
"8iv7e","0.11","OK"
"8iv7j","0.41","OK"
"8iv8i","0.00","OK"
"8iv9n","0.53","OK"
"8ivbf","0.00","Observation"
"8ivbn","0.34","OK"
"8ivbx","0.00","OK"
"8ivcn","0.33","OK"
"8ivdi","0.47","OK"
"8ivdx","0.58","OK"
"8ive3","0.10","OK"
"8ive5","1.00","OK"
"8ivea","0.07","OK"
"8iveg","0.17","OK"
"8ivf6","0.02","OK"
"8ivfj","0.50","OK"
"8ivfk","0.51","OK"
"8ivge","0.13","OK"
"8ivhg","1.00","OK"
"8ivhr","0.11","OK"
"8ivir","0.96","OK"
"8iviz","0.50","OK"
"8ivj4","0.00","OK"
"8ivjv","0.23","OK"
"8ivkm","1.00","OK"
"8ivkn","0.93","OK"
"8ivlh","0.50","Fraud"
"8ivlp","0.64","Observation"
"8ivm9","0.00","OK"
"8ivmk","0.33","OK"
"8ivnj","0.00","OK"
"8ivnk","0.29","OK"
"8ivnx","0.00","OK"
"8ivny","0.00","OK"
"8ivo7","0.05","OK"
"8ivof","0.74","OK"
"8ivp6","0.67","OK"
"8ivpt","0.50","OK"
"8ivpv","0.90","OK"
"8ivql","0.00","OK"
"8ivsv","1.00","OK"
"8ivsx","0.34","OK"
"8ivti","0.41","OK"
"8ivtm","1.00","OK"
"8ivtv","0.00","OK"
"8ivwj","0.47","OK"
"8ivwr","1.00","OK"
"8ivwv","0.43","OK"
"8ivxp","1.00","OK"
"8ivy4","0.05","OK"
"8ivy5","1.00","OK"
"8ivyc","0.20","OK"
"8ivyu","1.00","OK"
"8iw0a","0.00","OK"
"8iw0n","0.25","OK"
"8iw0r","0.00","OK"
"8iw1f","0.24","OK"
"8iw1v","0.25","OK"
"8iw21","1.00","OK"
"8iw29","0.13","OK"
"8iw31","0.60","OK"
"8iw3u","1.00","OK"
"8iw46","1.00","OK"
"8iw4a","0.86","OK"
"8iw55","0.00","OK"
"8iw5p","1.00","OK"
"8iw5r","0.50","OK"
"8iw6k","0.00","OK"
"8iw6v","1.00","OK"
"8iw7e","0.26","OK"
"8iw7i","0.89","OK"
"8iw84","0.11","OK"
"8iw9s","0.69","OK"
"8iwaa","1.00","OK"
"8iwac","1.00","OK"
"8iwag","0.00","OK"
"8iwak","0.20","OK"
"8iwau","0.00","OK"
"8iwav","1.00","OK"
"8iwbt","0.00","OK"
"8iwe6","0.00","OK"
"8iweh","1.00","OK"
"8iwf2","1.00","OK"
"8iwfs","0.75","OK"
"8iwg3","0.36","OK"
"8iwh3","0.91","OK"
"8iwhf","1.00","OK"
"8iwhh","0.00","OK"
"8iwhi","0.90","OK"
"8iwid","0.92","OK"
"8iwii","0.45","OK"
"8iwj3","0.50","OK"
"8iwjs","0.52","OK"
"8iwky","1.00","OK"
"8iwl4","0.02","OK"
"8iwl5","0.06","OK"
"8iwmb","0.63","OK"
"8iwn7","0.00","OK"
"8iwnh","1.00","OK"
"8iwo2","0.32","OK"
"8iwos","0.49","Fraud"
"8iwp2","0.54","Fraud"
"8iwp3","0.27","OK"
"8iwpy","1.00","OK"
"8iwq4","0.11","OK"
"8iwq6","0.33","OK"
"8iwqm","0.25","OK"
"8iwqv","0.00","OK"
"8iwrl","0.23","OK"
"8iwrx","1.00","OK"
"8iws2","0.46","OK"
"8iws4","1.00","OK"
"8iws7","0.50","OK"
"8iwsa","1.00","OK"
"8iwsc","0.35","OK"
"8iwu7","0.17","OK"
"8iwug","0.29","OK"
"8iwv8","0.00","OK"
"8iwvi","1.00","OK"
"8iwvl","0.38","OK"
"8iwx5","0.35","OK"
"8iwxs","0.00","OK"
"8iwxv","0.63","OK"
"8iwy8","0.15","OK"
"8iwz0","1.00","OK"
"8ix09","0.00","OK"
"8ix0c","0.00","OK"
"8ix2h","0.44","OK"
"8ix3h","1.00","OK"
"8ix6h","0.25","OK"
"8ix6p","0.39","Fraud"
"8ix86","1.00","OK"
"8ix89","0.50","OK"
"8ixdk","0.00","OK"
"8ixgd","0.14","OK"
"8ixgl","0.54","OK"
"8ixl3","0.87","OK"
"8ixly","0.90","OK"
"8ixlz","0.67","OK"
"8ixoq","0.41","OK"
"8ixor","0.34","OK"
"8ixp4","1.00","OK"
"8ixq4","0.78","OK"
"8ixq5","0.59","OK"
"8ixs1","0.41","OK"
"8ixsd","0.73","OK"
"8ixue","0.00","OK"
"8ixuj","0.50","OK"
"8ixvg","0.34","OK"
"8ixvu","0.14","OK"
"8ixy5","0.50","OK"
"8ixzl","1.00","OK"
"8ixzs","0.25","OK"
"8ixzt","0.38","OK"
"8iy03","0.48","OK"
"8iy0v","1.00","Observation"
"8iy1m","0.50","OK"
"8iy36","0.25","OK"
"8iy4x","1.00","OK"
"8iy5g","0.37","OK"
"8iy6x","1.00","OK"
"8iy7x","0.69","OK"
"8iy9b","0.00","OK"
"8iyb9","0.60","OK"
"8iyc8","0.21","OK"
"8iydk","1.00","OK"
"8iyea","0.00","OK"
"8iyfx","0.22","OK"
"8iyi9","0.38","OK"
"8iyj6","0.37","OK"
"8iyo2","1.00","OK"
"8iysb","0.11","OK"
"8iyvp","0.47","OK"
"8iywe","0.00","OK"
"8iyxe","0.05","OK"
"8iz0o","1.00","OK"
"8iz1c","0.14","OK"
"8iz2a","0.43","OK"
"8iz2c","0.39","OK"
"8iz2e","0.39","OK"
"8iz2m","0.15","OK"
"8iz2n","0.30","OK"
"8iz48","0.23","OK"
"8iz6y","0.89","OK"
"8iz7h","0.80","OK"
"8iz7i","0.17","OK"
"8iz80","0.00","OK"
"8iz8t","0.50","OK"
"8iz91","0.36","OK"
"8izah","0.93","OK"
"8izak","1.00","OK"
"8izam","1.00","OK"
"8izan","1.00","OK"
"8izao","0.50","OK"
"8izar","1.00","OK"
"8izau","0.94","OK"
"8izav","0.97","OK"
"8izaw","1.00","OK"
"8izay","0.00","OK"
"8izbp","0.00","OK"
"8izbt","0.36","OK"
"8ize1","1.00","OK"
"8izgi","1.00","OK"
"8izjs","0.50","OK"
"8izkp","1.00","OK"
"8izlr","0.70","OK"
"8iznj","0.28","OK"
"8izot","0.00","OK"
"8izpa","0.24","OK"
"8izsa","1.00","OK"
"8izt5","0.49","Observation"
"8izt6","0.00","Observation"
"8iztc","0.47","OK"
"8iztd","0.43","OK"
"8iztj","0.09","OK"
"8izts","1.00","OK"
"8izu7","0.50","OK"
"8izv8","0.75","OK"
"8izwb","0.30","OK"
"8izwe","0.08","Fraud"
"8izxr","0.05","OK"
"8izzv","0.64","OK"
"8j00e","0.34","OK"
"8j01d","0.50","OK"
"8j029","0.50","OK"
"8j07i","0.21","OK"
"8j07s","1.00","OK"
"8j085","1.00","OK"
"8j08y","0.81","OK"
"8j094","1.00","OK"
"8j096","0.43","OK"
"8j09p","0.14","OK"
"8j0a9","1.00","OK"
"8j0ao","0.20","OK"
"8j0b4","0.57","OK"
"8j0b5","0.44","OK"
"8j0bs","0.41","OK"
"8j0bz","1.00","OK"
"8j0da","0.17","OK"
"8j0dl","0.67","OK"
"8j0eq","0.31","OK"
"8j0fj","0.43","OK"
"8j0g9","0.09","OK"
"8j0h6","1.00","OK"
"8j0hb","0.53","OK"
"8j0j9","0.25","OK"
"8j0m9","1.00","OK"
"8j0mk","0.50","OK"
"8j0mw","0.32","OK"
"8j0n4","0.33","OK"
"8j0ov","0.29","OK"
"8j0oz","0.00","OK"
"8j0pl","0.17","Fraud"
"8j0py","0.00","OK"
"8j0qc","0.24","OK"
"8j0qr","0.00","OK"
"8j0su","0.00","OK"
"8j0tb","0.29","OK"
"8j0tg","0.11","OK"
"8j0w1","0.30","Observation"
"8j0wb","1.00","OK"
"8j0ww","0.60","OK"
"8j0x3","0.74","OK"
"8j0x9","0.06","Observation"
"8j0z9","0.33","OK"
"8j10c","0.97","OK"
"8j11k","0.89","OK"
"8j121","0.85","OK"
"8j12n","0.17","OK"
"8j15b","0.65","OK"
"8j16r","0.17","OK"
"8j18g","0.43","OK"
"8j197","0.89","OK"
"8j19d","0.46","OK"
"8j19f","0.56","OK"
"8j19x","0.58","OK"
"8j1a0","0.92","OK"
"8j1a1","0.78","OK"
"8j1a2","0.68","OK"
"8j1a3","0.58","OK"
"8j1a6","0.78","OK"
"8j1a7","0.73","OK"
"8j1aj","0.16","OK"
"8j1di","0.73","OK"
"8j1fp","0.00","OK"
"8j1h7","1.00","OK"
"8j1j6","0.71","OK"
"8j1lc","0.27","OK"
"8j1od","0.19","OK"
"8j1pb","0.34","OK"
"8j1pd","0.89","OK"
"8j1q5","0.00","OK"
"8j1qi","0.00","OK"
"8j1rc","0.40","OK"
"8j1s7","1.00","OK"
"8j1se","0.06","OK"
"8j1so","0.88","OK"
"8j1sp","0.58","OK"
"8j1sw","0.00","OK"
"8j1t4","0.22","OK"
"8j1ti","0.20","OK"
"8j1u4","0.56","OK"
"8j1u5","0.57","OK"
"8j1uw","0.00","OK"
"8j1x0","0.43","OK"
"8j1xv","0.61","OK"
"8j1y0","1.00","OK"
"8j1y6","0.00","OK"
"8j20z","0.10","OK"
"8j22j","0.00","OK"
"8j22t","0.44","OK"
"8j23z","0.00","OK"
"8j240","1.00","OK"
"8j24h","0.00","OK"
"8j26k","0.40","OK"
"8j279","0.19","OK"
"8j27p","0.29","OK"
"8j295","0.67","OK"
"8j29y","0.00","OK"
"8j2b6","0.39","OK"
"8j2b9","0.46","OK"
"8j2dz","0.00","OK"
"8j2e0","0.09","OK"
"8j2e9","0.00","OK"
"8j2er","0.20","OK"
"8j2f8","0.70","OK"
"8j2hf","0.21","Observation"
"8j2i2","0.00","OK"
"8j2ix","0.88","Observation"
"8j2kd","0.60","OK"
"8j2ki","0.00","OK"
"8j2li","1.00","OK"
"8j2m4","0.14","Observation"
"8j2nt","0.75","OK"
"8j2pr","0.48","OK"
"8j2r9","0.45","OK"
"8j2s6","0.43","OK"
"8j2s7","0.31","OK"
"8j2td","0.32","OK"
"8j2to","0.00","OK"
"8j2tr","0.00","OK"
"8j2uy","0.14","Fraud"
"8j2z5","0.09","OK"
"8j2zn","1.00","OK"
"8j307","0.24","OK"
"8j30b","0.76","OK"
"8j30i","1.00","OK"
"8j30r","0.21","Fraud"
"8j311","0.03","OK"
"8j319","0.00","OK"
"8j31t","0.03","Observation"
"8j31u","0.06","OK"
"8j326","0.50","OK"
"8j329","0.00","OK"
"8j32k","0.00","OK"
"8j32l","0.00","OK"
"8j32m","0.01","OK"
"8j34p","0.57","OK"
"8j368","0.76","Observation"
"8j369","0.15","Observation"
"8j36c","0.50","OK"
"8j36d","0.68","Observation"
"8j36e","0.50","OK"
"8j36f","0.35","OK"
"8j36t","0.47","OK"
"8j38c","0.50","OK"
"8j398","1.00","OK"
"8j39n","0.46","OK"
"8j39x","0.48","OK"
"8j3e7","1.00","OK"
"8j3ej","0.39","OK"
"8j3fg","0.22","OK"
"8j3fs","0.46","OK"
"8j3gw","0.36","OK"
"8j3j2","0.50","OK"
"8j3kg","0.23","OK"
"8j3l0","0.00","OK"
"8j3ln","1.00","OK"
"8j3nw","0.00","OK"
"8j3oy","0.50","OK"
"8j3th","0.33","OK"
"8j3u4","0.29","OK"
"8j3xi","0.44","OK"
"8j3xm","0.50","OK"
"8j3z1","1.00","OK"
"8j3zu","0.70","OK"
"8j416","0.29","OK"
"8j41t","0.33","OK"
"8j42p","1.00","OK"
"8j437","1.00","OK"
"8j43i","1.00","OK"
"8j46c","0.08","OK"
"8j470","0.00","OK"
"8j49w","1.00","OK"
"8j4ap","0.00","OK"
"8j4ch","0.00","OK"
"8j4dw","0.00","OK"
"8j4fc","0.23","OK"
"8j4fe","1.00","OK"
"8j4gq","0.63","OK"
"8j4gr","0.78","OK"
"8j4hv","1.00","OK"
"8j4li","0.38","OK"
"8j4mp","0.32","OK"
"8j4nq","0.00","OK"
"8j4o3","0.00","OK"
"8j4og","0.50","OK"
"8j4pk","0.64","OK"
"8j4pp","0.26","OK"
"8j4qz","0.12","OK"
"8j4sj","1.00","OK"
"8j4tc","0.40","OK"
"8j4tl","0.00","OK"
"8j4tm","0.50","OK"
"8j4uo","0.29","OK"
"8j4uq","0.23","OK"
"8j4v5","0.43","OK"
"8j4vg","0.11","OK"
"8j4vj","0.50","OK"
"8j4ye","0.01","OK"
"8j507","0.17","OK"
"8j510","1.00","OK"
"8j51f","0.72","Observation"
"8j522","0.19","OK"
"8j523","0.47","OK"
"8j52r","0.03","OK"
"8j53q","0.00","OK"
"8j53t","0.09","OK"
"8j54k","1.00","OK"
"8j54x","0.00","OK"
"8j55y","0.90","OK"
"8j55z","0.93","OK"
"8j57g","0.75","OK"
"8j59e","0.27","OK"
"8j5a2","0.39","OK"
"8j5an","0.07","OK"
"8j5bx","0.65","OK"
"8j5cg","0.32","OK"
"8j5d0","0.80","OK"
"8j5dj","0.16","OK"
"8j5dk","0.00","OK"
"8j5dn","0.00","OK"
"8j5ey","1.00","OK"
"8j5f7","0.95","OK"
"8j5fu","0.38","OK"
"8j5gg","0.51","OK"
"8j5gh","0.56","OK"
"8j5gi","0.48","OK"
"8j5gj","0.64","OK"
"8j5h0","0.27","OK"
"8j5hb","0.00","OK"
"8j5hx","0.33","OK"
"8j5ig","1.00","OK"
"8j5ix","0.73","OK"
"8j5lq","0.71","OK"
"8j5lt","0.49","OK"
"8j5n1","0.00","OK"
"8j5n8","0.17","OK"
"8j5ne","0.25","OK"
"8j5oc","0.00","OK"
"8j5od","0.00","OK"
"8j5ol","0.83","OK"
"8j5qz","1.00","OK"
"8j5r6","0.66","OK"
"8j5rx","0.50","OK"
"8j5t5","0.96","OK"
"8j5wq","0.00","OK"
"8j5xt","0.00","OK"
"8j5zr","0.00","OK"
"8j5zs","0.08","OK"
"8j5zz","0.18","OK"
"8j603","0.71","OK"
"8j60b","0.07","OK"
"8j60m","0.08","OK"
"8j60q","0.00","OK"
"8j62o","1.00","OK"
"8j62v","1.00","OK"
"8j638","0.29","OK"
"8j64i","0.71","OK"
"8j65y","0.07","OK"
"8j67b","0.98","OK"
"8j67c","0.09","OK"
"8j696","0.15","OK"
"8j69h","1.00","OK"
"8j69s","0.00","OK"
"8j6ac","0.93","OK"
"8j6ae","0.87","OK"
"8j6b8","0.00","OK"
"8j6em","0.67","OK"
"8j6en","0.99","OK"
"8j6eq","1.00","OK"
"8j6es","0.99","OK"
"8j6f7","0.22","OK"
"8j6fg","0.14","OK"
"8j6go","1.00","OK"
"8j6he","0.06","OK"
"8j6jw","0.41","OK"
"8j6mc","0.00","OK"
"8j6nz","0.25","OK"
"8j6oi","0.47","OK"
"8j6p7","0.67","OK"
"8j6pj","0.00","OK"
"8j6pm","0.12","OK"
"8j6ze","1.00","OK"
"8j6zf","0.72","OK"
"8j70l","0.18","OK"
"8j72c","1.00","OK"
"8j732","0.67","OK"
"8j73t","0.60","OK"
"8j76o","1.00","OK"
"8j77b","0.42","OK"
"8j78u","0.79","OK"
"8j79o","0.01","OK"
"8j7ao","0.00","OK"
"8j7ba","1.00","OK"
"8j7ct","0.00","OK"
"8j7dc","1.00","OK"
"8j7ia","0.00","OK"
"8j7ic","0.00","OK"
"8j7iy","0.78","OK"
"8j7jh","1.00","OK"
"8j7mj","1.00","OK"
"8j7si","0.75","OK"
"8j7t8","0.49","OK"
"8j7tm","0.44","Fraud"
"8j7tt","0.20","OK"
"8j7xq","0.74","OK"
"8j7yi","0.00","OK"
"8j7yr","0.68","OK"
"8j80q","0.91","OK"
"8j82j","0.97","OK"
"8j839","0.00","OK"
"8j83j","0.95","OK"
"8j83r","0.00","OK"
"8j83y","0.00","OK"
"8j87g","0.03","OK"
"8j87i","0.14","OK"
"8j8b5","1.00","OK"
"8j8bn","1.00","OK"
"8j8bu","0.00","OK"
"8j8eb","1.00","OK"
"8j8eo","0.50","OK"
"8j8et","0.55","OK"
"8j8gw","1.00","OK"
"8j8h8","1.00","OK"
"8j8ho","0.66","OK"
"8j8hq","0.00","OK"
"8j8hr","1.00","OK"
"8j8i3","0.05","OK"
"8j8j4","0.56","OK"
"8j8jd","0.14","OK"
"8j8jg","1.00","OK"
"8j8k3","1.00","OK"
"8j8mt","1.00","OK"
"8j8mz","0.34","OK"
"8j8o4","0.66","OK"
"8j8op","0.27","OK"
"8j8or","1.00","OK"
"8j8ou","1.00","OK"
"8j8q3","0.50","OK"
"8j8rh","0.00","OK"
"8j8sa","1.00","OK"
"8j8se","0.27","OK"
"8j8sf","0.58","OK"
"8j8sv","0.30","OK"
"8j8t2","0.14","OK"
"8j8tf","0.35","OK"
"8j8u2","0.22","OK"
"8j8wj","0.50","OK"
"8j8yz","0.52","OK"
"8j8zb","0.57","OK"
"8j90l","1.00","OK"
"8j90q","0.75","OK"
"8j92i","0.39","OK"
"8j94o","0.00","OK"
"8j94s","1.00","OK"
"8j94z","0.27","OK"
"8j95g","0.33","OK"
"8j967","0.32","OK"
"8j9a2","0.42","OK"
"8j9a5","0.89","OK"
"8j9aa","0.25","OK"
"8j9d9","0.55","OK"
"8j9eq","0.30","OK"
"8j9ey","0.50","OK"
"8j9ge","1.00","OK"
"8j9h2","1.00","OK"
"8j9h9","1.00","OK"
"8j9i6","0.93","OK"
"8j9i7","0.37","OK"
"8j9i9","0.38","OK"
"8j9jc","0.00","OK"
"8j9m9","1.00","OK"
"8j9ml","0.96","OK"
"8j9o0","0.36","OK"
"8j9p4","0.43","Observation"
"8j9pe","0.23","OK"
"8j9q3","0.58","OK"
"8jb5v","1.00","OK"
"8jc3s","0.65","OK"
"8jc5o","0.09","OK"
"8jc8u","1.00","OK"
"8jc8v","0.69","OK"
"8jccm","0.88","OK"
"8jcez","0.83","OK"
"8jcfz","1.00","OK"
"8jcgp","0.57","OK"
"8jch5","0.19","OK"
"8jchh","0.68","OK"
"8jciv","0.28","OK"
"8jclv","0.75","OK"
"8jcoh","1.00","OK"
"8jcru","0.44","OK"
"8jcuw","1.00","OK"
"8jg20","0.18","OK"
"8jg2a","0.17","OK"
"8jg49","0.00","OK"
"8jg5r","0.50","OK"
"8jg82","1.00","OK"
"8jg8w","0.00","OK"
"8jg9s","0.46","OK"
"8jgac","0.98","OK"
"8jgbu","0.27","OK"
"8jgcj","0.48","OK"
"8jgcw","0.14","OK"
"8jgel","0.50","OK"
"8jgf3","0.00","OK"
"8jgg3","0.30","OK"
"8jggg","0.00","OK"
"8jgk9","1.00","OK"
"8jgkk","0.99","Observation"
"8jgl8","1.00","OK"
"8jgls","0.33","OK"
"8jgok","1.00","OK"
"8jgq9","1.00","OK"
"8jgqa","0.51","OK"
"8jgqb","0.72","OK"
"8jgqr","0.00","OK"
"8jgt1","0.02","OK"
"8jgts","0.39","OK"
"8jgu2","0.00","OK"
"8jgul","0.18","OK"
"8jgvx","1.00","OK"
"8jh5s","0.00","OK"
"8jh5u","0.00","OK"
"8jh5v","1.00","OK"
"8jh60","0.00","OK"
"8jh7b","0.84","OK"
"8jh9c","0.70","OK"
"8jhbl","0.42","OK"
"8jhcs","0.00","OK"
"8jhct","0.33","OK"
"8jhdz","0.94","OK"
"8jhep","0.40","OK"
"8jhfv","0.55","OK"
"8jhge","0.69","OK"
"8jhgj","0.00","OK"
"8jhgx","0.74","OK"
"8jhh0","0.98","OK"
"8jhi5","0.00","OK"
"8jhis","0.00","OK"
"8jhit","0.05","OK"
"8jhle","1.00","OK"
"8jhlw","0.33","OK"
"8jhmk","0.00","OK"
"8jhnz","0.13","OK"
"8jhou","0.61","OK"
"8jhp2","0.64","OK"
"8jhsv","1.00","OK"
"8jhtq","1.00","OK"
"8jhw3","0.18","OK"
"8jhw9","0.25","OK"
"8jhyg","0.43","OK"
"8ji11","0.50","OK"
"8ji1d","1.00","OK"
"8ji1k","0.95","OK"
"8ji1l","0.89","OK"
"8ji1s","0.00","OK"
"8ji1u","1.00","Observation"
"8ji2e","0.00","OK"
"8ji49","0.79","OK"
"8ji4k","0.70","OK"
"8ji4m","0.76","OK"
"8ji4n","0.75","OK"
"8ji60","1.00","OK"
"8ji8h","0.23","OK"
"8ji8l","0.00","OK"
"8ji9t","1.00","OK"
"8jiak","1.00","OK"
"8jiam","1.00","OK"
"8jian","0.75","OK"
"8jibl","0.37","OK"
"8jibp","0.00","OK"
"8jict","0.53","OK"
"8jid2","1.00","OK"
"8jiex","0.37","OK"
"8jif4","1.00","OK"
"8jifa","0.75","OK"
"8jiff","0.46","OK"
"8jigh","0.20","OK"
"8jik8","0.00","OK"
"8jil2","0.67","OK"
"8jim2","0.00","OK"
"8jin3","0.63","OK"
"8jior","0.42","OK"
"8jisx","0.60","OK"
"8jith","0.00","OK"
"8jiu2","1.00","OK"
"8jiuc","0.03","OK"
"8jiwm","0.50","OK"
"8jiy2","0.50","OK"
"8jiy8","1.00","OK"
"8jiz8","0.00","OK"
"8jj05","0.50","OK"
"8jj1n","0.34","OK"
"8jj1s","1.00","OK"
"8jj35","0.00","OK"
"8jj3f","1.00","OK"
"8jj6m","0.56","OK"
"8jj7t","0.43","OK"
"8jj80","0.00","OK"
"8jj96","0.00","OK"
"8jj9d","0.18","OK"
"8jjao","0.11","Observation"
"8jjap","0.24","OK"
"8jjc5","0.98","OK"
"8jjds","0.48","OK"
"8jjhc","1.00","OK"
"8jjji","0.73","OK"
"8jjo9","0.99","OK"
"8jjph","0.00","OK"
"8jjs6","0.17","Fraud"
"8jjsg","0.92","OK"
"8jjve","0.73","OK"
"8jjvh","0.82","OK"
"8jjxl","0.50","OK"
"8jk01","0.09","OK"
"8jk02","0.97","OK"
"8jk0d","1.00","Fraud"
"8jk15","0.31","OK"
"8jk1x","0.46","OK"
"8jk3i","0.52","OK"
"8jk4m","0.75","OK"
"8jk57","0.37","OK"
"8jk7c","0.75","OK"
"8jk8e","0.86","OK"
"8jk8g","0.94","OK"
"8jk8n","1.00","OK"
"8jka2","0.80","OK"
"8jkce","0.87","OK"
"8jkdf","0.00","OK"
"8jkdr","0.82","OK"
"8jkea","0.81","OK"
"8jkec","0.98","OK"
"8jked","0.94","OK"
"8jkfd","0.07","OK"
"8jkff","0.00","OK"
"8jkh1","0.93","Observation"
"8jkhu","1.00","OK"
"8jkhv","1.00","OK"
"8jkij","0.70","OK"
"8jkk9","1.00","OK"
"8jkmi","0.00","OK"
"8jkof","0.93","OK"
"8jkor","0.30","OK"
"8jkp0","0.82","OK"
"8jkp1","0.61","OK"
"8jkqn","0.89","OK"
"8jkrj","0.87","OK"
"8jks4","0.54","OK"
"8jksm","0.58","OK"
"8jkt3","1.00","OK"
"8jktn","0.04","OK"
"8jku2","1.00","OK"
"8jkul","0.64","OK"
"8jkv1","0.10","OK"
"8jkv9","0.39","OK"
"8jkve","0.00","OK"
"8jkwc","0.76","OK"
"8jkwu","0.11","OK"
"8jky9","0.67","OK"
"8jl02","0.16","OK"
"8jl05","0.53","OK"
"8jl0l","0.29","OK"
"8jl0o","1.00","OK"
"8jl1o","0.05","OK"
"8jl1u","0.35","OK"
"8jl23","0.20","OK"
"8jl39","1.00","OK"
"8jl3n","0.31","OK"
"8jl3y","0.05","Fraud"
"8jl43","0.73","OK"
"8jl4l","0.43","OK"
"8jl61","0.82","OK"
"8jl6e","0.09","OK"
"8jl7q","0.48","OK"
"8jla6","0.03","OK"
"8jlad","0.00","OK"
"8jlah","1.00","OK"
"8jlc5","0.99","OK"
"8jli0","1.00","OK"
"8jlic","0.00","OK"
"8jlii","0.59","OK"
"8jlis","0.07","OK"
"8jljk","1.00","OK"
"8jljl","1.00","OK"
"8jljm","0.99","OK"
"8jljq","0.75","OK"
"8jljr","0.86","OK"
"8jlju","0.15","OK"
"8jlk3","0.08","OK"
"8jlkt","1.00","OK"
"8jlms","0.19","OK"
"8jlmv","0.21","OK"
"8jlmz","0.00","OK"
"8jln6","0.61","OK"
"8jlnl","0.18","OK"
"8jlos","0.95","OK"
"8jlpw","0.90","OK"
"8jlpz","0.00","OK"
"8jlr2","0.00","OK"
"8jlru","1.00","OK"
"8jlt1","0.35","OK"
"8jlu6","0.91","Fraud"
"8jlus","0.89","OK"
"8jlyt","0.00","OK"
"8jlzr","0.24","OK"
"8jm0h","1.00","OK"
"8jm0y","1.00","OK"
"8jm18","0.64","OK"
"8jm4d","0.90","OK"
"8jm4h","0.61","OK"
"8jm4p","1.00","OK"
"8jm4v","1.00","OK"
"8jm5b","0.44","OK"
"8jm5w","0.70","OK"
"8jm90","0.34","OK"
"8jm9p","0.02","OK"
"8jmbn","0.33","OK"
"8jmch","1.00","OK"
"8kuma","1.00","OK"
"8kump","1.00","OK"
"8kumu","0.39","Fraud"
"8kun0","1.00","OK"
"8kun1","0.68","OK"
"8kun5","0.00","Fraud"
"8kuno","0.00","OK"
"8kunr","1.00","OK"
"8kunx","0.73","OK"
"8kuo4","0.50","OK"
"8kuo5","0.40","OK"
"8kuov","0.00","OK"
"8kuph","0.50","OK"
"8kupw","0.00","OK"
"8kupz","1.00","OK"
"8kuq2","0.07","OK"
"8kuqa","0.12","OK"
"8kuqd","0.45","OK"
"8kuql","0.00","OK"
"8kuro","0.50","OK"
"8kus3","0.27","OK"
"8kus9","0.23","OK"
"8kusa","0.14","OK"
"8kusb","0.03","OK"
"8kusi","0.33","OK"
"8kusr","0.12","OK"
"8kuti","0.00","OK"
"8kuto","0.00","OK"
"8kutv","0.60","OK"
"8kuuh","1.00","OK"
"8kuv3","1.00","OK"
"8kuv8","0.00","OK"
"8kuv9","0.34","Observation"
"8kuva","0.89","OK"
"8kuvb","0.90","Fraud"
"8kuvj","0.53","OK"
"8kuvn","0.18","OK"
"8kuvt","0.98","OK"
"8kuvy","1.00","OK"
"8kux8","1.00","OK"
"8kuxa","0.41","Observation"
"8kuxc","0.00","OK"
"8kuxg","0.43","OK"
"8kuxh","0.07","OK"
"8kuxi","1.00","OK"
"8kuxj","0.95","OK"
"8kuxk","0.00","OK"
"8kuxp","0.67","OK"
"8kuy3","0.00","OK"
"8kuy4","0.00","OK"
"8kuy9","1.00","OK"
"8kuyg","0.25","OK"
"8kuyp","0.00","OK"
"8kuys","0.00","OK"
"8kuze","0.43","OK"
"8kuzg","0.06","OK"
"8kuzj","0.85","OK"
"8kuzl","1.00","OK"
"8kv08","0.00","OK"
"8kv0e","0.16","OK"
"8kv0o","1.00","OK"
"8kv0s","0.01","Observation"
"8kv3c","0.00","OK"
"8kv3v","0.31","Fraud"
"8kv42","1.00","OK"
"8kv4a","0.67","OK"
"8kv4d","1.00","OK"
"8kv4k","0.72","OK"
"8kv4v","0.45","OK"
"8kv4x","0.33","OK"
"8kv5a","0.00","OK"
"8kv5w","0.79","Fraud"
"8kv5y","1.00","OK"
"8kv6q","0.00","OK"
"8kv6v","0.04","Fraud"
"8kv6y","0.52","OK"
"8kv74","0.00","OK"
"8kv77","0.60","OK"
"8kv7n","1.00","Fraud"
"8kv7x","1.00","Fraud"
"8kv80","1.00","OK"
"8kv8i","0.00","OK"
"8kv8s","0.11","OK"
"8kv90","0.88","OK"
"8kv97","0.51","OK"
"8kv9a","0.41","OK"
"8kv9b","0.44","OK"
"8kvad","0.03","OK"
"8kvas","0.01","OK"
"8kvax","0.54","OK"
"8kvb3","1.00","OK"
"8kvbe","0.22","OK"
"8kvbi","0.00","OK"
"8kvc4","0.00","OK"
"8kvc7","0.00","OK"
"8kvc8","0.00","OK"
"8kvcs","0.00","OK"
"8kvct","1.00","OK"
"8kvdh","0.43","OK"
"8kve7","0.18","OK"
"8kvec","0.29","OK"
"8kven","0.66","OK"
"8kveo","0.81","OK"
"8kveq","0.53","OK"
"8kvey","0.86","OK"
"8kvfl","1.00","OK"
"8kvfn","0.20","OK"
"8kvfr","0.24","OK"
"8kvg3","1.00","OK"
"8kvgc","0.00","OK"
"8kvgp","0.00","OK"
"8kvgr","0.33","OK"
"8kvgs","0.85","OK"
"8kvh1","0.69","OK"
"8kvh9","0.00","OK"
"8kvhd","0.10","OK"
"8kvhi","0.13","OK"
"8kvhp","1.00","OK"
"8kvhz","0.00","OK"
"8kvie","0.00","OK"
"8kvil","0.57","OK"
"8kvim","0.07","OK"
"8kviw","0.37","OK"
"8kvj1","0.21","OK"
"8kvjl","0.00","OK"
"8kvkh","1.00","OK"
"8kvkj","1.00","OK"
"8kvkq","0.13","OK"
"8kvkw","0.76","OK"
"8kvl0","0.68","OK"
"8kvl1","0.56","OK"
"8kvl2","0.87","OK"
"8kvl6","0.49","OK"
"8kvl7","0.51","OK"
"8kvl8","1.00","OK"
"8kvlp","0.08","OK"
"8kvlq","0.00","OK"
"8kvm0","1.00","OK"
"8kvm1","0.95","OK"
"8kvm2","1.00","OK"
"8kvm6","1.00","OK"
"8kvm7","1.00","OK"
"8kvma","1.00","OK"
"8kvmd","0.33","OK"
"8kvmf","0.83","OK"
"8kvmo","0.66","OK"
"8kvmr","0.26","OK"
"8kvna","0.49","OK"
"8kvnb","0.99","Observation"
"8kvnu","0.25","OK"
"8kvo1","0.05","OK"
"8kvos","0.67","OK"
"8kvot","0.31","OK"
"8kvpb","0.59","OK"
"8kvpc","0.63","OK"
"8kvpe","0.42","OK"
"8kvpg","0.00","OK"
"8kvpr","1.00","OK"
"8kvpw","0.69","OK"
"8kvq0","0.16","OK"
"8kvqh","0.38","OK"
"8kvqm","0.38","OK"
"8kvqp","0.00","OK"
"8kvr5","0.00","OK"
"8kvr9","0.00","OK"
"8kvrh","0.00","OK"
"8kvrr","0.67","OK"
"8kvry","0.00","OK"
"8kvs0","0.00","OK"
"8kvs1","1.00","OK"
"8kvs9","0.70","OK"
"8kvsu","0.15","OK"
"8kvtr","1.00","OK"
"8kvtw","0.00","OK"
"8kvty","0.39","OK"
"8kvu3","0.00","OK"
"8kvu7","0.40","OK"
"8kvug","0.11","OK"
"8kvuh","0.32","OK"
"8kvv2","0.09","Observation"
"8kvv3","1.00","OK"
"8kvv4","0.32","OK"
"8kvv6","0.98","OK"
"8kvv7","0.98","OK"
"8kvv8","1.00","OK"
"8kvvd","0.98","OK"
"8kvvh","0.97","Observation"
"8kvxs","0.00","OK"
"8kvy3","1.00","OK"
"8kvyf","0.55","OK"
"8kvyo","0.52","OK"
"8kvyr","0.26","OK"
"8kvzp","0.00","OK"
"8kw03","1.00","OK"
"8kw0f","0.78","Observation"
"8kw0n","0.00","OK"
"8kw15","1.00","OK"
"8kw19","0.41","OK"
"8kw1q","0.29","OK"
"8kw28","0.50","OK"
"8kw2n","1.00","OK"
"8kw39","0.00","OK"
"8kw3g","0.14","OK"
"8kw4u","0.00","OK"
"8kw4v","0.90","Fraud"
"8kw4x","0.33","OK"
"8kw4z","0.20","OK"
"8kw53","0.00","OK"
"8kw5p","0.00","OK"
"8kw5u","1.00","Fraud"
"8kw6d","0.20","OK"
"8kw70","0.00","OK"
"8kwzo","1.00","OK"
"8kwzv","1.00","OK"
"8kwzx","1.00","Fraud"
"8kwzy","0.23","OK"
"8kx0a","1.00","OK"
"8kx0h","0.88","OK"
"8kx0o","0.13","OK"
"8kx0y","1.00","OK"
"8kx17","0.00","OK"
"8kx19","0.08","OK"
"8kx1q","0.00","OK"
"8kx1z","0.00","Observation"
"8kx21","0.00","OK"
"8kx25","1.00","OK"
"8kx29","0.00","OK"
"8kx2a","0.00","OK"
"8kx2d","0.35","Fraud"
"8kx2g","0.00","OK"
"8kx2r","0.29","OK"
"8kx2u","0.06","Fraud"
"8kx2w","1.00","OK"
"8kx31","0.01","OK"
"8kx33","0.00","OK"
"8kx37","0.34","OK"
"8kx3a","1.00","OK"
"8kx3b","0.00","OK"
"8kx3c","0.00","OK"
"8kx3f","0.56","OK"
"8kx3i","1.00","OK"
"8kx3q","0.47","OK"
"8kx3r","0.00","OK"
"8kx47","0.00","OK"
"8kx4j","0.67","OK"
"8kx5a","1.00","OK"
"8kx5c","0.53","OK"
"8kx5g","0.92","OK"
"8kx5q","0.00","Observation"
"8kx6b","0.00","Observation"
"8kx86","0.00","Observation"
"8kxdu","0.00","OK"
"8kxe3","0.75","OK"
"8kxee","0.04","OK"
"8kxef","0.00","OK"
"8kxel","0.00","Fraud"
"8kxem","0.00","Fraud"
"8kxep","0.00","OK"
"8kxer","0.16","OK"
"8kxev","0.00","OK"
"8kxew","0.00","OK"
"8kxez","0.00","OK"
"8kxf2","0.00","OK"
"8kxf4","0.54","OK"
"8kxfb","0.27","OK"
"8kxfu","1.00","OK"
"8kxgk","0.67","OK"
"8kxgm","0.80","OK"
"8kxgs","0.15","Fraud"
"8kxgt","0.09","OK"
"8kxgu","0.02","OK"
"8kxgv","0.18","Fraud"
"8kxgy","0.00","OK"
"8kxhd","0.00","OK"
"8kxhn","0.65","OK"
"8kxhp","0.50","OK"
"8kxhq","0.00","OK"
"8kxij","0.00","Fraud"
"8kxik","0.20","OK"
"8kxim","1.00","OK"
"8kxj4","0.00","OK"
"8kxj8","0.82","OK"
"8kxjw","0.36","OK"
"8kxjy","0.23","OK"
"8kxkx","0.06","Observation"
"8kxl2","0.00","OK"
"8kxl3","0.18","Fraud"
"8kxla","0.28","OK"
"8kxlk","0.42","OK"
"8kxll","0.67","OK"
"8kxlo","0.57","OK"
"8kxlp","0.25","OK"
"8kxlq","0.38","OK"
"8kxlr","0.40","OK"
"8kxlt","0.02","OK"
"8kxlv","0.14","Fraud"
"8kxly","0.02","Fraud"
"8kxm0","0.83","OK"
"8kxm9","0.98","OK"
"8kxmh","0.33","Fraud"
"8kxml","0.80","OK"
"8kxmm","1.00","OK"
"8kxmo","0.83","OK"
"8kxn2","0.00","OK"
"8kxn5","0.05","OK"
"8kxnk","0.22","OK"
"8kxnl","0.00","OK"
"8kxnm","0.28","Fraud"
"8kxnn","0.18","Observation"
"8kxnw","0.09","OK"
"8kxo5","1.00","OK"
"8kxoj","0.00","Observation"
"8kxom","0.26","OK"
"8kxor","0.75","OK"
"8kxos","0.67","OK"
"8kxox","0.18","OK"
"8kxoy","0.40","Fraud"
"8kxp5","0.00","OK"
"8kxpa","1.00","OK"
"8kxpd","0.40","OK"
"8kxpq","1.00","OK"
"8kxpv","0.00","OK"
"8kxq6","0.36","OK"
"8kxqd","0.00","OK"
"8kxqf","0.00","OK"
"8kxqj","0.19","OK"
"8kxqk","0.13","Observation"
"8kxqm","0.00","OK"
"8kxqw","0.76","OK"
"8kxr9","0.80","Observation"
"8kxrb","0.96","Observation"
"8kxrc","0.00","OK"
"8kxre","0.94","Observation"
"8kxri","0.08","OK"
"8kxrj","0.03","OK"
"8kxrs","1.00","OK"
"8kxtp","0.14","OK"
"8kxvk","0.84","OK"
"8kxxf","0.84","OK"
"8kxzn","0.50","OK"
"8kxzu","0.20","OK"
"8ky0g","1.00","OK"
"8ky0o","0.25","OK"
"8ky15","1.00","OK"
"8ky18","0.00","OK"
"8ky1v","0.70","OK"
"8ky22","1.00","OK"
"8ky2b","0.33","OK"
"8ky2f","0.71","OK"
"8ky2l","0.00","OK"
"8ky2n","0.50","OK"
"8ky46","0.45","OK"
"8ky4j","1.00","OK"
"8ky4k","0.35","OK"
"8ky4n","1.00","OK"
"8ky4r","0.00","OK"
"8ky4x","0.00","OK"
"8ky50","0.00","OK"
"8ky5c","0.07","OK"
"8ky5s","1.00","OK"
"8ky6d","0.67","OK"
"8ky6h","0.28","Fraud"
"8ky6n","0.47","Fraud"
"8ky6u","0.25","OK"
"8ky6v","0.83","OK"
"8ky77","0.00","OK"
"8ky8n","0.22","OK"
"8ky8r","1.00","OK"
"8ky93","0.40","OK"
"8ky9n","1.00","OK"
"8kyao","0.50","OK"
"8kyb9","0.29","OK"
"8kybc","0.33","OK"
"8kybl","0.63","OK"
"8kybu","1.00","OK"
"8kyc0","0.40","OK"
"8kycf","1.00","OK"
"8kycw","0.32","OK"
"8kydv","0.25","Fraud"
"8kygk","0.00","OK"
"8kygl","0.00","OK"
"8kygo","1.00","OK"
"8kygq","0.41","OK"
"8kygz","1.00","OK"
"8kyhj","0.00","OK"
"8kyiq","0.29","OK"
"8kyjt","0.17","OK"
"8kyk5","0.29","OK"
"8kyka","1.00","OK"
"8kyl4","0.59","OK"
"8kyl5","0.00","OK"
"8kyld","0.50","OK"
"8kymr","0.33","OK"
"8kynd","0.20","OK"
"8kynk","0.00","OK"
"8kyov","0.09","Fraud"
"8kyow","0.80","OK"
"8kyoy","0.00","OK"
"8kyp1","0.77","OK"
"8kyp7","1.00","OK"
"8kyp8","0.43","OK"
"8kypd","0.23","OK"
"8kypr","0.39","OK"
"8kyqu","0.00","OK"
"8kyre","0.50","OK"
"8kysj","1.00","OK"
"8kyss","1.00","OK"
"8kytg","1.00","OK"
"8kyu8","0.00","OK"
"8kyvb","0.91","OK"
"8kyvg","1.00","OK"
"8kyvt","0.00","OK"
"8kyvw","0.47","OK"
"8kyw0","1.00","OK"
"8kyw6","1.00","OK"
"8kywb","0.18","OK"
"8kywm","1.00","OK"
"8kywq","0.00","OK"
"8kywy","0.91","OK"
"8kyxs","0.00","OK"
"8kyxz","0.00","OK"
"8kyyv","0.50","OK"
"8kyz1","0.00","OK"
"8kyzp","0.97","OK"
"8kz2d","1.00","OK"
"8kz2e","0.00","OK"
"8kz2y","0.00","OK"
"8kz4p","1.00","OK"
"8kz5j","0.25","OK"
"8kz64","0.52","OK"
"8kz6l","1.00","OK"
"8kz6p","0.17","Fraud"
"8kz6r","0.00","OK"
"8kz74","0.50","OK"
"8kz7h","0.50","OK"
"8kz7i","1.00","OK"
"8kz7z","0.29","OK"
"8kz81","0.23","OK"
"8kz84","0.28","OK"
"8kz8a","0.35","OK"
"8kz9c","0.30","OK"
"8kz9e","0.33","OK"
"8kz9f","0.13","OK"
"8kz9k","0.00","OK"
"8kz9x","0.67","OK"
"8kzaf","1.00","OK"
"8kzbb","0.78","OK"
"8kzbg","0.26","OK"
"8kzd5","0.25","OK"
"8kzds","1.00","OK"
"8kzen","0.24","OK"
"8kzep","0.07","OK"
"8kzer","0.42","OK"
"8kzes","1.00","OK"
"8kzf2","0.00","OK"
"8kzf5","1.00","OK"
"8kzfo","0.10","OK"
"8kzgc","1.00","OK"
"8kzgf","0.67","OK"
"8kzhr","0.33","OK"
"8kzhu","0.50","OK"
"8kzhz","0.67","OK"
"8kzi1","0.00","OK"
"8kzi5","0.00","OK"
"8kzjk","0.00","Fraud"
"8kzjq","0.00","OK"
"8kzjy","1.00","OK"
"8kzkc","1.00","OK"
"8kzkl","0.23","OK"
"8kzkp","0.00","OK"
"8kzkq","0.00","OK"
"8kzl3","1.00","OK"
"8kzl6","0.00","OK"
"8kzlb","0.00","OK"
"8kzll","0.18","OK"
"8kzlm","0.00","OK"
"8kzm1","0.11","Fraud"
"8kzmh","0.33","OK"
"8kzmx","0.00","OK"
"8kzmy","0.51","OK"
"8kzna","0.31","OK"
"8kznn","0.60","OK"
"8kznw","0.67","OK"
"8kzo4","0.50","OK"
"8kzom","0.00","OK"
"8kzpi","1.00","OK"
"8kzq3","0.00","OK"
"8kzqd","0.22","OK"
"8kzqe","0.00","OK"
"8kzqo","0.00","OK"
"8kzr4","0.93","OK"
"8kzr5","0.85","OK"
"8kzr6","0.92","OK"
"8kzr7","0.96","OK"
"8kzr9","0.96","OK"
"8kzss","0.90","OK"
"8kzst","0.92","OK"
"8kzsu","0.95","OK"
"8kzt1","0.95","OK"
"8kztj","0.33","OK"
"8kztp","1.00","OK"
"8kztq","0.30","OK"
"8kzu3","0.14","OK"
"8kzuk","0.55","OK"
"8kzv1","0.85","OK"
"8kzvn","0.34","OK"
"8kzw1","0.51","OK"
"8kzwc","0.09","OK"
"8kzwu","0.05","OK"
"8kzx6","0.53","OK"
"8kzxc","0.11","OK"
"8kzxk","0.34","OK"
"8kzxo","0.11","OK"
"8kzxz","0.17","OK"
"8kzy2","0.00","OK"
"8kzy5","0.20","OK"
"8kzyi","0.10","Observation"
"8kzyz","1.00","OK"
"8l004","1.00","OK"
"8l00g","0.89","OK"
"8l00h","0.92","Fraud"
"8l00x","0.25","OK"
"8l014","0.67","OK"
"8l01a","0.00","OK"
"8l01b","0.00","OK"
"8l01g","0.49","OK"
"8l01w","0.00","OK"
"8l01y","0.58","OK"
"8l029","0.11","OK"
"8l02e","1.00","OK"
"8l02g","0.33","OK"
"8l02m","0.00","OK"
"8l02n","0.00","OK"
"8l02t","0.24","OK"
"8l02x","0.99","OK"
"8l03g","0.00","OK"
"8l03j","0.24","OK"
"8l046","1.00","OK"
"8l04m","0.00","OK"
"8l04x","0.00","OK"
"8l04z","0.22","OK"
"8l050","0.00","OK"
"8l051","0.00","OK"
"8l052","0.00","OK"
"8l053","0.00","OK"
"8l05k","0.83","OK"
"8l05l","0.54","OK"
"8l05z","0.00","OK"
"8l061","0.42","OK"
"8l063","0.00","OK"
"8l06b","0.00","OK"
"8l071","0.02","OK"
"8l07i","0.28","OK"
"8l07n","1.00","OK"
"8l07q","0.00","OK"
"8l07t","0.00","OK"
"8l08l","1.00","OK"
"8l09b","0.00","OK"
"8l0a0","0.15","OK"
"8l0aq","0.19","OK"
"8l0b4","0.39","OK"
"8l0bl","0.95","Observation"
"8l0bm","1.00","OK"
"8l0c2","1.00","OK"
"8l0ca","0.00","OK"
"8l0cx","0.72","OK"
"8l0e4","0.23","OK"
"8l0f6","0.23","OK"
"8l0fs","0.00","OK"
"8l0fv","1.00","OK"
"8l0fx","0.00","OK"
"8l0gr","0.65","OK"
"8l0ho","0.20","OK"
"8l0i4","1.00","OK"
"8l0io","0.96","OK"
"8l0iu","0.94","OK"
"8l0iv","0.87","OK"
"8l0j8","0.50","OK"
"8l0jf","0.95","OK"
"8l0k0","1.00","OK"
"8l0k9","0.50","OK"
"8l0l8","1.00","OK"
"8l0lh","0.60","OK"
"8l0lm","0.00","OK"
"8l0lv","0.29","OK"
"8l0m2","0.00","OK"
"8l0m9","0.41","OK"
"8l0mw","0.00","OK"
"8l0n5","0.86","OK"
"8l0ng","0.00","OK"
"8l0nw","1.00","OK"
"8l0p1","0.29","OK"
"8l0p8","0.00","OK"
"8l0q6","0.31","Fraud"
"8l0r9","0.00","OK"
"8l0rb","0.44","Fraud"
"8l0rp","0.44","OK"
"8l0rq","0.44","OK"
"8l0rr","0.31","OK"
"8l0sm","0.48","OK"
"8l0sw","0.63","OK"
"8l0t1","0.19","OK"
"8l0t3","1.00","OK"
"8l0t6","0.20","OK"
"8l0td","0.00","OK"
"8l0ty","0.67","OK"
"8l0u5","0.75","OK"
"8l0uu","0.08","OK"
"8l0v8","0.79","Observation"
"8l0v9","0.99","OK"
"8l0w0","1.00","OK"
"8l0wx","0.22","OK"
"8l0wz","0.00","OK"
"8l0x3","0.58","OK"
"8l0x4","0.00","OK"
"8l0x9","1.00","OK"
